[Licensing::Module] Trying to connect to existing licensing client channel...
Built from '6000.4/staging' branch; Version is '6000.4.2f1 (7a4c1aeef971) revision 8014874'; Using compiler version '194234433'; Build Type 'Release'
OS: 'Windows 11  (10.0.26200) Professional' Language: 'en' Physical Memory: 32343 MB
BatchMode: 1, IsHumanControllingUs: 0, StartBugReporterOnCrash: 0, Is64bit: 1
System  architecture: x64
Process architecture: x64
[Licensing::IpcConnector] Successfully connected to: "LicenseClient-Computer" at "2026-04-14T11:42:03.4402057Z"
Date: 2026-04-14T11:42:03Z

COMMAND LINE ARGUMENTS:
C:\Program Files\Unity\Hub\Editor\6000.4.2f1\Editor\Unity.exe
-adb2
-batchMode
-noUpm
-name
AssetImportWorker2
-projectPath
D:/_Unity/Privatno/Space-Shooter-Vertical/Space Shooter Vertical
-logFile
Logs/AssetImportWorker2.log
-srvPort
64928
-licensingIpc
LicenseClient-Computer
-force-d3d12
-job-worker-count
5
-background-job-worker-count
8
-gc-helper-count
1
-name
AssetImport
Successfully changed project path to: D:/_Unity/Privatno/Space-Shooter-Vertical/Space Shooter Vertical
D:/_Unity/Privatno/Space-Shooter-Vertical/Space Shooter Vertical
[UnityMemory] Configuration Parameters - Can be set up in boot.config
    "memorysetup-temp-allocator-size-gi-baking-worker=262144"
    "memorysetup-temp-allocator-size-gi-baking-worker=262144"
    "memorysetup-temp-allocator-size-gi-baking-worker=262144"
    "memorysetup-temp-allocator-size-gi-baking-worker=262144"
    "memorysetup-temp-allocator-size-gi-baking-worker=262144"
    "memorysetup-temp-allocator-size-nav-mesh-worker=65536"
    "memorysetup-temp-allocator-size-audio-worker=65536"
    "memorysetup-temp-allocator-size-cloud-worker=32768"
    "memorysetup-temp-allocator-size-gfx=262144"
    "memorysetup-temp-allocator-size-preload-manager=33554432"
    "memorysetup-temp-allocator-size-job-worker=262144"
    "memorysetup-temp-allocator-size-background-worker=32768"
    "memorysetup-allocator-temp-initial-block-size-main=262144"
    "memorysetup-allocator-temp-initial-block-size-worker=262144"
    "memorysetup-bucket-allocator-granularity=16"
    "memorysetup-bucket-allocator-bucket-count=8"
    "memorysetup-bucket-allocator-block-size=33554432"
    "memorysetup-bucket-allocator-block-count=8"
    "memorysetup-main-allocator-block-size=16777216"
    "memorysetup-thread-allocator-block-size=16777216"
    "memorysetup-gfx-main-allocator-block-size=16777216"
    "memorysetup-gfx-thread-allocator-block-size=16777216"
    "memorysetup-cache-allocator-block-size=4194304"
    "memorysetup-typetree-allocator-block-size=2097152"
    "memorysetup-profiler-bucket-allocator-granularity=16"
    "memorysetup-profiler-bucket-allocator-bucket-count=8"
    "memorysetup-profiler-bucket-allocator-block-size=33554432"
    "memorysetup-profiler-bucket-allocator-block-count=8"
    "memorysetup-profiler-allocator-block-size=16777216"
    "memorysetup-profiler-editor-allocator-block-size=1048576"
    "memorysetup-temp-allocator-size-main=16777216"
    "memorysetup-job-temp-allocator-block-size=2097152"
    "memorysetup-job-temp-allocator-block-size-background=1048576"
    "memorysetup-job-temp-allocator-reduction-small-platforms=262144"
Player connection [27792]  Target information:

Player connection [27792]  * "[IP] 192.168.1.169 [Port] 0 [Flags] 2 [Guid] 2042051684 [EditorId] 2042051684 [Version] 1048832 [Id] WindowsEditor(7,DESKTOP-67MFE66) [Debug] 1 [PackageName] WindowsEditor [ProjectName] Editor" 

Player connection [27792]  * "[IP] 10.234.169.131 [Port] 0 [Flags] 2 [Guid] 2042051684 [EditorId] 2042051684 [Version] 1048832 [Id] WindowsEditor(7,DESKTOP-67MFE66) [Debug] 1 [PackageName] WindowsEditor [ProjectName] Editor" 

Player connection [27792] Host joined multi-casting on [225.0.0.222:54997]...
Player connection [27792] Host joined alternative multi-casting on [225.0.0.222:34997]...
JobSystem: Creating JobQueue using job-worker-count value 5
Input System module state changed to: Initialized.
[Physics::Module] Initialized fallback backend.
[Physics::Module] Id: 0xdecafbad
Library Redirect Path: Library/
[Physics::Module] Selected backend.
[Physics::Module] Name: PhysX
[Physics::Module] Id: 0xf2b8ea05
[Physics::Module] SDK Version: 4.1.2
[Physics::Module] Integration Version: 1.0.0
[Physics::Module] Threading Mode: Multi-Threaded
Initialize engine version: 6000.4.2f1 (7a4c1aeef971)
[Subsystems] Discovering subsystems at path C:/Program Files/Unity/Hub/Editor/6000.4.2f1/Editor/Data/Resources/UnitySubsystems
[Subsystems] Discovering subsystems at path D:/_Unity/Privatno/Space-Shooter-Vertical/Space Shooter Vertical/Assets
Forcing GfxDevice: Direct3D 12
GfxDevice: creating device client; kGfxThreadingModeNonThreaded
d3d12: failed to query info queue interface (0x80004002).
Direct3D:
    Version:         Direct3D 12 [level 12.2]
    Renderer:        NVIDIA GeForce RTX 5060 Ti (ID=0x2d04)
    Vendor:          NVIDIA
    VRAM:            16050 MB
    App VRAM Budget: 15282 MB
    Driver:          32.0.15.9597
Initialize mono
Mono path[0] = 'C:/Program Files/Unity/Hub/Editor/6000.4.2f1/Editor/Data/Managed'
Mono path[1] = 'C:/Program Files/Unity/Hub/Editor/6000.4.2f1/Editor/Data/MonoBleedingEdge/lib/mono/unityjit-win32'
Mono config path = 'C:/Program Files/Unity/Hub/Editor/6000.4.2f1/Editor/Data/MonoBleedingEdge/etc'
Using monoOptions --debugger-agent=transport=dt_socket,embedding=1,server=y,suspend=n,address=127.0.0.1:56464
CodeReloadManager initialized
Begin MonoManager ReloadAssembly
[Licensing::Client] Error: HandshakeResponse reported an error:
	ResponseCode: 505
	ResponseStatus: Unsupported protocol version '1.18.1'.
[Licensing::Module] Error: Failed to handshake to channel: "LicenseClient-Computer"
[Licensing::IpcConnector] LicenseClient-Computer channel disconnected successfully.
[Licensing::IpcConnector] Successfully connected to: "LicenseClient-Computer-6000.4.2" at "2026-04-14T11:42:04.5360677Z"
Registering precompiled unity dll's ...
Register platform support module: C:/Program Files/Unity/Hub/Editor/6000.4.2f1/Editor/Data/PlaybackEngines/WindowsStandaloneSupport/UnityEditor.WindowsStandalone.Extensions.dll
Registered in 0.002116 seconds.
Native extension for WindowsStandalone target not found
Package Manager log level set to [2]
[Package Manager] Failed to launch server process. Reason: Unity was launched with the -noUpm command-line argument
[Package Manager] Unable to send message (not connected to server process).
[Package Manager] Cannot connect to Unity Package Manager local server
ScheduleIndexationOnStartup MainProcess:False IndexOnStartup:True
Mono: successfully reloaded assembly
[Licensing::Client] Handshaking with LicensingClient:
  Version:                 1.18.1+9fbee8e
  Session Id:              e3fc501c827d4f95a0bd35de45c5ad1e
  Correlation Id:          fe7b09e5168864bc7498106c49600516
  External correlation Id: 7391004049228459189
  Machine Id:              svrCWGphkw6ZPjLamqagKt4E2H4=
[Licensing::Module] Successfully connected to LicensingClient on channel: "LicenseClient-Computer-6000.4.2" (connect: 0.00s, validation: 0.00s, handshake: 0.98s)
[Licensing::IpcConnector] Successfully connected to: "LicenseClient-Computer-6000.4.2-notifications" at "2026-04-14T11:42:05.5150364Z"
[Licensing::Module] Licensing Background thread has ended after 2.08s
- Finished resetting the current domain, in  0.444 seconds
Domain Reload Profiling: 995ms
	BeginReloadAssembly (161ms)
	RebuildCommonClasses (44ms)
	RebuildNativeTypeToScriptingClass (17ms)
	initialDomainReloadingComplete (91ms)
	LoadAllAssembliesAndSetupDomain (236ms)
		LoadAssemblies (153ms)
		AnalyzeDomain (227ms)
			TypeCache.Refresh (225ms)
				TypeCache.ScanAssembly (207ms)
	FinalizeReload (445ms)
		SetupLoadedEditorAssemblies (0ms)
			InitializePlatformSupportModulesInManaged (56ms)
			BeforeProcessingInitializeOnLoad (94ms)
			ProcessInitializeOnLoadAttributes (120ms)
			ProcessInitializeOnLoadMethodAttributes (101ms)
========================================================================
Worker process is ready to serve import requests
Import Worker Mode flag is 0x00
Begin MonoManager ReloadAssembly
[Licensing::Client] Successfully resolved entitlement details
[Licensing::Module] License group:
  Id: 6872158064246-UnityPersXXXX
  Product: Unity Personal
  Type: Assigned
  Expiration: Unlimited
Assembly Assembly-CSharp-Editor.dll at Library/ScriptAssemblies/Assembly-CSharp-Editor.dll not valid. Loading of assembly skipped.
Assembly DocCodeExamples.dll at Library/ScriptAssemblies/DocCodeExamples.dll not valid. Loading of assembly skipped.
Assembly TestNewCustomAssembly.dll at Library/ScriptAssemblies/TestNewCustomAssembly.dll not valid. Loading of assembly skipped.
Assembly Unity.Multiplayer.Center.Editor.Tests.dll at Library/ScriptAssemblies/Unity.Multiplayer.Center.Editor.Tests.dll not valid. Loading of assembly skipped.
Assembly Unity.Multiplayer.Center.Tests.dll at Library/ScriptAssemblies/Unity.Multiplayer.Center.Tests.dll not valid. Loading of assembly skipped.
Assembly Unity.Postprocessing.Editor.Tests.dll at Library/ScriptAssemblies/Unity.Postprocessing.Editor.Tests.dll not valid. Loading of assembly skipped.
Assembly Unity.Postprocessing.Runtime.Tests.dll at Library/ScriptAssemblies/Unity.Postprocessing.Runtime.Tests.dll not valid. Loading of assembly skipped.
Assembly Unity.TextMeshPro.Editor.Tests.dll at Library/ScriptAssemblies/Unity.TextMeshPro.Editor.Tests.dll not valid. Loading of assembly skipped.
Assembly Unity.TextMeshPro.Tests.dll at Library/ScriptAssemblies/Unity.TextMeshPro.Tests.dll not valid. Loading of assembly skipped.
Assembly UnityEditor.UI.Common.Tests.dll at Library/ScriptAssemblies/UnityEditor.UI.Common.Tests.dll not valid. Loading of assembly skipped.
Assembly UnityEditor.UI.EditorTests.dll at Library/ScriptAssemblies/UnityEditor.UI.EditorTests.dll not valid. Loading of assembly skipped.
Assembly UnityEngine.UI.Tests.dll at Library/ScriptAssemblies/UnityEngine.UI.Tests.dll not valid. Loading of assembly skipped.
Native extension for WindowsStandalone target not found
[Package Manager] Failed to launch server process. Reason: Unity was launched with the -noUpm command-line argument
[Package Manager] Unable to send message (not connected to server process).
[Package Manager] Cannot connect to Unity Package Manager local server
[Package Manager] Failed to launch server process. Reason: Unity was launched with the -noUpm command-line argument
[Package Manager] Unable to send message (not connected to server process).
[Package Manager] Cannot connect to Unity Package Manager local server
ScheduleIndexationOnStartup MainProcess:False IndexOnStartup:True
Mono: successfully reloaded assembly
- Finished resetting the current domain, in  0.434 seconds
Domain Reload Profiling: 994ms
	BeginReloadAssembly (188ms)
		DisableScriptedObjects (7ms)
		CreateAndSetChildDomain (35ms)
	RebuildCommonClasses (40ms)
	RebuildNativeTypeToScriptingClass (13ms)
	initialDomainReloadingComplete (56ms)
	LoadAllAssembliesAndSetupDomain (263ms)
		LoadAssemblies (258ms)
		AnalyzeDomain (105ms)
			TypeCache.Refresh (82ms)
				TypeCache.ScanAssembly (73ms)
			BuildScriptInfoCaches (18ms)
			ResolveRequiredComponents (3ms)
	FinalizeReload (434ms)
		SetupLoadedEditorAssemblies (0ms)
			BeforeProcessingInitializeOnLoad (83ms)
			ProcessInitializeOnLoadAttributes (194ms)
			ProcessInitializeOnLoadMethodAttributes (35ms)
			AfterProcessingInitializeOnLoad (7ms)
		AwakeInstancesAfterBackupRestoration (6ms)
WARNING: Shader Unsupported: 'Toon/Lit Outline' - All subshaders removed
WARNING: Shader Did you use #pragma only_renderers and omit this platform?
WARNING: Shader If subshaders removal was intentional, you may have forgotten turning Fallback off?
WARNING: Shader Unsupported: 'Toon/Basic Outline' - All subshaders removed
WARNING: Shader Did you use #pragma only_renderers and omit this platform?
WARNING: Shader If subshaders removal was intentional, you may have forgotten turning Fallback off?
Launched and connected shader compiler UnityShaderCompiler.exe after 0.01 seconds
Unloading 14 Unused Serialized files (Serialized files now loaded: 0)
Unloading 2270 unused Assets / (3.5 MB). Loaded Objects now: 2910.
Memory consumption went from 96.8 MB to 93.3 MB.
Total: 6.799900 ms (FindLiveObjects: 0.459300 ms CreateObjectMapping: 0.337300 ms MarkObjects: 4.137000 ms  DeleteObjects: 1.863900 ms)

========================================================================
Received Import Request.
  Time since last request: 2402.588279 seconds.
  path: Assets/Prefab/Enemy.prefab
  importAddress: Guid(a50a085ee9c3e4145852237b68457264) Importer(2089858483,b0f066a214c2f5e87bad3c948f4d605d)
Start importing Assets/Prefab/Enemy.prefab using Guid(a50a085ee9c3e4145852237b68457264) Importer(2089858483,b0f066a214c2f5e87bad3c948f4d605d) (ScriptedImporter) -> (Import Result ID: 'e05936e649e9d5bc8f3439a6054b7024') in 0.1394957 seconds [static and dynamic dependencies]. Details - ImportResultOutputID=86bd9e2345b90cfe9d208bd5582c24ff DependenciesID=ad7234ba8f15d4b4aa1de07dbf61d999 StaticDependenciesID=c66b99cb1c39587bc4429b0c28eaab4d 
Number of updated asset objects reloaded before import = 0Number of asset objects unloaded after import = 19

========================================================================
Received Import Request.
  Time since last request: 0.000023 seconds.
  path: Assets/Animations/Enemy/Explosion.controller
  importAddress: Guid(5ca72d1b94a3e434bb3050b44b426412) Importer(2089858483,b0f066a214c2f5e87bad3c948f4d605d)
Start importing Assets/Animations/Enemy/Explosion.controller using Guid(5ca72d1b94a3e434bb3050b44b426412) Importer(2089858483,b0f066a214c2f5e87bad3c948f4d605d) (ScriptedImporter) -> (Import Result ID: '71eaccced10beac19304a67cd32014be') in 0.0107128 seconds [static and dynamic dependencies]. Details - ImportResultOutputID=d5ae7f9f33abf9cd2304bef84baafd5b DependenciesID=b12fd38a7ece7c773619fe3b4c30aa71 StaticDependenciesID=b3849fe67bfa6fc840d338773a6d0b02 
Number of updated asset objects reloaded before import = 0Number of asset objects unloaded after import = 4

========================================================================
Received Import Request.
  Time since last request: 0.000023 seconds.
  path: Assets/Sprites/Enemy_Explode_Sequence/EnemyTurnLeft0000_00001.png
  importAddress: Guid(5939592cd9b9f4335a4ee907fa989be4) Importer(2089858483,b0f066a214c2f5e87bad3c948f4d605d)
Start importing Assets/Sprites/Enemy_Explode_Sequence/EnemyTurnLeft0000_00001.png using Guid(5939592cd9b9f4335a4ee907fa989be4) Importer(2089858483,b0f066a214c2f5e87bad3c948f4d605d) (ScriptedImporter) -> (Import Result ID: '1c3cf207a00060fcdc879147ee3debd9') in 0.0352819 seconds [static and dynamic dependencies]. Details - ImportResultOutputID=cd968bafe7c42faa5aad29e7528a8e11 DependenciesID=642dca1a04e3d2afcf9841b17438db48 StaticDependenciesID=ffe0eeccc4cb03580f35d488e790bfeb 
Number of updated asset objects reloaded before import = 0Number of asset objects unloaded after import = 3

========================================================================
Received Import Request.
  Time since last request: 0.000017 seconds.
  path: Assets/Prefab/Ammo/Laser.prefab
  importAddress: Guid(e9140177c83e09e4482fcb9c0b21a617) Importer(2089858483,b0f066a214c2f5e87bad3c948f4d605d)
Start importing Assets/Prefab/Ammo/Laser.prefab using Guid(e9140177c83e09e4482fcb9c0b21a617) Importer(2089858483,b0f066a214c2f5e87bad3c948f4d605d) (ScriptedImporter) -> (Import Result ID: 'a8d37dbeae7a839b8ea851b8ee76e623') in 0.013048 seconds [static and dynamic dependencies]. Details - ImportResultOutputID=cd022dd88fb6a3e5d2f2eceb0b99eb17 DependenciesID=aa667959ed30fbafb9eb3449f61f89f4 StaticDependenciesID=5455dc2158286812142a69270c3a8a9a 
Number of updated asset objects reloaded before import = 0Number of asset objects unloaded after import = 10

========================================================================
Received Import Request.
  Time since last request: 0.000021 seconds.
  path: Assets/Script/UI/MainMenu.cs
  importAddress: Guid(88b0736d189e0c3459568130b0321a0e) Importer(2089858483,b0f066a214c2f5e87bad3c948f4d605d)
Start importing Assets/Script/UI/MainMenu.cs using Guid(88b0736d189e0c3459568130b0321a0e) Importer(2089858483,b0f066a214c2f5e87bad3c948f4d605d) (ScriptedImporter) -> (Import Result ID: '24ed9344ed5666bf396293e9580fbcde') in 0.0104 seconds [static and dynamic dependencies]. Details - ImportResultOutputID=957f719832bf3202c693bc596f3d0d49 DependenciesID=110f639c8eccad9346eae26079de1047 StaticDependenciesID=3371eff551d0d08d1823a926e39bdae5 
Number of updated asset objects reloaded before import = 0Number of asset objects unloaded after import = 0

========================================================================
Received Import Request.
  Time since last request: 0.000021 seconds.
  path: Assets/Sprites/Enemy_Explode_Sequence/EnemyTurnLeft0000_00007.png
  importAddress: Guid(76f79295758ed42e08496e40465300ff) Importer(2089858483,b0f066a214c2f5e87bad3c948f4d605d)
Start importing Assets/Sprites/Enemy_Explode_Sequence/EnemyTurnLeft0000_00007.png using Guid(76f79295758ed42e08496e40465300ff) Importer(2089858483,b0f066a214c2f5e87bad3c948f4d605d) (ScriptedImporter) -> (Import Result ID: 'e998f446859f88e04436822cae5090a3') in 0.0132591 seconds [static and dynamic dependencies]. Details - ImportResultOutputID=4eb461f530d44b2caad19c57ac3fc57c DependenciesID=675cefebd74ccf0a57e8cda19454809c StaticDependenciesID=4968c44c5106791a41f812bf9b5a31a9 
Number of updated asset objects reloaded before import = 0Number of asset objects unloaded after import = 3

========================================================================
Received Import Request.
  Time since last request: 0.000026 seconds.
  path: Assets/Scenes/Game_Profiles/Post Process Volume Profile.asset
  importAddress: Guid(5e89fd743a73c2d4d8b428e830707bfc) Importer(2089858483,b0f066a214c2f5e87bad3c948f4d605d)
Start importing Assets/Scenes/Game_Profiles/Post Process Volume Profile.asset using Guid(5e89fd743a73c2d4d8b428e830707bfc) Importer(2089858483,b0f066a214c2f5e87bad3c948f4d605d) (ScriptedImporter) -> (Import Result ID: 'c058dd505db1a140a43671b4ca67b8fb') in 0.015439 seconds [static and dynamic dependencies]. Details - ImportResultOutputID=44ad8b165bccdab80b5bd4ec284283fd DependenciesID=599f44f5b3b8569ddd346ed153ef8153 StaticDependenciesID=088c4fd706c4dda8373ec0ec63baab19 
Number of updated asset objects reloaded before import = 0Number of asset objects unloaded after import = 3

========================================================================
Received Import Request.
  Time since last request: 0.000016 seconds.
  path: Assets/Prefab/PowerUps/Speed_powerup.prefab
  importAddress: Guid(786ab7f10c85eb94aba4583a3c7939fe) Importer(2089858483,b0f066a214c2f5e87bad3c948f4d605d)
Start importing Assets/Prefab/PowerUps/Speed_powerup.prefab using Guid(786ab7f10c85eb94aba4583a3c7939fe) Importer(2089858483,b0f066a214c2f5e87bad3c948f4d605d) (ScriptedImporter) -> (Import Result ID: '89825f75162aa0fd2382e4d7e1b2d893') in 0.0223884 seconds [static and dynamic dependencies]. Details - ImportResultOutputID=8ffc4b44df6d0b5c6c36da33baf054ec DependenciesID=c507284db2ca64a3d6f2c351d74b4bdf StaticDependenciesID=edb5ea4ebe9ebae79136928f62952f7e 
Number of updated asset objects reloaded before import = 0Number of asset objects unloaded after import = 16

========================================================================
Received Import Request.
  Time since last request: 0.000030 seconds.
  path: Assets/Sprites/Enemy_Explode_Sequence/EnemyTurnLeft0000_00037.png
  importAddress: Guid(70771fbb1e694440bb9c8b8fc991df83) Importer(2089858483,b0f066a214c2f5e87bad3c948f4d605d)
Start importing Assets/Sprites/Enemy_Explode_Sequence/EnemyTurnLeft0000_00037.png using Guid(70771fbb1e694440bb9c8b8fc991df83) Importer(2089858483,b0f066a214c2f5e87bad3c948f4d605d) (ScriptedImporter) -> (Import Result ID: '15795bbc0bbfa0e7a5217212f1bbbca7') in 0.0133863 seconds [static and dynamic dependencies]. Details - ImportResultOutputID=72cebc8bc93dd31f81776a3da9584f1f DependenciesID=7feaa737f9f98c336ca3cc4c7b55d4b5 StaticDependenciesID=6c2cf8ecce8239518ff8d148894249a9 
Number of updated asset objects reloaded before import = 0Number of asset objects unloaded after import = 3

========================================================================
Received Import Request.
  Time since last request: 0.000022 seconds.
  path: Assets/Animations/Player/Player_hurt.anim
  importAddress: Guid(6ed1bcf86771515409b3802e14284992) Importer(2089858483,b0f066a214c2f5e87bad3c948f4d605d)
Start importing Assets/Animations/Player/Player_hurt.anim using Guid(6ed1bcf86771515409b3802e14284992) Importer(2089858483,b0f066a214c2f5e87bad3c948f4d605d) (ScriptedImporter) -> (Import Result ID: '7d50eb51d6bf542f9f187bedeca52670') in 0.0151276 seconds [static and dynamic dependencies]. Details - ImportResultOutputID=f8f58c947d287d61e8f65d907cd4f13f DependenciesID=e67bd9f33ddb8d18c54f12a0e08952b6 StaticDependenciesID=d99322fd40dbc0bfb04654305a849205 
Number of updated asset objects reloaded before import = 0Number of asset objects unloaded after import = 1

========================================================================
Received Import Request.
  Time since last request: 0.000025 seconds.
  path: Assets/Script/Player/Player.cs
  importAddress: Guid(561e4319a3a8ac54fb9e8a904c86cc12) Importer(2089858483,b0f066a214c2f5e87bad3c948f4d605d)
Start importing Assets/Script/Player/Player.cs using Guid(561e4319a3a8ac54fb9e8a904c86cc12) Importer(2089858483,b0f066a214c2f5e87bad3c948f4d605d) (ScriptedImporter) -> (Import Result ID: '2b6ee66c3cc1ee0c32be95f4e1027153') in 0.008832 seconds [static and dynamic dependencies]. Details - ImportResultOutputID=7db5cff4722dc88072dcbb4e29a057f7 DependenciesID=0e640ab50bce3c80dd43122deea87129 StaticDependenciesID=64b28ffa2ad4e06e335e67f1f1dd343a 
Number of updated asset objects reloaded before import = 0Number of asset objects unloaded after import = 0

========================================================================
Received Import Request.
  Time since last request: 0.000094 seconds.
  path: Assets/Script/Explosion.cs
  importAddress: Guid(b05c357e5e46b1b42b92180201258fe6) Importer(2089858483,b0f066a214c2f5e87bad3c948f4d605d)
Start importing Assets/Script/Explosion.cs using Guid(b05c357e5e46b1b42b92180201258fe6) Importer(2089858483,b0f066a214c2f5e87bad3c948f4d605d) (ScriptedImporter) -> (Import Result ID: '665122d33064a5d958e2f93f0a56ada2') in 0.0073374 seconds [static and dynamic dependencies]. Details - ImportResultOutputID=c07d54b062ac8098778b2b5bea2fbe2d DependenciesID=a84ccb99f377eed99d0213859269abe0 StaticDependenciesID=34ee77fbcdfb4bdb4cb5ff107e5e1be7 
Number of updated asset objects reloaded before import = 0Number of asset objects unloaded after import = 0

========================================================================
Received Import Request.
  Time since last request: 0.000024 seconds.
  path: Assets/Animations/Enemy/Enemy.controller
  importAddress: Guid(47182199c9db76b49aaacf7ff2a9cca6) Importer(2089858483,b0f066a214c2f5e87bad3c948f4d605d)
Start importing Assets/Animations/Enemy/Enemy.controller using Guid(47182199c9db76b49aaacf7ff2a9cca6) Importer(2089858483,b0f066a214c2f5e87bad3c948f4d605d) (ScriptedImporter) -> (Import Result ID: 'f5f374de9d288e2f2f2d7a2b52e2c4b4') in 0.0083317 seconds [static and dynamic dependencies]. Details - ImportResultOutputID=05080d50ed4b611c2f9883ce0db03718 DependenciesID=38278b24d73839bde575dd30a0da7e1b StaticDependenciesID=abe326c81ac7b2a337b4971d96f9d95e 
Number of updated asset objects reloaded before import = 0Number of asset objects unloaded after import = 6

========================================================================
Received Import Request.
  Time since last request: 0.000018 seconds.
  path: Assets/Sprites/Enemy_Explode_Sequence/EnemyTurnLeft0000_00043.png
  importAddress: Guid(6d4c0556a3f974428932e40ffc448eb0) Importer(2089858483,b0f066a214c2f5e87bad3c948f4d605d)
Start importing Assets/Sprites/Enemy_Explode_Sequence/EnemyTurnLeft0000_00043.png using Guid(6d4c0556a3f974428932e40ffc448eb0) Importer(2089858483,b0f066a214c2f5e87bad3c948f4d605d) (ScriptedImporter) -> (Import Result ID: 'bd40e7d5d58bbc19f58636b3044a174f') in 0.012535 seconds [static and dynamic dependencies]. Details - ImportResultOutputID=4a0b39bf0616c74b8c4d53e7a6b85032 DependenciesID=02b29df4a0697f1529dbe96673da8ebb StaticDependenciesID=3fc11e0948c1c142630169e77546b172 
Number of updated asset objects reloaded before import = 0Number of asset objects unloaded after import = 3

========================================================================
Received Import Request.
  Time since last request: 0.000018 seconds.
  path: Assets/Sprites/Enemy_Explode_Sequence/EnemyTurnLeft0000_00004.png
  importAddress: Guid(f574bd8eb232a4689af64e1d5dc05a21) Importer(2089858483,b0f066a214c2f5e87bad3c948f4d605d)
Start importing Assets/Sprites/Enemy_Explode_Sequence/EnemyTurnLeft0000_00004.png using Guid(f574bd8eb232a4689af64e1d5dc05a21) Importer(2089858483,b0f066a214c2f5e87bad3c948f4d605d) (ScriptedImporter) -> (Import Result ID: 'dc99fde6b40e2ddd72c7c0b48fe4fb3c') in 0.0122277 seconds [static and dynamic dependencies]. Details - ImportResultOutputID=469d7b6060ec38a86365faf3b9bb9f20 DependenciesID=75f085f2088747f5cdd6ff96bc7cb87b StaticDependenciesID=6d85cce274e6d230350bf8afe9701c06 
Number of updated asset objects reloaded before import = 0Number of asset objects unloaded after import = 3

========================================================================
Received Import Request.
  Time since last request: 0.000021 seconds.
  path: Assets/Script/Manager/UIManager.cs
  importAddress: Guid(6f0340e348512214ca993b6390c3c218) Importer(2089858483,b0f066a214c2f5e87bad3c948f4d605d)
Start importing Assets/Script/Manager/UIManager.cs using Guid(6f0340e348512214ca993b6390c3c218) Importer(2089858483,b0f066a214c2f5e87bad3c948f4d605d) (ScriptedImporter) -> (Import Result ID: '793a6da086992e2ceae0597214b822b8') in 0.0082125 seconds [static and dynamic dependencies]. Details - ImportResultOutputID=4ff14909a3566e63f420b6c2751c4f95 DependenciesID=f035ea6bbbae22571c68082b639ab443 StaticDependenciesID=ecf4ad0c32cfccc89ae24a1ad2eb63d0 
Number of updated asset objects reloaded before import = 0Number of asset objects unloaded after import = 0

========================================================================
Received Import Request.
  Time since last request: 0.000069 seconds.
  path: Assets/Materials/Enemy_mat.mat
  importAddress: Guid(638f183d2bbc1864d8fce8dfdc0f4023) Importer(2089858483,b0f066a214c2f5e87bad3c948f4d605d)
Start importing Assets/Materials/Enemy_mat.mat using Guid(638f183d2bbc1864d8fce8dfdc0f4023) Importer(2089858483,b0f066a214c2f5e87bad3c948f4d605d) (ScriptedImporter) -> (Import Result ID: '22c3fc811d8c0450ec877ac7c7ef0311') in 0.021556 seconds [static and dynamic dependencies]. Details - ImportResultOutputID=15240160db891ae9e4eae8dbdb8d96c2 DependenciesID=47c43471c7af5b5cd2ffaf13314ee128 StaticDependenciesID=5722c41eed5451fd3352e40cdcb325bc 
Number of updated asset objects reloaded before import = 0Number of asset objects unloaded after import = 1

========================================================================
Received Import Request.
  Time since last request: 0.000047 seconds.
  path: Assets/Sprites/Enemy_Explode_Sequence/EnemyTurnLeft0000_00021.png
  importAddress: Guid(b6f702cc69c29475281763ec8ae74c34) Importer(2089858483,b0f066a214c2f5e87bad3c948f4d605d)
Start importing Assets/Sprites/Enemy_Explode_Sequence/EnemyTurnLeft0000_00021.png using Guid(b6f702cc69c29475281763ec8ae74c34) Importer(2089858483,b0f066a214c2f5e87bad3c948f4d605d) (ScriptedImporter) -> (Import Result ID: 'a51fa8ad6bfe2ed68683b72bfe402e75') in 0.0125772 seconds [static and dynamic dependencies]. Details - ImportResultOutputID=afee8bf4d908023af54f4d0b8ed61509 DependenciesID=0524cc752070791c897121dc405dc461 StaticDependenciesID=c35468472810b55e606765c0f513199a 
Number of updated asset objects reloaded before import = 0Number of asset objects unloaded after import = 3

========================================================================
Received Import Request.
  Time since last request: 0.000016 seconds.
  path: Assets/Sprites/Enemy_Explode_Sequence/EnemyTurnLeft0000_00047.png
  importAddress: Guid(c2c519595e9f449f5ab702e9b5fda6c8) Importer(2089858483,b0f066a214c2f5e87bad3c948f4d605d)
Start importing Assets/Sprites/Enemy_Explode_Sequence/EnemyTurnLeft0000_00047.png using Guid(c2c519595e9f449f5ab702e9b5fda6c8) Importer(2089858483,b0f066a214c2f5e87bad3c948f4d605d) (ScriptedImporter) -> (Import Result ID: 'ab415bfabe4c526a5ddfc73e2abacac6') in 0.0123015 seconds [static and dynamic dependencies]. Details - ImportResultOutputID=f39aa040050c4396120790a12250b258 DependenciesID=0a25c273e85437775ec79d1aa433da23 StaticDependenciesID=d5a81c2966a5d4086a455c7f4a9bbd0d 
Number of updated asset objects reloaded before import = 0Number of asset objects unloaded after import = 3

========================================================================
Received Import Request.
  Time since last request: 0.000020 seconds.
  path: Assets/Animations/Enemy/Enemy_destroy.anim
  importAddress: Guid(fc1462c85a6b599439a8534040aafcab) Importer(2089858483,b0f066a214c2f5e87bad3c948f4d605d)
Start importing Assets/Animations/Enemy/Enemy_destroy.anim using Guid(fc1462c85a6b599439a8534040aafcab) Importer(2089858483,b0f066a214c2f5e87bad3c948f4d605d) (ScriptedImporter) -> (Import Result ID: '928927e2b57240bc077a5530c08f684e') in 0.0169789 seconds [static and dynamic dependencies]. Details - ImportResultOutputID=114910fe8f3080c44f6158e4ad6544fd DependenciesID=7428a656796be93931e67da38919955e StaticDependenciesID=9f068fb54e562e56b07438999f83bf2b 
Number of updated asset objects reloaded before import = 0Number of asset objects unloaded after import = 1

========================================================================
Received Import Request.
  Time since last request: 0.000020 seconds.
  path: Assets/Prefab/PowerUps/Shield_powerup.prefab
  importAddress: Guid(114cabc13dca8c24a834ec00e5672066) Importer(2089858483,b0f066a214c2f5e87bad3c948f4d605d)
Start importing Assets/Prefab/PowerUps/Shield_powerup.prefab using Guid(114cabc13dca8c24a834ec00e5672066) Importer(2089858483,b0f066a214c2f5e87bad3c948f4d605d) (ScriptedImporter) -> (Import Result ID: '8033f507e0979ffc11cd41311619908e') in 0.0163096 seconds [static and dynamic dependencies]. Details - ImportResultOutputID=ed3f24563f706eb80f71ec3c490672d5 DependenciesID=66b542b329454b6c6317de8eb4e99c30 StaticDependenciesID=a308a0f42e5917506c1c317d94f4be49 
Number of updated asset objects reloaded before import = 0Number of asset objects unloaded after import = 16

========================================================================
Received Import Request.
  Time since last request: 0.000020 seconds.
  path: Assets/Script/Manager/SpawnManager.cs
  importAddress: Guid(38153c3eccf52534ba402caca2f0d6ef) Importer(2089858483,b0f066a214c2f5e87bad3c948f4d605d)
Start importing Assets/Script/Manager/SpawnManager.cs using Guid(38153c3eccf52534ba402caca2f0d6ef) Importer(2089858483,b0f066a214c2f5e87bad3c948f4d605d) (ScriptedImporter) -> (Import Result ID: '36c7a29c233bacc1e71395c4c838b986') in 0.0084957 seconds [static and dynamic dependencies]. Details - ImportResultOutputID=637ee930fe11de1a694a62780574c435 DependenciesID=4ae17461291767d8976417cb1a49f089 StaticDependenciesID=835088b4ae451988629df235375eac8c 
Number of updated asset objects reloaded before import = 0Number of asset objects unloaded after import = 0

========================================================================
Received Import Request.
  Time since last request: 0.000063 seconds.
  path: Assets/Sprites/Enemy_Explode_Sequence/EnemyTurnLeft0000_00046.png
  importAddress: Guid(9f2a35d3736344c738af9f9b349edd42) Importer(2089858483,b0f066a214c2f5e87bad3c948f4d605d)
Start importing Assets/Sprites/Enemy_Explode_Sequence/EnemyTurnLeft0000_00046.png using Guid(9f2a35d3736344c738af9f9b349edd42) Importer(2089858483,b0f066a214c2f5e87bad3c948f4d605d) (ScriptedImporter) -> (Import Result ID: 'd3a41b0d70a4308ef6ca92d420e6210b') in 0.0128498 seconds [static and dynamic dependencies]. Details - ImportResultOutputID=4f59cd479073ed85ba81585b3a40995b DependenciesID=644d066cd2bc299a6545fa2c2bf6b640 StaticDependenciesID=c7570805de6f0e6bcf24b9035ba3bba6 
Number of updated asset objects reloaded before import = 0Number of asset objects unloaded after import = 3

========================================================================
Received Import Request.
  Time since last request: 0.000017 seconds.
  path: Assets/Animations/Tripple Shot power up/TrippleShot.anim
  importAddress: Guid(da80c606d025354468e766c42f80bd22) Importer(2089858483,b0f066a214c2f5e87bad3c948f4d605d)
Start importing Assets/Animations/Tripple Shot power up/TrippleShot.anim using Guid(da80c606d025354468e766c42f80bd22) Importer(2089858483,b0f066a214c2f5e87bad3c948f4d605d) (ScriptedImporter) -> (Import Result ID: '86868d327eaa95d70f711dceee8d07ba') in 0.0093935 seconds [static and dynamic dependencies]. Details - ImportResultOutputID=147e4a7a6a6ee244e5d79aed19112b29 DependenciesID=dca19640eda2208034d46100938436d1 StaticDependenciesID=a595adb938a12ca8e2b3023ff79da507 
Number of updated asset objects reloaded before import = 0Number of asset objects unloaded after import = 1

========================================================================
Received Import Request.
  Time since last request: 0.000069 seconds.
  path: Assets/Script/Enemy/Enemy.cs
  importAddress: Guid(b718fb0930723d44aad8a5ceb101d85d) Importer(2089858483,b0f066a214c2f5e87bad3c948f4d605d)
Start importing Assets/Script/Enemy/Enemy.cs using Guid(b718fb0930723d44aad8a5ceb101d85d) Importer(2089858483,b0f066a214c2f5e87bad3c948f4d605d) (ScriptedImporter) -> (Import Result ID: '579ef7bba3fdbdb62af475e307c5841c') in 0.0081123 seconds [static and dynamic dependencies]. Details - ImportResultOutputID=aed57b44cbb506fd20d6e2c81b3d3b61 DependenciesID=d997036629bb9a4b5adfe1d0420338c3 StaticDependenciesID=ca8ec320adf70454306001119e77a0e0 
Number of updated asset objects reloaded before import = 0Number of asset objects unloaded after import = 0

========================================================================
Received Import Request.
  Time since last request: 0.000047 seconds.
  path: Assets/Audio/power_up_sound.wav
  importAddress: Guid(5ee343246919d2b4bba63ae629e95494) Importer(2089858483,b0f066a214c2f5e87bad3c948f4d605d)
Start importing Assets/Audio/power_up_sound.wav using Guid(5ee343246919d2b4bba63ae629e95494) Importer(2089858483,b0f066a214c2f5e87bad3c948f4d605d) (ScriptedImporter) -> (Import Result ID: '8f5088cf1bc050f8e6a33f1e6abb2b0c') in 0.0144191 seconds [static and dynamic dependencies]. Details - ImportResultOutputID=34ac266fe95d8e6444315fd31f15e3aa DependenciesID=66b588b61659c77c7aa0857606c145b0 StaticDependenciesID=004ec4df2cbde01414a81860c62651d1 
Number of updated asset objects reloaded before import = 0Number of asset objects unloaded after import = 1

========================================================================
Received Import Request.
  Time since last request: 0.516756 seconds.
  path: Assets/Sprites/Enemy_Explode_Sequence/EnemyTurnLeft0000_00050.png
  importAddress: Guid(6a8b3f96327a649b782eca76de0e14d1) Importer(2089858483,b0f066a214c2f5e87bad3c948f4d605d)
Start importing Assets/Sprites/Enemy_Explode_Sequence/EnemyTurnLeft0000_00050.png using Guid(6a8b3f96327a649b782eca76de0e14d1) Importer(2089858483,b0f066a214c2f5e87bad3c948f4d605d) (ScriptedImporter) -> (Import Result ID: '86aac62c25af22c06711dab8e97f6870') in 0.0123058 seconds [static and dynamic dependencies]. Details - ImportResultOutputID=a8e9a5f9ed8fca68828859630ed47ae7 DependenciesID=d82d3fbe2592c174d1c232703ef1af6a StaticDependenciesID=54ae7ad610fa4b2c94bdeb385567c77b 
Number of updated asset objects reloaded before import = 0Number of asset objects unloaded after import = 3

========================================================================
Received Import Request.
  Time since last request: 0.000018 seconds.
  path: Assets/Sprites/Enemy_Explode_Sequence/EnemyTurnLeft0000_00112.png
  importAddress: Guid(ebca4c98ce94943b3ac643f52e4fc7fd) Importer(2089858483,b0f066a214c2f5e87bad3c948f4d605d)
Start importing Assets/Sprites/Enemy_Explode_Sequence/EnemyTurnLeft0000_00112.png using Guid(ebca4c98ce94943b3ac643f52e4fc7fd) Importer(2089858483,b0f066a214c2f5e87bad3c948f4d605d) (ScriptedImporter) -> (Import Result ID: '408198b45db012c12f9d8643d19bf3f9') in 0.0118959 seconds [static and dynamic dependencies]. Details - ImportResultOutputID=c7d0d7850abee66790e5762070391f9c DependenciesID=fc8217cd0879e676dfe26c446ad760a8 StaticDependenciesID=97f8ed79858ae34bcc028b6f5b86ceb0 
Number of updated asset objects reloaded before import = 0Number of asset objects unloaded after import = 3

========================================================================
Received Import Request.
  Time since last request: 0.000020 seconds.
  path: Assets/Sprites/Enemy_Explode_Sequence/EnemyTurnLeft0000_00066.png
  importAddress: Guid(af9587812f0bb40f098799624c76c70e) Importer(2089858483,b0f066a214c2f5e87bad3c948f4d605d)
Start importing Assets/Sprites/Enemy_Explode_Sequence/EnemyTurnLeft0000_00066.png using Guid(af9587812f0bb40f098799624c76c70e) Importer(2089858483,b0f066a214c2f5e87bad3c948f4d605d) (ScriptedImporter) -> (Import Result ID: 'b21029a5566db9c44cdf23bb544655b7') in 0.0118848 seconds [static and dynamic dependencies]. Details - ImportResultOutputID=e78f1417fdf76aa3d5035f167f9370f6 DependenciesID=bd2fe07b919321d835e2a59248fa1c6f StaticDependenciesID=9229378e880336413ea498b396e7ee79 
Number of updated asset objects reloaded before import = 0Number of asset objects unloaded after import = 3

========================================================================
Received Import Request.
  Time since last request: 0.000018 seconds.
  path: Assets/Sprites/Enemy_Explode_Sequence/EnemyTurnLeft0000_00093.png
  importAddress: Guid(75bb75e0df2d4485f97d96511bd73be6) Importer(2089858483,b0f066a214c2f5e87bad3c948f4d605d)
Start importing Assets/Sprites/Enemy_Explode_Sequence/EnemyTurnLeft0000_00093.png using Guid(75bb75e0df2d4485f97d96511bd73be6) Importer(2089858483,b0f066a214c2f5e87bad3c948f4d605d) (ScriptedImporter) -> (Import Result ID: 'c12339a49f0a0f3178e26963916c5222') in 0.0124772 seconds [static and dynamic dependencies]. Details - ImportResultOutputID=67e31fee9944fec0164e2e55cbefad6c DependenciesID=d8892691c840f5e42d677893205529eb StaticDependenciesID=28125eb82021dcfcffd50cbd47996463 
Number of updated asset objects reloaded before import = 0Number of asset objects unloaded after import = 3

========================================================================
Received Import Request.
  Time since last request: 0.000013 seconds.
  path: Assets/Sprites/Enemy_Explode_Sequence/EnemyTurnLeft0000_00129.png
  importAddress: Guid(14449546fc0374a39b8756c3526a57a6) Importer(2089858483,b0f066a214c2f5e87bad3c948f4d605d)
Start importing Assets/Sprites/Enemy_Explode_Sequence/EnemyTurnLeft0000_00129.png using Guid(14449546fc0374a39b8756c3526a57a6) Importer(2089858483,b0f066a214c2f5e87bad3c948f4d605d) (ScriptedImporter) -> (Import Result ID: '36f5d42646c3385df367c8547e9ff240') in 0.0124729 seconds [static and dynamic dependencies]. Details - ImportResultOutputID=9919f88ca90d29889ff5f313338c6d8a DependenciesID=8b02637dbb7d7cffcf05fe5bf25c8a46 StaticDependenciesID=ea85026be007aa85031e5bd8151e13d0 
Number of updated asset objects reloaded before import = 0Number of asset objects unloaded after import = 3

========================================================================
Received Import Request.
  Time since last request: 0.000019 seconds.
  path: Assets/Sprites/Enemy_Explode_Sequence/EnemyTurnLeft0000_00115.png
  importAddress: Guid(c2708ced8d00b40e9b87fafdf60159c9) Importer(2089858483,b0f066a214c2f5e87bad3c948f4d605d)
Start importing Assets/Sprites/Enemy_Explode_Sequence/EnemyTurnLeft0000_00115.png using Guid(c2708ced8d00b40e9b87fafdf60159c9) Importer(2089858483,b0f066a214c2f5e87bad3c948f4d605d) (ScriptedImporter) -> (Import Result ID: '22c3ce8b3e5f913a07050a36040d6f16') in 0.011798 seconds [static and dynamic dependencies]. Details - ImportResultOutputID=04f486bd68ec3b5747302aa53f6ba1e1 DependenciesID=89e89dbc829dff28ebd20a63b1e3b41a StaticDependenciesID=b43f7b49790753d59d485f90ec80306f 
Number of updated asset objects reloaded before import = 0Number of asset objects unloaded after import = 3

========================================================================
Received Import Request.
  Time since last request: 0.000025 seconds.
  path: Assets/Sprites/Enemy_Explode_Sequence/EnemyTurnLeft0000_00145.png
  importAddress: Guid(7a9d67c43709d428585c006de18dd2b1) Importer(2089858483,b0f066a214c2f5e87bad3c948f4d605d)
Start importing Assets/Sprites/Enemy_Explode_Sequence/EnemyTurnLeft0000_00145.png using Guid(7a9d67c43709d428585c006de18dd2b1) Importer(2089858483,b0f066a214c2f5e87bad3c948f4d605d) (ScriptedImporter) -> (Import Result ID: '46d5d1969bfedfb51f48d56afdf72ff7') in 0.0124517 seconds [static and dynamic dependencies]. Details - ImportResultOutputID=378eb48bcf289b40167e04b87dda29e6 DependenciesID=36b7c495dddd306c10d021c7ec9fb0cb StaticDependenciesID=83ffbc0774cccd511548aaefdcb50e88 
Number of updated asset objects reloaded before import = 0Number of asset objects unloaded after import = 3

========================================================================
Received Import Request.
  Time since last request: 0.000016 seconds.
  path: Assets/Sprites/Enemy_Explode_Sequence/EnemyTurnLeft0000_00088.png
  importAddress: Guid(3919c0b26b48c445490500727b1400f5) Importer(2089858483,b0f066a214c2f5e87bad3c948f4d605d)
Start importing Assets/Sprites/Enemy_Explode_Sequence/EnemyTurnLeft0000_00088.png using Guid(3919c0b26b48c445490500727b1400f5) Importer(2089858483,b0f066a214c2f5e87bad3c948f4d605d) (ScriptedImporter) -> (Import Result ID: '4ccd519cf37b65cb35e0209703e9fc21') in 0.0119596 seconds [static and dynamic dependencies]. Details - ImportResultOutputID=8a60a2000950ead9d4317da8937aafb9 DependenciesID=152f9d09384f9f71fe0152b4174cdafd StaticDependenciesID=184194d1d959fef5dbc4a69a2030a7e4 
Number of updated asset objects reloaded before import = 0Number of asset objects unloaded after import = 3

========================================================================
Received Import Request.
  Time since last request: 0.000016 seconds.
  path: Assets/Sprites/Enemy_Explode_Sequence/EnemyTurnLeft0000_00111.png
  importAddress: Guid(ec0b64152df0746558b6de5443e91b79) Importer(2089858483,b0f066a214c2f5e87bad3c948f4d605d)
Start importing Assets/Sprites/Enemy_Explode_Sequence/EnemyTurnLeft0000_00111.png using Guid(ec0b64152df0746558b6de5443e91b79) Importer(2089858483,b0f066a214c2f5e87bad3c948f4d605d) (ScriptedImporter) -> (Import Result ID: '30387392668a75a17b149869c81d4dd5') in 0.0154429 seconds [static and dynamic dependencies]. Details - ImportResultOutputID=34fa00c2eb2b1e04a8db3b680dda6286 DependenciesID=c374e8ef44b27628328bbcb1dadbe109 StaticDependenciesID=1e51dae559c35c609fa0381c5c5a46b2 
Number of updated asset objects reloaded before import = 0Number of asset objects unloaded after import = 3

========================================================================
Received Import Request.
  Time since last request: 0.000016 seconds.
  path: Assets/Sprites/Enemy_Explode_Sequence/EnemyTurnLeft0000_00133.png
  importAddress: Guid(1151a885ef3de475983a9c99a7700a56) Importer(2089858483,b0f066a214c2f5e87bad3c948f4d605d)
Start importing Assets/Sprites/Enemy_Explode_Sequence/EnemyTurnLeft0000_00133.png using Guid(1151a885ef3de475983a9c99a7700a56) Importer(2089858483,b0f066a214c2f5e87bad3c948f4d605d) (ScriptedImporter) -> (Import Result ID: 'e66d45596c745eaf9074d19e7c52cb5a') in 0.0117239 seconds [static and dynamic dependencies]. Details - ImportResultOutputID=0ed0681398c948acc0dae7d5575c5fb3 DependenciesID=25295949c7282336d9e42b52b3ea8cd0 StaticDependenciesID=77fe3992fe971e5748c8260c0b32fd29 
Number of updated asset objects reloaded before import = 0Number of asset objects unloaded after import = 3

========================================================================
Received Import Request.
  Time since last request: 0.000019 seconds.
  path: Assets/Sprites/Enemy_Explode_Sequence/EnemyTurnLeft0000_00143.png
  importAddress: Guid(84643580c143947d693b68e50d125c6d) Importer(2089858483,b0f066a214c2f5e87bad3c948f4d605d)
Start importing Assets/Sprites/Enemy_Explode_Sequence/EnemyTurnLeft0000_00143.png using Guid(84643580c143947d693b68e50d125c6d) Importer(2089858483,b0f066a214c2f5e87bad3c948f4d605d) (ScriptedImporter) -> (Import Result ID: 'a68814b880680033fc3517c38a1ed805') in 0.0113043 seconds [static and dynamic dependencies]. Details - ImportResultOutputID=625946fa9ad9ca9ba47c540ae7829610 DependenciesID=83ca4e0595a395e8586d4b362268cacb StaticDependenciesID=4321ea023af96067548de4e3d0d8b4cd 
Number of updated asset objects reloaded before import = 0Number of asset objects unloaded after import = 3

========================================================================
Received Import Request.
  Time since last request: 0.000022 seconds.
  path: Assets/Sprites/Enemy_Explode_Sequence/EnemyTurnLeft0000_00120.png
  importAddress: Guid(998388ba3fe8948a38c5bdc4c0a07ddd) Importer(2089858483,b0f066a214c2f5e87bad3c948f4d605d)
Start importing Assets/Sprites/Enemy_Explode_Sequence/EnemyTurnLeft0000_00120.png using Guid(998388ba3fe8948a38c5bdc4c0a07ddd) Importer(2089858483,b0f066a214c2f5e87bad3c948f4d605d) (ScriptedImporter) -> (Import Result ID: 'dbd8ff3cdab52a04b45179eae8e207b3') in 0.0140918 seconds [static and dynamic dependencies]. Details - ImportResultOutputID=fe25924a7bca70f3f2573d003d72749d DependenciesID=6dd980cab7792b08bc9c39cb010f5326 StaticDependenciesID=d226f703bde38b2e6142a8ae8d630d4e 
Number of updated asset objects reloaded before import = 0Number of asset objects unloaded after import = 3

========================================================================
Received Import Request.
  Time since last request: 0.000021 seconds.
  path: Assets/Sprites/Enemy_Explode_Sequence/EnemyTurnLeft0000_00079.png
  importAddress: Guid(63bc29a8c12e6450893989f7f66125d5) Importer(2089858483,b0f066a214c2f5e87bad3c948f4d605d)
Start importing Assets/Sprites/Enemy_Explode_Sequence/EnemyTurnLeft0000_00079.png using Guid(63bc29a8c12e6450893989f7f66125d5) Importer(2089858483,b0f066a214c2f5e87bad3c948f4d605d) (ScriptedImporter) -> (Import Result ID: '748a8ec358ea9ecb7c65f6a4fd4350d6') in 0.0102273 seconds [static and dynamic dependencies]. Details - ImportResultOutputID=6b75ba592457d4e2f0786cedd5923590 DependenciesID=a07eb9ad39032ff8fa942ffd49bd8c47 StaticDependenciesID=5deffbc56ebb3f68fbb487977a80f34a 
Number of updated asset objects reloaded before import = 0Number of asset objects unloaded after import = 3

========================================================================
Received Import Request.
  Time since last request: 0.000019 seconds.
  path: Assets/Sprites/Enemy_Explode_Sequence/EnemyTurnLeft0000_00114.png
  importAddress: Guid(4f8e10640a4d14b3d815bc3c49332951) Importer(2089858483,b0f066a214c2f5e87bad3c948f4d605d)
Start importing Assets/Sprites/Enemy_Explode_Sequence/EnemyTurnLeft0000_00114.png using Guid(4f8e10640a4d14b3d815bc3c49332951) Importer(2089858483,b0f066a214c2f5e87bad3c948f4d605d) (ScriptedImporter) -> (Import Result ID: 'c87188fe188d6e92c95ecaf4a2c89cac') in 0.0107617 seconds [static and dynamic dependencies]. Details - ImportResultOutputID=c8043c87ef6480f6fac7ea415fae1108 DependenciesID=ae739814b2ef718f24f9b6ea5552f86e StaticDependenciesID=2bd430cf0e3c4c72af9be4b39efa7793 
Number of updated asset objects reloaded before import = 0Number of asset objects unloaded after import = 3

========================================================================
Received Import Request.
  Time since last request: 0.000016 seconds.
  path: Assets/Sprites/Enemy_Explode_Sequence/EnemyTurnLeft0000_00136.png
  importAddress: Guid(ad33bc097a57f46b4aa7b996a05f2380) Importer(2089858483,b0f066a214c2f5e87bad3c948f4d605d)
Start importing Assets/Sprites/Enemy_Explode_Sequence/EnemyTurnLeft0000_00136.png using Guid(ad33bc097a57f46b4aa7b996a05f2380) Importer(2089858483,b0f066a214c2f5e87bad3c948f4d605d) (ScriptedImporter) -> (Import Result ID: '5b79fc2d2c0ad4bfbc2d6bbe68b29006') in 0.0112246 seconds [static and dynamic dependencies]. Details - ImportResultOutputID=c182843ce368c1c6066b933c0bc33a07 DependenciesID=510a62db34d78c0ad0ea19e54f35cd8a StaticDependenciesID=420af5b5ddc65e3d293979e84d4e67de 
Number of updated asset objects reloaded before import = 0Number of asset objects unloaded after import = 3

========================================================================
Received Import Request.
  Time since last request: 0.000015 seconds.
  path: Assets/Sprites/Enemy_Explode_Sequence/EnemyTurnLeft0000_00060.png
  importAddress: Guid(f06672bbc5ae14710b126ec6b288c9ff) Importer(2089858483,b0f066a214c2f5e87bad3c948f4d605d)
Start importing Assets/Sprites/Enemy_Explode_Sequence/EnemyTurnLeft0000_00060.png using Guid(f06672bbc5ae14710b126ec6b288c9ff) Importer(2089858483,b0f066a214c2f5e87bad3c948f4d605d) (ScriptedImporter) -> (Import Result ID: '16a4fa7d9b707d74c1938bcd05ce8c90') in 0.0117317 seconds [static and dynamic dependencies]. Details - ImportResultOutputID=42ae25d6b0bd30fc510d0bd9a0accade DependenciesID=61093b40bb6c236937c6666f22b1eb2d StaticDependenciesID=656ae53859f1b544a175e237c2208c24 
Number of updated asset objects reloaded before import = 0Number of asset objects unloaded after import = 3

========================================================================
Received Import Request.
  Time since last request: 0.000021 seconds.
  path: Assets/Sprites/Enemy_Explode_Sequence/EnemyTurnLeft0000_00104.png
  importAddress: Guid(83deed78386d64b15b381c059bac0601) Importer(2089858483,b0f066a214c2f5e87bad3c948f4d605d)
Start importing Assets/Sprites/Enemy_Explode_Sequence/EnemyTurnLeft0000_00104.png using Guid(83deed78386d64b15b381c059bac0601) Importer(2089858483,b0f066a214c2f5e87bad3c948f4d605d) (ScriptedImporter) -> (Import Result ID: '13fbf938e37a5a7e184e8b7043e8d820') in 0.0133204 seconds [static and dynamic dependencies]. Details - ImportResultOutputID=09baec029a4f8734a7590e6631216a39 DependenciesID=bc9274fd795e6297c1c1c2f91217484e StaticDependenciesID=366ff50aebdb848ec4561746d4f7feec 
Number of updated asset objects reloaded before import = 0Number of asset objects unloaded after import = 3

========================================================================
Received Import Request.
  Time since last request: 0.000020 seconds.
  path: Assets/Sprites/Enemy_Explode_Sequence/EnemyTurnLeft0000_00063.png
  importAddress: Guid(f87c25168fe154cdb86b0679a3640b17) Importer(2089858483,b0f066a214c2f5e87bad3c948f4d605d)
Start importing Assets/Sprites/Enemy_Explode_Sequence/EnemyTurnLeft0000_00063.png using Guid(f87c25168fe154cdb86b0679a3640b17) Importer(2089858483,b0f066a214c2f5e87bad3c948f4d605d) (ScriptedImporter) -> (Import Result ID: 'd6326368a7e6afe110ecea60cb0c98bc') in 0.0118797 seconds [static and dynamic dependencies]. Details - ImportResultOutputID=2d31b9a57aa8bce2af7a883db9ae1084 DependenciesID=a5ccb42054c105fa625381232a0213f4 StaticDependenciesID=2a437047388426a9480c95e6ae0d6344 
Number of updated asset objects reloaded before import = 0Number of asset objects unloaded after import = 3

========================================================================
Received Import Request.
  Time since last request: 0.000016 seconds.
  path: Assets/Sprites/Enemy_Explode_Sequence/EnemyTurnLeft0000_00091.png
  importAddress: Guid(6e86d453d9f144c98849647c76dddbd3) Importer(2089858483,b0f066a214c2f5e87bad3c948f4d605d)
Start importing Assets/Sprites/Enemy_Explode_Sequence/EnemyTurnLeft0000_00091.png using Guid(6e86d453d9f144c98849647c76dddbd3) Importer(2089858483,b0f066a214c2f5e87bad3c948f4d605d) (ScriptedImporter) -> (Import Result ID: '26ad7f1104ddb4443d1abe4cbebb196f') in 0.0110907 seconds [static and dynamic dependencies]. Details - ImportResultOutputID=0e987a78965cd9afd626e5f0ee4dbbfc DependenciesID=81fece06f250128019f068df5281772d StaticDependenciesID=9c62d274da417b839cbea9071574eb18 
Number of updated asset objects reloaded before import = 0Number of asset objects unloaded after import = 3

========================================================================
Received Import Request.
  Time since last request: 0.000020 seconds.
  path: Assets/Sprites/Enemy_Explode_Sequence/EnemyTurnLeft0000_00142.png
  importAddress: Guid(e074f570f1116472f81285fffb357e2c) Importer(2089858483,b0f066a214c2f5e87bad3c948f4d605d)
Start importing Assets/Sprites/Enemy_Explode_Sequence/EnemyTurnLeft0000_00142.png using Guid(e074f570f1116472f81285fffb357e2c) Importer(2089858483,b0f066a214c2f5e87bad3c948f4d605d) (ScriptedImporter) -> (Import Result ID: '25336008a8c36fa7ccba3017e0c33471') in 0.0121439 seconds [static and dynamic dependencies]. Details - ImportResultOutputID=5d5044de211a2df25c5f9c201250494b DependenciesID=3edb3493268a6f87da7dc5c1bf253bbc StaticDependenciesID=1f7bf32049b9c5f8af859ae438d7f161 
Number of updated asset objects reloaded before import = 0Number of asset objects unloaded after import = 3

========================================================================
Received Import Request.
  Time since last request: 0.000017 seconds.
  path: Assets/Sprites/Enemy_Explode_Sequence/EnemyTurnLeft0000_00083.png
  importAddress: Guid(aa0c3b038518544f8889cefb3c4845a5) Importer(2089858483,b0f066a214c2f5e87bad3c948f4d605d)
Start importing Assets/Sprites/Enemy_Explode_Sequence/EnemyTurnLeft0000_00083.png using Guid(aa0c3b038518544f8889cefb3c4845a5) Importer(2089858483,b0f066a214c2f5e87bad3c948f4d605d) (ScriptedImporter) -> (Import Result ID: '25939f7fe50cd0d6a42f396e02a69260') in 0.0137613 seconds [static and dynamic dependencies]. Details - ImportResultOutputID=115172933c1ceb312553aea1273c3021 DependenciesID=044488cdb229d0ab2bd5a9d8281f796b StaticDependenciesID=008731dfc53d2436cc08f9bb3e8c59f2 
Number of updated asset objects reloaded before import = 0Number of asset objects unloaded after import = 3

========================================================================
Received Import Request.
  Time since last request: 0.000017 seconds.
  path: Assets/Sprites/Enemy_Explode_Sequence/EnemyTurnLeft0000_00058.png
  importAddress: Guid(c502cf324441c44eb9e358400809e67b) Importer(2089858483,b0f066a214c2f5e87bad3c948f4d605d)
Start importing Assets/Sprites/Enemy_Explode_Sequence/EnemyTurnLeft0000_00058.png using Guid(c502cf324441c44eb9e358400809e67b) Importer(2089858483,b0f066a214c2f5e87bad3c948f4d605d) (ScriptedImporter) -> (Import Result ID: '14e6dae7df3f8702f76dd434bbb56768') in 0.012218 seconds [static and dynamic dependencies]. Details - ImportResultOutputID=c5559ea5074f29911e8d38971bcced9d DependenciesID=816a4d3db1ed6f037ee8ac7de9f81f8f StaticDependenciesID=8d90009f6d52a82ec08a6209b59f75d9 
Number of updated asset objects reloaded before import = 0Number of asset objects unloaded after import = 3

========================================================================
Received Import Request.
  Time since last request: 0.000019 seconds.
  path: Assets/Sprites/Enemy_Explode_Sequence/EnemyTurnLeft0000_00132.png
  importAddress: Guid(492b613d1262b446f8c8e5130a4aaf8f) Importer(2089858483,b0f066a214c2f5e87bad3c948f4d605d)
Start importing Assets/Sprites/Enemy_Explode_Sequence/EnemyTurnLeft0000_00132.png using Guid(492b613d1262b446f8c8e5130a4aaf8f) Importer(2089858483,b0f066a214c2f5e87bad3c948f4d605d) (ScriptedImporter) -> (Import Result ID: 'c16d758e7d7a4ae2688c2af544c981d9') in 0.0123988 seconds [static and dynamic dependencies]. Details - ImportResultOutputID=fb61b66104f23206a0a718de662fe14e DependenciesID=f8546deaf60748fc01f321216afed833 StaticDependenciesID=720b0209a2e5d80bfe4e5cf795683069 
Number of updated asset objects reloaded before import = 0Number of asset objects unloaded after import = 3

========================================================================
Received Import Request.
  Time since last request: 0.000027 seconds.
  path: Assets/Sprites/Enemy_Explode_Sequence/EnemyTurnLeft0000_00130.png
  importAddress: Guid(204219265ff234b29a02de351879e27b) Importer(2089858483,b0f066a214c2f5e87bad3c948f4d605d)
Start importing Assets/Sprites/Enemy_Explode_Sequence/EnemyTurnLeft0000_00130.png using Guid(204219265ff234b29a02de351879e27b) Importer(2089858483,b0f066a214c2f5e87bad3c948f4d605d) (ScriptedImporter) -> (Import Result ID: '8764c698f0feb6c3d26454595c4220dc') in 0.0162302 seconds [static and dynamic dependencies]. Details - ImportResultOutputID=d98d95db6881ed25fb4524491e80f238 DependenciesID=7bf46952be55d1d805ca466485792cc3 StaticDependenciesID=d7d6316aa11e84691c246b07dfd06df8 
Number of updated asset objects reloaded before import = 0Number of asset objects unloaded after import = 3

========================================================================
Received Import Request.
  Time since last request: 0.000020 seconds.
  path: Assets/Sprites/Enemy_Explode_Sequence/EnemyTurnLeft0000_00128.png
  importAddress: Guid(d45eae35d3b4446a2b8c6e20d26853ea) Importer(2089858483,b0f066a214c2f5e87bad3c948f4d605d)
Start importing Assets/Sprites/Enemy_Explode_Sequence/EnemyTurnLeft0000_00128.png using Guid(d45eae35d3b4446a2b8c6e20d26853ea) Importer(2089858483,b0f066a214c2f5e87bad3c948f4d605d) (ScriptedImporter) -> (Import Result ID: '787146eef685f057adb5d4f198f5dbaf') in 0.0106303 seconds [static and dynamic dependencies]. Details - ImportResultOutputID=65eb125583def51e0ac8374d2e3faf44 DependenciesID=306f73d61eb8ae1d0b708c4527de4065 StaticDependenciesID=c65eed6bbf7af6234e33def49e79cabc 
Number of updated asset objects reloaded before import = 0Number of asset objects unloaded after import = 3

========================================================================
Received Import Request.
  Time since last request: 0.721335 seconds.
  path: Assets/Sprites/Enemy_Explode_Sequence/EnemyTurnLeft0000_00150.png
  importAddress: Guid(1a180dbb0fec44f4a857c1c3316cedab) Importer(2089858483,b0f066a214c2f5e87bad3c948f4d605d)
Start importing Assets/Sprites/Enemy_Explode_Sequence/EnemyTurnLeft0000_00150.png using Guid(1a180dbb0fec44f4a857c1c3316cedab) Importer(2089858483,b0f066a214c2f5e87bad3c948f4d605d) (ScriptedImporter) -> (Import Result ID: '1079cfac2efa1faa6d64fa9e5a3c8d3b') in 0.0127114 seconds [static and dynamic dependencies]. Details - ImportResultOutputID=974037eba902cd970bdbeb7a016041c1 DependenciesID=720c225ad5c0a74e813daa9f8786dc38 StaticDependenciesID=ecf0fd7c4d92980789fbac134783f770 
Number of updated asset objects reloaded before import = 0Number of asset objects unloaded after import = 3

========================================================================
Received Import Request.
  Time since last request: 0.000018 seconds.
  path: Assets/Sprites/Explosion/Explosion_00105.png
  importAddress: Guid(ea5ebee4522fe4d41a7fe73a4a9cc4e7) Importer(2089858483,b0f066a214c2f5e87bad3c948f4d605d)
Start importing Assets/Sprites/Explosion/Explosion_00105.png using Guid(ea5ebee4522fe4d41a7fe73a4a9cc4e7) Importer(2089858483,b0f066a214c2f5e87bad3c948f4d605d) (ScriptedImporter) -> (Import Result ID: '8566f80f9577482dad0bef69f52ebbc3') in 0.0119919 seconds [static and dynamic dependencies]. Details - ImportResultOutputID=c2881bf1ac3111332f0aa5a425f58ad6 DependenciesID=e2f376c1794117b75a828acb27c2a257 StaticDependenciesID=d4db8aa256306a0e4609211a603136d0 
Number of updated asset objects reloaded before import = 0Number of asset objects unloaded after import = 3

========================================================================
Received Import Request.
  Time since last request: 0.000020 seconds.
  path: Assets/Sprites/Explosion/Explosion_00027.png
  importAddress: Guid(0b8575480da734a70a059cf9eb025b81) Importer(2089858483,b0f066a214c2f5e87bad3c948f4d605d)
Start importing Assets/Sprites/Explosion/Explosion_00027.png using Guid(0b8575480da734a70a059cf9eb025b81) Importer(2089858483,b0f066a214c2f5e87bad3c948f4d605d) (ScriptedImporter) -> (Import Result ID: 'a188e8e6bb1f3aa1b05baa21e94c95ec') in 0.0114382 seconds [static and dynamic dependencies]. Details - ImportResultOutputID=b63fe899aba08552ca56c5a1613d7509 DependenciesID=304ed3635d1ac4f039eafd7c90c7cc6a StaticDependenciesID=358186cc0396aad8649cfde6384d62ff 
Number of updated asset objects reloaded before import = 0Number of asset objects unloaded after import = 3

========================================================================
Received Import Request.
  Time since last request: 0.000015 seconds.
  path: Assets/Sprites/Explosion/Explosion_00117.png
  importAddress: Guid(04bf236f930d14f8bac4fd95dd81cf84) Importer(2089858483,b0f066a214c2f5e87bad3c948f4d605d)
Start importing Assets/Sprites/Explosion/Explosion_00117.png using Guid(04bf236f930d14f8bac4fd95dd81cf84) Importer(2089858483,b0f066a214c2f5e87bad3c948f4d605d) (ScriptedImporter) -> (Import Result ID: 'ee17f3acee9028bdaa5b8288211f38ea') in 0.0118482 seconds [static and dynamic dependencies]. Details - ImportResultOutputID=f9ab9b8f1c33e36b2b75db8141cadce4 DependenciesID=96e38391fec86d8abcda6a9f0a528c2e StaticDependenciesID=feb847f82761740cc32ce6e9d060b118 
Number of updated asset objects reloaded before import = 0Number of asset objects unloaded after import = 3

========================================================================
Received Import Request.
  Time since last request: 0.000018 seconds.
  path: Assets/Sprites/Explosion/Explosion_00114.png
  importAddress: Guid(f12956044edc34f9d907b287bcb34ac6) Importer(2089858483,b0f066a214c2f5e87bad3c948f4d605d)
Start importing Assets/Sprites/Explosion/Explosion_00114.png using Guid(f12956044edc34f9d907b287bcb34ac6) Importer(2089858483,b0f066a214c2f5e87bad3c948f4d605d) (ScriptedImporter) -> (Import Result ID: '1a17f3df9caf49c6c7aee58612053392') in 0.0109926 seconds [static and dynamic dependencies]. Details - ImportResultOutputID=01168fe9982832c8d47adc09ae53c5c8 DependenciesID=b1bd6a6f566c0d0db2e9ce031b5d4b23 StaticDependenciesID=5d0fda6f898c2e94366d5694b95affa3 
Number of updated asset objects reloaded before import = 0Number of asset objects unloaded after import = 3

========================================================================
Received Import Request.
  Time since last request: 0.000017 seconds.
  path: Assets/Sprites/Explosion/Explosion_00000.png
  importAddress: Guid(1d67ba02a3ae743ed81501156742929f) Importer(2089858483,b0f066a214c2f5e87bad3c948f4d605d)
Start importing Assets/Sprites/Explosion/Explosion_00000.png using Guid(1d67ba02a3ae743ed81501156742929f) Importer(2089858483,b0f066a214c2f5e87bad3c948f4d605d) (ScriptedImporter) -> (Import Result ID: '5c2f81b17f3e9e45ab3a487f6d85773d') in 0.0111595 seconds [static and dynamic dependencies]. Details - ImportResultOutputID=b1f9393e3c7587f6053542a0742005c1 DependenciesID=1b70ca3d9841375dd805297e559cde24 StaticDependenciesID=e49ec9a08a37cf20972c4869c48a242c 
Number of updated asset objects reloaded before import = 0Number of asset objects unloaded after import = 3

========================================================================
Received Import Request.
  Time since last request: 0.000022 seconds.
  path: Assets/Sprites/Explosion/Explosion_00036.png
  importAddress: Guid(a73a4cf8a8bf549ba95c6ae503827b1f) Importer(2089858483,b0f066a214c2f5e87bad3c948f4d605d)
Start importing Assets/Sprites/Explosion/Explosion_00036.png using Guid(a73a4cf8a8bf549ba95c6ae503827b1f) Importer(2089858483,b0f066a214c2f5e87bad3c948f4d605d) (ScriptedImporter) -> (Import Result ID: '00f4a1c4c1b4763567090f7070b262f8') in 0.0115797 seconds [static and dynamic dependencies]. Details - ImportResultOutputID=277f033315e92daf74ba8321fcae5df1 DependenciesID=f7213f9a33a4a217b227c7677a27d66c StaticDependenciesID=1ecf29df37e40a819636bb16be3bdc49 
Number of updated asset objects reloaded before import = 0Number of asset objects unloaded after import = 3

========================================================================
Received Import Request.
  Time since last request: 0.000028 seconds.
  path: Assets/Sprites/Explosion/Explosion_00096.png
  importAddress: Guid(3b67f05db2dbe41d4abab861b477afca) Importer(2089858483,b0f066a214c2f5e87bad3c948f4d605d)
Start importing Assets/Sprites/Explosion/Explosion_00096.png using Guid(3b67f05db2dbe41d4abab861b477afca) Importer(2089858483,b0f066a214c2f5e87bad3c948f4d605d) (ScriptedImporter) -> (Import Result ID: '940f11b57c460243025f6c5a5a86d5c8') in 0.0120882 seconds [static and dynamic dependencies]. Details - ImportResultOutputID=70f953a08fda60ea8157263acb6d224d DependenciesID=2600092afc82730d00939f8c3fa2128e StaticDependenciesID=68592dedfcca9afb8d4c684793bfb560 
Number of updated asset objects reloaded before import = 0Number of asset objects unloaded after import = 3

========================================================================
Received Import Request.
  Time since last request: 0.000020 seconds.
  path: Assets/Sprites/Explosion/Explosion_00135.png
  importAddress: Guid(8ec8251880a5e493ab0ebe604524b72b) Importer(2089858483,b0f066a214c2f5e87bad3c948f4d605d)
Start importing Assets/Sprites/Explosion/Explosion_00135.png using Guid(8ec8251880a5e493ab0ebe604524b72b) Importer(2089858483,b0f066a214c2f5e87bad3c948f4d605d) (ScriptedImporter) -> (Import Result ID: 'c0b8f0958f95659efd4660b51c1827b3') in 0.0112921 seconds [static and dynamic dependencies]. Details - ImportResultOutputID=8a56c339fd64a6c93da9f7bae8afad48 DependenciesID=01d753b12db8dfa797861f349a875d86 StaticDependenciesID=dad735e3c27dbf05985eab13ce5b0421 
Number of updated asset objects reloaded before import = 0Number of asset objects unloaded after import = 3

========================================================================
Received Import Request.
  Time since last request: 0.000016 seconds.
  path: Assets/Sprites/Explosion/Explosion_00119.png
  importAddress: Guid(77e7f790f09be49729634031553df97e) Importer(2089858483,b0f066a214c2f5e87bad3c948f4d605d)
Start importing Assets/Sprites/Explosion/Explosion_00119.png using Guid(77e7f790f09be49729634031553df97e) Importer(2089858483,b0f066a214c2f5e87bad3c948f4d605d) (ScriptedImporter) -> (Import Result ID: 'ade58496f5a29281ccb0eab9a49c9ef8') in 0.0120759 seconds [static and dynamic dependencies]. Details - ImportResultOutputID=d1f6eb0d40317115d2b5ab6c65eae317 DependenciesID=eb5e33b3bf55c26b45ad5c02d566645a StaticDependenciesID=63f380634e429b7d7dbb71c859b394a4 
Number of updated asset objects reloaded before import = 0Number of asset objects unloaded after import = 3

========================================================================
Received Import Request.
  Time since last request: 0.000019 seconds.
  path: Assets/Sprites/Explosion/Explosion_00056.png
  importAddress: Guid(2e80a065d09564efd99b3c8484d36b1a) Importer(2089858483,b0f066a214c2f5e87bad3c948f4d605d)
Start importing Assets/Sprites/Explosion/Explosion_00056.png using Guid(2e80a065d09564efd99b3c8484d36b1a) Importer(2089858483,b0f066a214c2f5e87bad3c948f4d605d) (ScriptedImporter) -> (Import Result ID: 'cded3b874464b759d371dfc9f7c21fd0') in 0.0118873 seconds [static and dynamic dependencies]. Details - ImportResultOutputID=b531eb15205af26e3f0c957b7d0e89bc DependenciesID=b511195cc7e8f8c1f939ecaf09a40d63 StaticDependenciesID=86c0fb5846133fa205bd95092a2c0d7c 
Number of updated asset objects reloaded before import = 0Number of asset objects unloaded after import = 3

========================================================================
Received Import Request.
  Time since last request: 0.000019 seconds.
  path: Assets/Sprites/Explosion/Explosion_00028.png
  importAddress: Guid(fb94d9903666f457bbf880509d77fe7b) Importer(2089858483,b0f066a214c2f5e87bad3c948f4d605d)
Start importing Assets/Sprites/Explosion/Explosion_00028.png using Guid(fb94d9903666f457bbf880509d77fe7b) Importer(2089858483,b0f066a214c2f5e87bad3c948f4d605d) (ScriptedImporter) -> (Import Result ID: 'c0bee54ecb5160e747d1895c28abfa72') in 0.0113064 seconds [static and dynamic dependencies]. Details - ImportResultOutputID=be5e637f41d97ccb42746b4f2e4a304d DependenciesID=c0ccf9d934093f1086a0b9e8fac56568 StaticDependenciesID=f99976558d8997d2e3c83ab213749f2c 
Number of updated asset objects reloaded before import = 0Number of asset objects unloaded after import = 3

========================================================================
Received Import Request.
  Time since last request: 0.000019 seconds.
  path: Assets/Sprites/Enemy_Explode_Sequence/EnemyTurnLeft0000_00156.png
  importAddress: Guid(49d4d83cd54cd441791066d89453e22a) Importer(2089858483,b0f066a214c2f5e87bad3c948f4d605d)
Start importing Assets/Sprites/Enemy_Explode_Sequence/EnemyTurnLeft0000_00156.png using Guid(49d4d83cd54cd441791066d89453e22a) Importer(2089858483,b0f066a214c2f5e87bad3c948f4d605d) (ScriptedImporter) -> (Import Result ID: '434ef38cbaebe89221a3b462ec5e9214') in 0.011349 seconds [static and dynamic dependencies]. Details - ImportResultOutputID=371c8690e43d81c0df2edda4633ded6a DependenciesID=fbb7dc3e7ff9ec97f29e413795e0697c StaticDependenciesID=a2bdd5e42c0f07505426d3fcc058a5cb 
Number of updated asset objects reloaded before import = 0Number of asset objects unloaded after import = 3

========================================================================
Received Import Request.
  Time since last request: 0.000019 seconds.
  path: Assets/Sprites/Explosion/Explosion_00019.png
  importAddress: Guid(728e978a6cfae49cbb7976d992c3cf94) Importer(2089858483,b0f066a214c2f5e87bad3c948f4d605d)
Start importing Assets/Sprites/Explosion/Explosion_00019.png using Guid(728e978a6cfae49cbb7976d992c3cf94) Importer(2089858483,b0f066a214c2f5e87bad3c948f4d605d) (ScriptedImporter) -> (Import Result ID: '5f8cd04dbb5bcd7adc3136b17d1e5b82') in 0.0128574 seconds [static and dynamic dependencies]. Details - ImportResultOutputID=98a50201488c299c805643420683d438 DependenciesID=2002d581cd9af7a77da6998419534cd0 StaticDependenciesID=ff59647daffde22f44a2cb954bbf1d30 
Number of updated asset objects reloaded before import = 0Number of asset objects unloaded after import = 3

========================================================================
Received Import Request.
  Time since last request: 0.000018 seconds.
  path: Assets/Sprites/Explosion/Explosion_00045.png
  importAddress: Guid(b2bd7f3ae967f4084a3750a2eaada7ea) Importer(2089858483,b0f066a214c2f5e87bad3c948f4d605d)
Start importing Assets/Sprites/Explosion/Explosion_00045.png using Guid(b2bd7f3ae967f4084a3750a2eaada7ea) Importer(2089858483,b0f066a214c2f5e87bad3c948f4d605d) (ScriptedImporter) -> (Import Result ID: '1e19ca62c0a53cee22828f2b422af3b1') in 0.0114984 seconds [static and dynamic dependencies]. Details - ImportResultOutputID=411de205f90706ceaa24412f7d24987c DependenciesID=3ed97343c69e8c8ad55c0f85a150e3a4 StaticDependenciesID=80befeab09438702b9321d91f60e8cca 
Number of updated asset objects reloaded before import = 0Number of asset objects unloaded after import = 3

========================================================================
Received Import Request.
  Time since last request: 0.000017 seconds.
  path: Assets/Sprites/Explosion/Explosion_00047.png
  importAddress: Guid(737a16533b57349d6bd1937e67b3c7ae) Importer(2089858483,b0f066a214c2f5e87bad3c948f4d605d)
Start importing Assets/Sprites/Explosion/Explosion_00047.png using Guid(737a16533b57349d6bd1937e67b3c7ae) Importer(2089858483,b0f066a214c2f5e87bad3c948f4d605d) (ScriptedImporter) -> (Import Result ID: 'dd0da5e15f6f5fdb09e8b1f6a74bdbeb') in 0.012066 seconds [static and dynamic dependencies]. Details - ImportResultOutputID=20724e201aca611fb1dff19412de215b DependenciesID=30ec400d11f15e13a85e57df1d5c9e47 StaticDependenciesID=b1f228ded45bc65c533a216bd315b3a3 
Number of updated asset objects reloaded before import = 0Number of asset objects unloaded after import = 3

========================================================================
Received Import Request.
  Time since last request: 0.000018 seconds.
  path: Assets/Sprites/Explosion/Explosion_00138.png
  importAddress: Guid(f9e6ed575da224be3b6aab6bd7146b87) Importer(2089858483,b0f066a214c2f5e87bad3c948f4d605d)
Start importing Assets/Sprites/Explosion/Explosion_00138.png using Guid(f9e6ed575da224be3b6aab6bd7146b87) Importer(2089858483,b0f066a214c2f5e87bad3c948f4d605d) (ScriptedImporter) -> (Import Result ID: 'e9f6ed4ccd93c43ac5399fb144cacbd8') in 0.0118641 seconds [static and dynamic dependencies]. Details - ImportResultOutputID=8a6386f056ab6d81ac641b02f9b923bd DependenciesID=6821dff7e710f9e6337826a80931e575 StaticDependenciesID=176aec99cb560209b11aeae22ef48a25 
Number of updated asset objects reloaded before import = 0Number of asset objects unloaded after import = 3

========================================================================
Received Import Request.
  Time since last request: 0.000015 seconds.
  path: Assets/Sprites/Explosion/Explosion_00059.png
  importAddress: Guid(e0681e243a8e943fa873f297eff0504e) Importer(2089858483,b0f066a214c2f5e87bad3c948f4d605d)
Start importing Assets/Sprites/Explosion/Explosion_00059.png using Guid(e0681e243a8e943fa873f297eff0504e) Importer(2089858483,b0f066a214c2f5e87bad3c948f4d605d) (ScriptedImporter) -> (Import Result ID: 'c67ec12c641350e40e1cb9a439531290') in 0.013656 seconds [static and dynamic dependencies]. Details - ImportResultOutputID=f1076fddc8650c2f49039163bfcd2898 DependenciesID=ecc0b54f24d619923b531519beff154f StaticDependenciesID=c3a7595145d2aa1fb099a42166c2a5f8 
Number of updated asset objects reloaded before import = 0Number of asset objects unloaded after import = 3

========================================================================
Received Import Request.
  Time since last request: 0.000016 seconds.
  path: Assets/Sprites/Explosion/Explosion_00128.png
  importAddress: Guid(c80923f3c3c3a42b7aacd6380f7f4cc0) Importer(2089858483,b0f066a214c2f5e87bad3c948f4d605d)
Start importing Assets/Sprites/Explosion/Explosion_00128.png using Guid(c80923f3c3c3a42b7aacd6380f7f4cc0) Importer(2089858483,b0f066a214c2f5e87bad3c948f4d605d) (ScriptedImporter) -> (Import Result ID: '1025053467ecbdaf7f94187afcb06b4b') in 0.0120402 seconds [static and dynamic dependencies]. Details - ImportResultOutputID=8a14b4d2397015e16c5937ad677c493a DependenciesID=7b2c8df67ef3d005de6adea20e810ded StaticDependenciesID=9755f5a497599934c14c6b6ede507680 
Number of updated asset objects reloaded before import = 0Number of asset objects unloaded after import = 3

========================================================================
Received Import Request.
  Time since last request: 0.000016 seconds.
  path: Assets/Sprites/Explosion/Explosion_00118.png
  importAddress: Guid(036ba198b1f834a068020525f07bcc76) Importer(2089858483,b0f066a214c2f5e87bad3c948f4d605d)
Start importing Assets/Sprites/Explosion/Explosion_00118.png using Guid(036ba198b1f834a068020525f07bcc76) Importer(2089858483,b0f066a214c2f5e87bad3c948f4d605d) (ScriptedImporter) -> (Import Result ID: 'd1ba6710ec14a99cd340e2778831114e') in 0.0128414 seconds [static and dynamic dependencies]. Details - ImportResultOutputID=aabb60ea888741e7b30c410535d0fe86 DependenciesID=6c8434ae37b140dcfe2881d533c1de5c StaticDependenciesID=feefebafb39f7e62d122c6021fb37c4c 
Number of updated asset objects reloaded before import = 0Number of asset objects unloaded after import = 3

========================================================================
Received Import Request.
  Time since last request: 0.000015 seconds.
  path: Assets/Sprites/Explosion/Explosion_00103.png
  importAddress: Guid(d08ad923f3c8a4a39a9be527763b519f) Importer(2089858483,b0f066a214c2f5e87bad3c948f4d605d)
Start importing Assets/Sprites/Explosion/Explosion_00103.png using Guid(d08ad923f3c8a4a39a9be527763b519f) Importer(2089858483,b0f066a214c2f5e87bad3c948f4d605d) (ScriptedImporter) -> (Import Result ID: 'dc5644291240a143dcd4c9e28273f72d') in 0.0121312 seconds [static and dynamic dependencies]. Details - ImportResultOutputID=b36d1950bb063c98728540d2f903c5db DependenciesID=93a4e36681132f48050f6cda15df0e5c StaticDependenciesID=d129c48024e18948197c91bdd78e0ed4 
Number of updated asset objects reloaded before import = 0Number of asset objects unloaded after import = 3

========================================================================
Received Import Request.
  Time since last request: 0.000016 seconds.
  path: Assets/Sprites/Explosion/Explosion_00101.png
  importAddress: Guid(286108588f3354da4bc54495e4bc5978) Importer(2089858483,b0f066a214c2f5e87bad3c948f4d605d)
Start importing Assets/Sprites/Explosion/Explosion_00101.png using Guid(286108588f3354da4bc54495e4bc5978) Importer(2089858483,b0f066a214c2f5e87bad3c948f4d605d) (ScriptedImporter) -> (Import Result ID: '8fa50fb99c34af518eab00ccabc54412') in 0.0168712 seconds [static and dynamic dependencies]. Details - ImportResultOutputID=8579a1deade91ce958d3864cc494780d DependenciesID=a1adafbd0f3d8ecd55827b64135d0b21 StaticDependenciesID=1d3f8b90f302ce03ac39b731c9d47553 
Number of updated asset objects reloaded before import = 0Number of asset objects unloaded after import = 3

========================================================================
Received Import Request.
  Time since last request: 0.000020 seconds.
  path: Assets/Sprites/Enemy_Explode_Sequence/EnemyTurnLeft0000_00155.png
  importAddress: Guid(cc6d7a7e57d2744b2a1f2ec16526d075) Importer(2089858483,b0f066a214c2f5e87bad3c948f4d605d)
Start importing Assets/Sprites/Enemy_Explode_Sequence/EnemyTurnLeft0000_00155.png using Guid(cc6d7a7e57d2744b2a1f2ec16526d075) Importer(2089858483,b0f066a214c2f5e87bad3c948f4d605d) (ScriptedImporter) -> (Import Result ID: '3d818050f4036080d28216db452ec337') in 0.0117117 seconds [static and dynamic dependencies]. Details - ImportResultOutputID=902ee72e4c9bce4e000f3abd2ffc8ded DependenciesID=a31392ea58fe025a6bee4d4efda6b3f2 StaticDependenciesID=4982f1a30f846fba66add1561f585c02 
Number of updated asset objects reloaded before import = 0Number of asset objects unloaded after import = 3

========================================================================
Received Import Request.
  Time since last request: 0.000023 seconds.
  path: Assets/Sprites/Explosion/Explosion_00102.png
  importAddress: Guid(45db42ac1f8f14d23859ac586f6f011d) Importer(2089858483,b0f066a214c2f5e87bad3c948f4d605d)
Start importing Assets/Sprites/Explosion/Explosion_00102.png using Guid(45db42ac1f8f14d23859ac586f6f011d) Importer(2089858483,b0f066a214c2f5e87bad3c948f4d605d) (ScriptedImporter) -> (Import Result ID: '5f2db2f6648473771b80f6b596680bae') in 0.0105457 seconds [static and dynamic dependencies]. Details - ImportResultOutputID=cef06de401a5098cf680ffc070d3de20 DependenciesID=e1034d9444b5c4b90b9eabcf112692b1 StaticDependenciesID=184092103567d1fb0ec2c4e81c238ced 
Number of updated asset objects reloaded before import = 0Number of asset objects unloaded after import = 3

========================================================================
Received Import Request.
  Time since last request: 0.000023 seconds.
  path: Assets/Sprites/Explosion/Explosion_00081.png
  importAddress: Guid(9da310d5a832f49efa4f54c6720ef6db) Importer(2089858483,b0f066a214c2f5e87bad3c948f4d605d)
Start importing Assets/Sprites/Explosion/Explosion_00081.png using Guid(9da310d5a832f49efa4f54c6720ef6db) Importer(2089858483,b0f066a214c2f5e87bad3c948f4d605d) (ScriptedImporter) -> (Import Result ID: '064cef195327a983dd73b6fe7dccb7dd') in 0.0115371 seconds [static and dynamic dependencies]. Details - ImportResultOutputID=961b5fe33f438cdf76e553435cb3be6a DependenciesID=9f096053914e14333e0149c687c583fc StaticDependenciesID=d1d65e72658082dcef224092d5590a88 
Number of updated asset objects reloaded before import = 0Number of asset objects unloaded after import = 3

========================================================================
Received Import Request.
  Time since last request: 0.000017 seconds.
  path: Assets/Sprites/Explosion/Explosion_00134.png
  importAddress: Guid(99aba842c93e34b81905d22146bb0a57) Importer(2089858483,b0f066a214c2f5e87bad3c948f4d605d)
Start importing Assets/Sprites/Explosion/Explosion_00134.png using Guid(99aba842c93e34b81905d22146bb0a57) Importer(2089858483,b0f066a214c2f5e87bad3c948f4d605d) (ScriptedImporter) -> (Import Result ID: '0b280c3e63f7ef9590f50e4c8152d56f') in 0.0115794 seconds [static and dynamic dependencies]. Details - ImportResultOutputID=9e52bad4e262a48a08b6da6853b528ac DependenciesID=99f1841a5cc0d3352681862ca27080f3 StaticDependenciesID=e0727697513db4f924ed29c86d05e5a2 
Number of updated asset objects reloaded before import = 0Number of asset objects unloaded after import = 3

========================================================================
Received Import Request.
  Time since last request: 0.000019 seconds.
  path: Assets/Sprites/Explosion/Explosion_00095.png
  importAddress: Guid(a134f177856bb4603bde8349d2662189) Importer(2089858483,b0f066a214c2f5e87bad3c948f4d605d)
Start importing Assets/Sprites/Explosion/Explosion_00095.png using Guid(a134f177856bb4603bde8349d2662189) Importer(2089858483,b0f066a214c2f5e87bad3c948f4d605d) (ScriptedImporter) -> (Import Result ID: '614e7e52f96ff968de2f3805d266d764') in 0.0111152 seconds [static and dynamic dependencies]. Details - ImportResultOutputID=67e711fe8140d3dbb7e01b63aab3c365 DependenciesID=2fd9ccca1c598bb925a5e78b12af807e StaticDependenciesID=afe241b5a4f1f910052f726628e4ee93 
Number of updated asset objects reloaded before import = 0Number of asset objects unloaded after import = 3

========================================================================
Received Import Request.
  Time since last request: 0.000018 seconds.
  path: Assets/Sprites/Explosion/Explosion_00032.png
  importAddress: Guid(d47c26f00902f484bb8c298d6ca32b41) Importer(2089858483,b0f066a214c2f5e87bad3c948f4d605d)
Start importing Assets/Sprites/Explosion/Explosion_00032.png using Guid(d47c26f00902f484bb8c298d6ca32b41) Importer(2089858483,b0f066a214c2f5e87bad3c948f4d605d) (ScriptedImporter) -> (Import Result ID: '94146f649950ae0551285a753f538dda') in 0.0115778 seconds [static and dynamic dependencies]. Details - ImportResultOutputID=e955e3107d4f60ec3a638d418d486e67 DependenciesID=eecff9dd64e1b3bf7b1d61354afee126 StaticDependenciesID=eaea6efafc4352997ab3e2c1d9f4f109 
Number of updated asset objects reloaded before import = 0Number of asset objects unloaded after import = 3

========================================================================
Received Import Request.
  Time since last request: 0.000016 seconds.
  path: Assets/Sprites/Explosion/Explosion_00048.png
  importAddress: Guid(27bc50870b57f41b08916ba8fbf07ed6) Importer(2089858483,b0f066a214c2f5e87bad3c948f4d605d)
Start importing Assets/Sprites/Explosion/Explosion_00048.png using Guid(27bc50870b57f41b08916ba8fbf07ed6) Importer(2089858483,b0f066a214c2f5e87bad3c948f4d605d) (ScriptedImporter) -> (Import Result ID: '742b872ad1304b73dd45517a24e24787') in 0.0121471 seconds [static and dynamic dependencies]. Details - ImportResultOutputID=521455e3701d1b6e181e8a0348889efc DependenciesID=05493229b097dc5163856a692c2afa07 StaticDependenciesID=bead5a8d17561de182d550bdf6f94a54 
Number of updated asset objects reloaded before import = 0Number of asset objects unloaded after import = 3

========================================================================
Received Import Request.
  Time since last request: 0.000019 seconds.
  path: Assets/Sprites/Explosion/Explosion_00071.png
  importAddress: Guid(8fa9b5441e84849b29b2487c2b3b5aff) Importer(2089858483,b0f066a214c2f5e87bad3c948f4d605d)
Start importing Assets/Sprites/Explosion/Explosion_00071.png using Guid(8fa9b5441e84849b29b2487c2b3b5aff) Importer(2089858483,b0f066a214c2f5e87bad3c948f4d605d) (ScriptedImporter) -> (Import Result ID: '510e89dc4c3a44a6f0027877fd470e68') in 0.0119081 seconds [static and dynamic dependencies]. Details - ImportResultOutputID=966374b857bb4e525864791f1bb503c1 DependenciesID=3752821fefbde189cd7cdce000a1ce84 StaticDependenciesID=b059cf20c4773214797f4cd9af328add 
Number of updated asset objects reloaded before import = 0Number of asset objects unloaded after import = 3

========================================================================
Received Import Request.
  Time since last request: 0.000018 seconds.
  path: Assets/Sprites/Explosion/Explosion_00033.png
  importAddress: Guid(da1612aaa301646588e6c6402b861909) Importer(2089858483,b0f066a214c2f5e87bad3c948f4d605d)
Start importing Assets/Sprites/Explosion/Explosion_00033.png using Guid(da1612aaa301646588e6c6402b861909) Importer(2089858483,b0f066a214c2f5e87bad3c948f4d605d) (ScriptedImporter) -> (Import Result ID: '74e9d585eb4ac0d10bfead17e52e3c3e') in 0.0116442 seconds [static and dynamic dependencies]. Details - ImportResultOutputID=c4bd0ba432f6aed1f805326afb063a46 DependenciesID=318baad949f3d29a6c9d55365380e75f StaticDependenciesID=6da6184931da2bca8be1b36a6fe57ccd 
Number of updated asset objects reloaded before import = 0Number of asset objects unloaded after import = 3

========================================================================
Received Import Request.
  Time since last request: 0.000018 seconds.
  path: Assets/Sprites/Explosion/Explosion_00090.png
  importAddress: Guid(0eb05621d9960488b828694fca4bd74a) Importer(2089858483,b0f066a214c2f5e87bad3c948f4d605d)
Start importing Assets/Sprites/Explosion/Explosion_00090.png using Guid(0eb05621d9960488b828694fca4bd74a) Importer(2089858483,b0f066a214c2f5e87bad3c948f4d605d) (ScriptedImporter) -> (Import Result ID: 'd4a4ce3d0299f53ab38dcecf5b63e251') in 0.0120987 seconds [static and dynamic dependencies]. Details - ImportResultOutputID=e539716468caeb038ca1521ebaa9efca DependenciesID=7f4eca31931deb40b4aaaa64362da65c StaticDependenciesID=5a594f61b27e68b99a3b4f73d1db2a6f 
Number of updated asset objects reloaded before import = 0Number of asset objects unloaded after import = 3

========================================================================
Received Import Request.
  Time since last request: 0.000017 seconds.
  path: Assets/Sprites/Explosion/Explosion_00022.png
  importAddress: Guid(c6d32c2b11a7048309fe222249dca004) Importer(2089858483,b0f066a214c2f5e87bad3c948f4d605d)
Start importing Assets/Sprites/Explosion/Explosion_00022.png using Guid(c6d32c2b11a7048309fe222249dca004) Importer(2089858483,b0f066a214c2f5e87bad3c948f4d605d) (ScriptedImporter) -> (Import Result ID: '243c07349f13a59820f483a7ebc54beb') in 0.0111987 seconds [static and dynamic dependencies]. Details - ImportResultOutputID=1338afc6ab995647fd997d0872713db5 DependenciesID=e5a0f67de5f84a2c5389d68050d2a2c1 StaticDependenciesID=2ef4509c626935f003f9fe640e3d3a21 
Number of updated asset objects reloaded before import = 0Number of asset objects unloaded after import = 3

========================================================================
Received Import Request.
  Time since last request: 0.000015 seconds.
  path: Assets/Sprites/Explosion/Explosion_00125.png
  importAddress: Guid(8fc2c4763a4024c22ba2bda2d23c56ab) Importer(2089858483,b0f066a214c2f5e87bad3c948f4d605d)
Start importing Assets/Sprites/Explosion/Explosion_00125.png using Guid(8fc2c4763a4024c22ba2bda2d23c56ab) Importer(2089858483,b0f066a214c2f5e87bad3c948f4d605d) (ScriptedImporter) -> (Import Result ID: 'e8f5620bd8a87bf5261921fd9b3ff879') in 0.0117141 seconds [static and dynamic dependencies]. Details - ImportResultOutputID=dd3d7060598ba457179cee23d9e3d15b DependenciesID=7dbd0ed584225f7fd81aeab7464d81e1 StaticDependenciesID=3936baae5dc3820c6ce442e499c106f3 
Number of updated asset objects reloaded before import = 0Number of asset objects unloaded after import = 3

========================================================================
Received Import Request.
  Time since last request: 0.000015 seconds.
  path: Assets/Sprites/Explosion/Explosion_00002.png
  importAddress: Guid(78971ab2e8fdc493a89653a7f0cc5b0b) Importer(2089858483,b0f066a214c2f5e87bad3c948f4d605d)
Start importing Assets/Sprites/Explosion/Explosion_00002.png using Guid(78971ab2e8fdc493a89653a7f0cc5b0b) Importer(2089858483,b0f066a214c2f5e87bad3c948f4d605d) (ScriptedImporter) -> (Import Result ID: 'da0fa0ded7437d467a7fe77222e92d8f') in 0.0111027 seconds [static and dynamic dependencies]. Details - ImportResultOutputID=f7243ebcecb729c189ec83634e0fcd2b DependenciesID=15bad50e581a3bcc577077422b780de7 StaticDependenciesID=1bd9b96409d80ceac5c2f28c502201fc 
Number of updated asset objects reloaded before import = 0Number of asset objects unloaded after import = 3

========================================================================
Received Import Request.
  Time since last request: 0.000020 seconds.
  path: Assets/Sprites/Explosion/Explosion_00136.png
  importAddress: Guid(a40ce3f8f3b194b10bbbfcd4d893cfb9) Importer(2089858483,b0f066a214c2f5e87bad3c948f4d605d)
Start importing Assets/Sprites/Explosion/Explosion_00136.png using Guid(a40ce3f8f3b194b10bbbfcd4d893cfb9) Importer(2089858483,b0f066a214c2f5e87bad3c948f4d605d) (ScriptedImporter) -> (Import Result ID: 'f25e9e056957057ba49c8326eedc4be5') in 0.011345 seconds [static and dynamic dependencies]. Details - ImportResultOutputID=b084a907715e3fd5da9ffeb18741764e DependenciesID=c8771959dcd70cc461743e5413bd11d9 StaticDependenciesID=995c7f2148dbdb04ef216ce5f087a7f3 
Number of updated asset objects reloaded before import = 0Number of asset objects unloaded after import = 3

========================================================================
Received Import Request.
  Time since last request: 0.000016 seconds.
  path: Assets/Sprites/Explosion/Explosion_00083.png
  importAddress: Guid(f8f1e658bc667423a81ea257fd330ad1) Importer(2089858483,b0f066a214c2f5e87bad3c948f4d605d)
Start importing Assets/Sprites/Explosion/Explosion_00083.png using Guid(f8f1e658bc667423a81ea257fd330ad1) Importer(2089858483,b0f066a214c2f5e87bad3c948f4d605d) (ScriptedImporter) -> (Import Result ID: 'af3bb9143cbf94cc611aea8c986e521c') in 0.0157548 seconds [static and dynamic dependencies]. Details - ImportResultOutputID=24ac16748cbc2c5d5443acf0abde4d5d DependenciesID=709bd25798723f68822829fc5e2effd7 StaticDependenciesID=04f51e82141c68059f917695438a5157 
Number of updated asset objects reloaded before import = 0Number of asset objects unloaded after import = 3

========================================================================
Received Import Request.
  Time since last request: 0.472137 seconds.
  path: Assets/Sprites/Explosion/Explosion_00141.png
  importAddress: Guid(42264e3d6a484434f90c68d029679f84) Importer(2089858483,b0f066a214c2f5e87bad3c948f4d605d)
Start importing Assets/Sprites/Explosion/Explosion_00141.png using Guid(42264e3d6a484434f90c68d029679f84) Importer(2089858483,b0f066a214c2f5e87bad3c948f4d605d) (ScriptedImporter) -> (Import Result ID: '8ecf85bf07d51802baafa63c7d4ba431') in 0.0124041 seconds [static and dynamic dependencies]. Details - ImportResultOutputID=924eef1a972971e872877d3d89bd657c DependenciesID=33b9bc3b2fdb4cbc762cd109a2855025 StaticDependenciesID=6ffb8d73a95132696a92ba09076126f8 
Number of updated asset objects reloaded before import = 0Number of asset objects unloaded after import = 3

========================================================================
Received Import Request.
  Time since last request: 0.000016 seconds.
  path: Assets/Sprites/Player_Hurt/Fire_00033.png
  importAddress: Guid(68412362e13fd4faaad33e19ed6b15ef) Importer(2089858483,b0f066a214c2f5e87bad3c948f4d605d)
Start importing Assets/Sprites/Player_Hurt/Fire_00033.png using Guid(68412362e13fd4faaad33e19ed6b15ef) Importer(2089858483,b0f066a214c2f5e87bad3c948f4d605d) (ScriptedImporter) -> (Import Result ID: 'c2b1c17b992268376473890d84b13a3e') in 0.0119211 seconds [static and dynamic dependencies]. Details - ImportResultOutputID=e482b5ef77cca2dd2587012b79595fd7 DependenciesID=ddb46a6548ab57efb839f234d686346b StaticDependenciesID=372674d77bb5cc2af532641b8743d2a1 
Number of updated asset objects reloaded before import = 0Number of asset objects unloaded after import = 3

========================================================================
Received Import Request.
  Time since last request: 0.000015 seconds.
  path: Assets/Sprites/Player_Hurt/Fire_00042.png
  importAddress: Guid(6715a890046864741a486e6345de6455) Importer(2089858483,b0f066a214c2f5e87bad3c948f4d605d)
Start importing Assets/Sprites/Player_Hurt/Fire_00042.png using Guid(6715a890046864741a486e6345de6455) Importer(2089858483,b0f066a214c2f5e87bad3c948f4d605d) (ScriptedImporter) -> (Import Result ID: 'af6e8ff978ce74cd40faf175202c1d28') in 0.0102992 seconds [static and dynamic dependencies]. Details - ImportResultOutputID=39515dd85c0536acc74d59a29f53df96 DependenciesID=2c70dbb7fabd5ceef4279ee5cf1152c9 StaticDependenciesID=b315c35a8b77bb182baab02d218f1c92 
Number of updated asset objects reloaded before import = 0Number of asset objects unloaded after import = 3

========================================================================
Received Import Request.
  Time since last request: 0.000016 seconds.
  path: Assets/Sprites/Explosion/Explosion_00157.png
  importAddress: Guid(165bb423423fc4a569194618186b33f5) Importer(2089858483,b0f066a214c2f5e87bad3c948f4d605d)
Start importing Assets/Sprites/Explosion/Explosion_00157.png using Guid(165bb423423fc4a569194618186b33f5) Importer(2089858483,b0f066a214c2f5e87bad3c948f4d605d) (ScriptedImporter) -> (Import Result ID: '44ea4f2e8242ce4aab62707ca83700ef') in 0.0109754 seconds [static and dynamic dependencies]. Details - ImportResultOutputID=e9bb30e567f30750ab9faa60148fccc0 DependenciesID=626221c22943188f243936e09515ee8d StaticDependenciesID=802ccb516e1d45aa25568cbe5e07327d 
Number of updated asset objects reloaded before import = 0Number of asset objects unloaded after import = 3

========================================================================
Received Import Request.
  Time since last request: 0.000018 seconds.
  path: Assets/Sprites/Player_Hurt/Fire_00026.png
  importAddress: Guid(fa4dc24a6c9ef4e0d80f4f29e81f5c07) Importer(2089858483,b0f066a214c2f5e87bad3c948f4d605d)
Start importing Assets/Sprites/Player_Hurt/Fire_00026.png using Guid(fa4dc24a6c9ef4e0d80f4f29e81f5c07) Importer(2089858483,b0f066a214c2f5e87bad3c948f4d605d) (ScriptedImporter) -> (Import Result ID: 'b6c4aebf288d61b63a05e27c1a1b9cf5') in 0.0123879 seconds [static and dynamic dependencies]. Details - ImportResultOutputID=973884401e58f2b485266f18d17ba9b3 DependenciesID=6904a19c5f292cef078a10621073e397 StaticDependenciesID=71999bdf7354881bdc010fa9f50d400d 
Number of updated asset objects reloaded before import = 0Number of asset objects unloaded after import = 3

========================================================================
Received Import Request.
  Time since last request: 0.000016 seconds.
  path: Assets/Sprites/Player_Hurt/Fire_00058.png
  importAddress: Guid(99ae4220665ea4376ad2e9797d8e64cc) Importer(2089858483,b0f066a214c2f5e87bad3c948f4d605d)
Start importing Assets/Sprites/Player_Hurt/Fire_00058.png using Guid(99ae4220665ea4376ad2e9797d8e64cc) Importer(2089858483,b0f066a214c2f5e87bad3c948f4d605d) (ScriptedImporter) -> (Import Result ID: 'fb2a11a2dddac856b8241e259f96a581') in 0.0115276 seconds [static and dynamic dependencies]. Details - ImportResultOutputID=95f66b8ac46bbd699fbf32da72ff52b6 DependenciesID=33930725f5a026a9fb5c215502937e1b StaticDependenciesID=59a8bcac25c9cbf6cc5e54e629a71b2b 
Number of updated asset objects reloaded before import = 0Number of asset objects unloaded after import = 3

========================================================================
Received Import Request.
  Time since last request: 0.000018 seconds.
  path: Assets/Standard Assets/PhysicsMaterials/Metal.physicmaterial
  importAddress: Guid(01571ba68fb2dad46aa03094ab219579) Importer(2089858483,b0f066a214c2f5e87bad3c948f4d605d)
Start importing Assets/Standard Assets/PhysicsMaterials/Metal.physicmaterial using Guid(01571ba68fb2dad46aa03094ab219579) Importer(2089858483,b0f066a214c2f5e87bad3c948f4d605d) (ScriptedImporter) -> (Import Result ID: '6a44e1ab53a2423b556b91e46923ca0b') in 0.0098023 seconds [static and dynamic dependencies]. Details - ImportResultOutputID=d4840f706845e761c00e32cddedc6c7e DependenciesID=7d7077a543a8854d75f8022a47a57ea3 StaticDependenciesID=3625ead4ce9139196f0f96f66f237a9e 
Number of updated asset objects reloaded before import = 0Number of asset objects unloaded after import = 1

========================================================================
Received Import Request.
  Time since last request: 0.000023 seconds.
  path: Assets/Sprites/Explosion/Explosion_00156.png
  importAddress: Guid(b58d14cd43288416aa193e8055f052d9) Importer(2089858483,b0f066a214c2f5e87bad3c948f4d605d)
Start importing Assets/Sprites/Explosion/Explosion_00156.png using Guid(b58d14cd43288416aa193e8055f052d9) Importer(2089858483,b0f066a214c2f5e87bad3c948f4d605d) (ScriptedImporter) -> (Import Result ID: 'd272654b57f2c182a8626e2cd8eaa82e') in 0.0108528 seconds [static and dynamic dependencies]. Details - ImportResultOutputID=b4d954bcb70324c32791f5b526f09682 DependenciesID=65cfdf3a23a2f055201dc7904245c5bf StaticDependenciesID=96d91e3240563c28bcac52ecf905096d 
Number of updated asset objects reloaded before import = 0Number of asset objects unloaded after import = 3

========================================================================
Received Import Request.
  Time since last request: 0.000017 seconds.
  path: Assets/Sprites/Player_Hurt/Fire_00009.png
  importAddress: Guid(224dd748214e4487e9684ed76189e72c) Importer(2089858483,b0f066a214c2f5e87bad3c948f4d605d)
Start importing Assets/Sprites/Player_Hurt/Fire_00009.png using Guid(224dd748214e4487e9684ed76189e72c) Importer(2089858483,b0f066a214c2f5e87bad3c948f4d605d) (ScriptedImporter) -> (Import Result ID: '3f73c6d406b14e84c519aa4ad3f534b2') in 0.0115067 seconds [static and dynamic dependencies]. Details - ImportResultOutputID=e05182972baf7dc5cd53b379f6fe8214 DependenciesID=34fe5a5d4476f45b1e79e941b7a3af50 StaticDependenciesID=3be7163a0765a5481a26d4403cf60269 
Number of updated asset objects reloaded before import = 0Number of asset objects unloaded after import = 3

========================================================================
Received Import Request.
  Time since last request: 0.000014 seconds.
  path: Assets/Sprites/Thruster/Thruster_00004.png
  importAddress: Guid(9a668c5bfaf6449e0916bb563a15edde) Importer(2089858483,b0f066a214c2f5e87bad3c948f4d605d)
Start importing Assets/Sprites/Thruster/Thruster_00004.png using Guid(9a668c5bfaf6449e0916bb563a15edde) Importer(2089858483,b0f066a214c2f5e87bad3c948f4d605d) (ScriptedImporter) -> (Import Result ID: '7b1cce993678a226b40bfb7e83d51c29') in 0.0121137 seconds [static and dynamic dependencies]. Details - ImportResultOutputID=21f20f4dc876f46ca9dfe4822dd94c0d DependenciesID=29d4f1d0dc1188c78b1baec69ed10712 StaticDependenciesID=a64bc280e11f6159c331cc7f08216c96 
Number of updated asset objects reloaded before import = 0Number of asset objects unloaded after import = 3

========================================================================
Received Import Request.
  Time since last request: 0.000016 seconds.
  path: Assets/Sprites/Explosion/Explosion_00148.png
  importAddress: Guid(3dc51c651944b4c53b64f9744b7d656b) Importer(2089858483,b0f066a214c2f5e87bad3c948f4d605d)
Start importing Assets/Sprites/Explosion/Explosion_00148.png using Guid(3dc51c651944b4c53b64f9744b7d656b) Importer(2089858483,b0f066a214c2f5e87bad3c948f4d605d) (ScriptedImporter) -> (Import Result ID: 'a28b846b0ca3f38f5529038ddb9f4fd2') in 0.0121846 seconds [static and dynamic dependencies]. Details - ImportResultOutputID=f140b0464af8477e656855c92ee9e38d DependenciesID=e25be849ddb47d9078947ea5c83d3d75 StaticDependenciesID=09e3f7764392df1cad51a3210fba13fb 
Number of updated asset objects reloaded before import = 0Number of asset objects unloaded after import = 3

========================================================================
Received Import Request.
  Time since last request: 0.000016 seconds.
  path: Assets/Sprites/Explosion/Explosion_00150.png
  importAddress: Guid(529eaf4f0c28a4fe6a94141067acd466) Importer(2089858483,b0f066a214c2f5e87bad3c948f4d605d)
Start importing Assets/Sprites/Explosion/Explosion_00150.png using Guid(529eaf4f0c28a4fe6a94141067acd466) Importer(2089858483,b0f066a214c2f5e87bad3c948f4d605d) (ScriptedImporter) -> (Import Result ID: 'fb265acdee72f284421b7c3e918f9a06') in 0.0111404 seconds [static and dynamic dependencies]. Details - ImportResultOutputID=f4e04c53bc995613600f75776c50a676 DependenciesID=984ab6e37bdd176c315415e170e88da4 StaticDependenciesID=c53fee98975e5bbeda9d96d12cc7e6db 
Number of updated asset objects reloaded before import = 0Number of asset objects unloaded after import = 3

========================================================================
Received Import Request.
  Time since last request: 0.000015 seconds.
  path: Assets/Sprites/Player_Hurt/Fire_00003.png
  importAddress: Guid(39b1fc19ce0e74adba602f7441753d45) Importer(2089858483,b0f066a214c2f5e87bad3c948f4d605d)
Start importing Assets/Sprites/Player_Hurt/Fire_00003.png using Guid(39b1fc19ce0e74adba602f7441753d45) Importer(2089858483,b0f066a214c2f5e87bad3c948f4d605d) (ScriptedImporter) -> (Import Result ID: '995fa14ef25b48b9ee9c43fcb1015a80') in 0.0121504 seconds [static and dynamic dependencies]. Details - ImportResultOutputID=67ffc2946f22935df5d3e23248200ddc DependenciesID=22b5bb2cbd12db07586347ae35756e12 StaticDependenciesID=5a080e27dbdf03a94e91ca810e988b47 
Number of updated asset objects reloaded before import = 0Number of asset objects unloaded after import = 3

========================================================================
Received Import Request.
  Time since last request: 0.000019 seconds.
  path: Assets/Sprites/Player_Shield/Shields_00012.png
  importAddress: Guid(6dc7d677d6e5a4f8aa3d049730873d62) Importer(2089858483,b0f066a214c2f5e87bad3c948f4d605d)
Start importing Assets/Sprites/Player_Shield/Shields_00012.png using Guid(6dc7d677d6e5a4f8aa3d049730873d62) Importer(2089858483,b0f066a214c2f5e87bad3c948f4d605d) (ScriptedImporter) -> (Import Result ID: 'f1752d5965b034bec2d3924969eed498') in 0.0122665 seconds [static and dynamic dependencies]. Details - ImportResultOutputID=ce8ca2831e242dabd705e12cd8e9a935 DependenciesID=0896ced08bd6bbbcf57b53a958fa47ac StaticDependenciesID=02a7e5c04bf35e5a22ce7518ae000598 
Number of updated asset objects reloaded before import = 0Number of asset objects unloaded after import = 3

========================================================================
Received Import Request.
  Time since last request: 0.000020 seconds.
  path: Assets/Standard Assets/Fonts/Unipix.ttf
  importAddress: Guid(1f16052dfd5f6f54e94e97ecedd4c86b) Importer(2089858483,b0f066a214c2f5e87bad3c948f4d605d)
Start importing Assets/Standard Assets/Fonts/Unipix.ttf using Guid(1f16052dfd5f6f54e94e97ecedd4c86b) Importer(2089858483,b0f066a214c2f5e87bad3c948f4d605d) (ScriptedImporter) -> (Import Result ID: 'dac41c80e24538c3952b57ceb7aeb80f') in 0.0156791 seconds [static and dynamic dependencies]. Details - ImportResultOutputID=93c0466968fb4d1d5de6e47b131675fb DependenciesID=717cf46f5a3977b40c1080376a3b5453 StaticDependenciesID=162fe781ea8b25ce283db8e6f3bb8225 
Number of updated asset objects reloaded before import = 0Number of asset objects unloaded after import = 3

========================================================================
Received Import Request.
  Time since last request: 0.000029 seconds.
  path: Assets/Sprites/Player_Turn_Left/Player Turn Left0007.png
  importAddress: Guid(be96d907589954304a9aaf149e51d40c) Importer(2089858483,b0f066a214c2f5e87bad3c948f4d605d)
Start importing Assets/Sprites/Player_Turn_Left/Player Turn Left0007.png using Guid(be96d907589954304a9aaf149e51d40c) Importer(2089858483,b0f066a214c2f5e87bad3c948f4d605d) (ScriptedImporter) -> (Import Result ID: '5943621281ca73c85ae1ad1ef90bfc07') in 0.0106668 seconds [static and dynamic dependencies]. Details - ImportResultOutputID=5add659701089c3ee141a7a7889975b4 DependenciesID=3de8dbfac1046a883733353459d2a7f8 StaticDependenciesID=afdd7ff1ab63e50269615ce680120dcc 
Number of updated asset objects reloaded before import = 0Number of asset objects unloaded after import = 3

========================================================================
Received Import Request.
  Time since last request: 0.000019 seconds.
  path: Assets/Sprites/Player_Turn_Left/Player Turn Left0002.png
  importAddress: Guid(76f24fca3aede49a392f5b213ca9bc34) Importer(2089858483,b0f066a214c2f5e87bad3c948f4d605d)
Start importing Assets/Sprites/Player_Turn_Left/Player Turn Left0002.png using Guid(76f24fca3aede49a392f5b213ca9bc34) Importer(2089858483,b0f066a214c2f5e87bad3c948f4d605d) (ScriptedImporter) -> (Import Result ID: '80d788f3a1bc1c17a52fc4b2c3d56c43') in 0.0134058 seconds [static and dynamic dependencies]. Details - ImportResultOutputID=40d660d0b771ee5b357590cf38e862b2 DependenciesID=10f8607e4100b8a4b4629fb21e1eca4e StaticDependenciesID=0246f8fa1e6f11409f65270d9354f591 
Number of updated asset objects reloaded before import = 0Number of asset objects unloaded after import = 3

========================================================================
Received Import Request.
  Time since last request: 0.000017 seconds.
  path: Assets/Sprites/Explosion/Explosion_00152.png
  importAddress: Guid(ca295c8a632534908992189e287f5c99) Importer(2089858483,b0f066a214c2f5e87bad3c948f4d605d)
Start importing Assets/Sprites/Explosion/Explosion_00152.png using Guid(ca295c8a632534908992189e287f5c99) Importer(2089858483,b0f066a214c2f5e87bad3c948f4d605d) (ScriptedImporter) -> (Import Result ID: 'd09334011ab2ef609eb3a3cee659f2b9') in 0.0117296 seconds [static and dynamic dependencies]. Details - ImportResultOutputID=dacbe93a506f3a61c9c57d187909bb3b DependenciesID=0c3c25783c0a14f3ff3e16de282e5f77 StaticDependenciesID=eb12e3d3a4f1bfd4f3c9c43eaa7b478c 
Number of updated asset objects reloaded before import = 0Number of asset objects unloaded after import = 3

========================================================================
Received Import Request.
  Time since last request: 0.000017 seconds.
  path: Assets/Sprites/Player_Hurt/Fire_00052.png
  importAddress: Guid(87eace5b881694ddaaa05fb60497ded5) Importer(2089858483,b0f066a214c2f5e87bad3c948f4d605d)
Start importing Assets/Sprites/Player_Hurt/Fire_00052.png using Guid(87eace5b881694ddaaa05fb60497ded5) Importer(2089858483,b0f066a214c2f5e87bad3c948f4d605d) (ScriptedImporter) -> (Import Result ID: '69318b68d7c61b047f44365a90aebcfb') in 0.0113245 seconds [static and dynamic dependencies]. Details - ImportResultOutputID=b9d13e071606d318c92b94dcf6159cba DependenciesID=25606fd375d857ec3de28ff2e73d5329 StaticDependenciesID=72226f4a242ade72d981816676fd083f 
Number of updated asset objects reloaded before import = 0Number of asset objects unloaded after import = 3

========================================================================
Received Import Request.
  Time since last request: 0.000019 seconds.
  path: Assets/Sprites/Player_Hurt/Fire_00021.png
  importAddress: Guid(f5a17a2710d6e4947b7dbd6f09df0e63) Importer(2089858483,b0f066a214c2f5e87bad3c948f4d605d)
Start importing Assets/Sprites/Player_Hurt/Fire_00021.png using Guid(f5a17a2710d6e4947b7dbd6f09df0e63) Importer(2089858483,b0f066a214c2f5e87bad3c948f4d605d) (ScriptedImporter) -> (Import Result ID: '8ace9b87a46ae57eb41938a5efb6f78d') in 0.0111898 seconds [static and dynamic dependencies]. Details - ImportResultOutputID=34c693e090d0e808cfd79957efd759d0 DependenciesID=a434546bc68d140baa81e498d0bba954 StaticDependenciesID=e6b42f8857ec0ff75e7bd9087c85f5ad 
Number of updated asset objects reloaded before import = 0Number of asset objects unloaded after import = 3

========================================================================
Received Import Request.
  Time since last request: 0.000015 seconds.
  path: Assets/Sprites/Player_Hurt/Fire_00048.png
  importAddress: Guid(b36b17ba45be141249c2ca637dd5e301) Importer(2089858483,b0f066a214c2f5e87bad3c948f4d605d)
Start importing Assets/Sprites/Player_Hurt/Fire_00048.png using Guid(b36b17ba45be141249c2ca637dd5e301) Importer(2089858483,b0f066a214c2f5e87bad3c948f4d605d) (ScriptedImporter) -> (Import Result ID: 'c44d32671afd53e4593516988b6102fb') in 0.011214 seconds [static and dynamic dependencies]. Details - ImportResultOutputID=b9f23c05eab2ff140a8afb544d76c649 DependenciesID=b68ac12c989ab3b471ef2ed7fedaa3c3 StaticDependenciesID=8c0441cc43cf1ad80db174f3e888b544 
Number of updated asset objects reloaded before import = 0Number of asset objects unloaded after import = 3

========================================================================
Received Import Request.
  Time since last request: 0.000015 seconds.
  path: Assets/Standard Assets/PhysicsMaterials/Rubber.physicmaterial
  importAddress: Guid(52baaeb214519f347a35cf0edfd262ff) Importer(2089858483,b0f066a214c2f5e87bad3c948f4d605d)
Start importing Assets/Standard Assets/PhysicsMaterials/Rubber.physicmaterial using Guid(52baaeb214519f347a35cf0edfd262ff) Importer(2089858483,b0f066a214c2f5e87bad3c948f4d605d) (ScriptedImporter) -> (Import Result ID: 'bc0b15df8708c57513a5ed7e4009af98') in 0.00901 seconds [static and dynamic dependencies]. Details - ImportResultOutputID=0d15b2c2667d831d5ece5779a9005979 DependenciesID=ca0accfb7f921f441c4e76d1289d4348 StaticDependenciesID=3c3a04604821364c8ae09332737f80f2 
Number of updated asset objects reloaded before import = 0Number of asset objects unloaded after import = 1

========================================================================
Received Import Request.
  Time since last request: 0.000019 seconds.
  path: Assets/Sprites/Thruster/Thruster_00012.png
  importAddress: Guid(84d1a98c6144b4ea19117294321b42f6) Importer(2089858483,b0f066a214c2f5e87bad3c948f4d605d)
Start importing Assets/Sprites/Thruster/Thruster_00012.png using Guid(84d1a98c6144b4ea19117294321b42f6) Importer(2089858483,b0f066a214c2f5e87bad3c948f4d605d) (ScriptedImporter) -> (Import Result ID: '40d16cdf6d824c5957d4293d19b98804') in 0.0125096 seconds [static and dynamic dependencies]. Details - ImportResultOutputID=12ba0978ce877580a6742d33dcf0979a DependenciesID=825818661a3754cf06e558c3912fb602 StaticDependenciesID=9a5bf9c5a6dc544b99fd6eac059955c4 
Number of updated asset objects reloaded before import = 0Number of asset objects unloaded after import = 3

========================================================================
Received Import Request.
  Time since last request: 0.000021 seconds.
  path: Assets/Sprites/Thruster/Thruster_00006.png
  importAddress: Guid(c722ba823f19b4ee693e239e7857f740) Importer(2089858483,b0f066a214c2f5e87bad3c948f4d605d)
Start importing Assets/Sprites/Thruster/Thruster_00006.png using Guid(c722ba823f19b4ee693e239e7857f740) Importer(2089858483,b0f066a214c2f5e87bad3c948f4d605d) (ScriptedImporter) -> (Import Result ID: 'a2f80d7f8c71cd79490f6f2bb9cd9fee') in 0.0134343 seconds [static and dynamic dependencies]. Details - ImportResultOutputID=98ce5cf9ced3b54b3ad419b1137f2b02 DependenciesID=e8bc51a13d8786e3b695ebf1d31363fe StaticDependenciesID=5f317b19dcc5617f6cb6ee6820070479 
Number of updated asset objects reloaded before import = 0Number of asset objects unloaded after import = 3

========================================================================
Received Import Request.
  Time since last request: 0.000017 seconds.
  path: Assets/Standard Assets/Cameras/CameraGuidelines.txt
  importAddress: Guid(86f4276d9602ff547968823666aa5699) Importer(2089858483,b0f066a214c2f5e87bad3c948f4d605d)
Start importing Assets/Standard Assets/Cameras/CameraGuidelines.txt using Guid(86f4276d9602ff547968823666aa5699) Importer(2089858483,b0f066a214c2f5e87bad3c948f4d605d) (ScriptedImporter) -> (Import Result ID: '6d34d25efada927a227bcd8b021d6b53') in 0.0084364 seconds [static and dynamic dependencies]. Details - ImportResultOutputID=5fb9a21e353772e3a6ab50af1301416c DependenciesID=8c4d0815634e289b1374bf7fad223fde StaticDependenciesID=afb71b668f89fc46e6195c2d10da8d75 
Number of updated asset objects reloaded before import = 0Number of asset objects unloaded after import = 1

========================================================================
Received Import Request.
  Time since last request: 0.000032 seconds.
  path: Assets/Sprites/Thruster/Thruster_00017.png
  importAddress: Guid(3af80dabfb3d647ff94f8a630d749e5c) Importer(2089858483,b0f066a214c2f5e87bad3c948f4d605d)
Start importing Assets/Sprites/Thruster/Thruster_00017.png using Guid(3af80dabfb3d647ff94f8a630d749e5c) Importer(2089858483,b0f066a214c2f5e87bad3c948f4d605d) (ScriptedImporter) -> (Import Result ID: '9da78e8ff0aa95ba6a13b62824955533') in 0.0142671 seconds [static and dynamic dependencies]. Details - ImportResultOutputID=5a3cdf08d5c8f56c0d2d366c5165e5c1 DependenciesID=2678d1ec1a12dd084b623b8c282d2b8d StaticDependenciesID=96a1b478f1a095bc2666f2effa4b129b 
Number of updated asset objects reloaded before import = 0Number of asset objects unloaded after import = 3

========================================================================
Received Import Request.
  Time since last request: 0.000020 seconds.
  path: Assets/Standard Assets/Utility/AutoMobileShaderSwitch.cs
  importAddress: Guid(9c4978ff6447f9040b84acc89b0bbdc8) Importer(2089858483,b0f066a214c2f5e87bad3c948f4d605d)
Start importing Assets/Standard Assets/Utility/AutoMobileShaderSwitch.cs using Guid(9c4978ff6447f9040b84acc89b0bbdc8) Importer(2089858483,b0f066a214c2f5e87bad3c948f4d605d) (ScriptedImporter) -> (Import Result ID: '1653c26795e7a532248ac208fa3092f3') in 0.0080803 seconds [static and dynamic dependencies]. Details - ImportResultOutputID=1e504ecd38ee49cafffff528704f5431 DependenciesID=6e1d80395a7648d394ab5dbeed01a923 StaticDependenciesID=db78434db4a0073375c43ffef0910291 
Number of updated asset objects reloaded before import = 0Number of asset objects unloaded after import = 0

========================================================================
Received Import Request.
  Time since last request: 0.000141 seconds.
  path: Assets/Sprites/Player_Hurt/Fire_00054.png
  importAddress: Guid(93e497a954ee0430ca3a9f7cda480248) Importer(2089858483,b0f066a214c2f5e87bad3c948f4d605d)
Start importing Assets/Sprites/Player_Hurt/Fire_00054.png using Guid(93e497a954ee0430ca3a9f7cda480248) Importer(2089858483,b0f066a214c2f5e87bad3c948f4d605d) (ScriptedImporter) -> (Import Result ID: '64d7eaafe38adde19580a37458878412') in 0.0117607 seconds [static and dynamic dependencies]. Details - ImportResultOutputID=8ac9af9de666d74edda083e15139d87a DependenciesID=42cb1c15c49485123734d43aaebdf842 StaticDependenciesID=18e2cdff67f0cc6181390718582e8f66 
Number of updated asset objects reloaded before import = 0Number of asset objects unloaded after import = 3

========================================================================
Received Import Request.
  Time since last request: 0.000017 seconds.
  path: Assets/Sprites/Player_Hurt/Fire_00053.png
  importAddress: Guid(02c84fb491fb84f9983957933d7b1958) Importer(2089858483,b0f066a214c2f5e87bad3c948f4d605d)
Start importing Assets/Sprites/Player_Hurt/Fire_00053.png using Guid(02c84fb491fb84f9983957933d7b1958) Importer(2089858483,b0f066a214c2f5e87bad3c948f4d605d) (ScriptedImporter) -> (Import Result ID: '0653c2bdbdfb3332927037333c0ab80a') in 0.0123029 seconds [static and dynamic dependencies]. Details - ImportResultOutputID=0a6ab4e33113abcf6661963705133573 DependenciesID=dc1336af73c1aa7338f046c018632ac9 StaticDependenciesID=e0a3eb1a5e503b06fc7ec93e31c61136 
Number of updated asset objects reloaded before import = 0Number of asset objects unloaded after import = 3

========================================================================
Received Import Request.
  Time since last request: 0.000017 seconds.
  path: Assets/Sprites/Player_Turn_Right/Player Turn Right0001.png
  importAddress: Guid(b3ab8b6c15fbb4bf5bdca33e151a4d03) Importer(2089858483,b0f066a214c2f5e87bad3c948f4d605d)
Start importing Assets/Sprites/Player_Turn_Right/Player Turn Right0001.png using Guid(b3ab8b6c15fbb4bf5bdca33e151a4d03) Importer(2089858483,b0f066a214c2f5e87bad3c948f4d605d) (ScriptedImporter) -> (Import Result ID: '84a4bdada0f7f12f48835ed1da1e4ef8') in 0.0111025 seconds [static and dynamic dependencies]. Details - ImportResultOutputID=f513c5c59a13cfe3f21e5bdc6087fcbe DependenciesID=b98fb3a345b7b3815871e27055173380 StaticDependenciesID=c9edc5f5c87c73dabf7160a048b0dbd0 
Number of updated asset objects reloaded before import = 0Number of asset objects unloaded after import = 3

========================================================================
Received Import Request.
  Time since last request: 0.000017 seconds.
  path: Assets/Sprites/Explosion/Explosion_00145.png
  importAddress: Guid(0d1751003544c4e3fa250cb2194bcb4d) Importer(2089858483,b0f066a214c2f5e87bad3c948f4d605d)
Start importing Assets/Sprites/Explosion/Explosion_00145.png using Guid(0d1751003544c4e3fa250cb2194bcb4d) Importer(2089858483,b0f066a214c2f5e87bad3c948f4d605d) (ScriptedImporter) -> (Import Result ID: '022116fe2258a1318d429a95df993c09') in 0.0114062 seconds [static and dynamic dependencies]. Details - ImportResultOutputID=4083883e6c1512f5002b624dc89fdad7 DependenciesID=a5dfdab8cb24fc25d7f2906f0ad3deaf StaticDependenciesID=edf6d06f26805ea8af06de256a2d8873 
Number of updated asset objects reloaded before import = 0Number of asset objects unloaded after import = 3

========================================================================
Received Import Request.
  Time since last request: 0.000020 seconds.
  path: Assets/Sprites/Player_Hurt/Fire_00005.png
  importAddress: Guid(91900bc67e3194397973b97573d7871a) Importer(2089858483,b0f066a214c2f5e87bad3c948f4d605d)
Start importing Assets/Sprites/Player_Hurt/Fire_00005.png using Guid(91900bc67e3194397973b97573d7871a) Importer(2089858483,b0f066a214c2f5e87bad3c948f4d605d) (ScriptedImporter) -> (Import Result ID: '92e75630342703db10ffbcd605e01f60') in 0.0116417 seconds [static and dynamic dependencies]. Details - ImportResultOutputID=9f27d05757f4d67353db176a487c6f8a DependenciesID=b2fc7d70fb2b8baec1525989d67dc067 StaticDependenciesID=3754ba3ef2e0166e6df3e3267f4313cc 
Number of updated asset objects reloaded before import = 0Number of asset objects unloaded after import = 3

========================================================================
Received Import Request.
  Time since last request: 0.000021 seconds.
  path: Assets/Sprites/Thruster/Thruster_00005.png
  importAddress: Guid(e02b5188ae04149818de6bee3da89b9f) Importer(2089858483,b0f066a214c2f5e87bad3c948f4d605d)
Start importing Assets/Sprites/Thruster/Thruster_00005.png using Guid(e02b5188ae04149818de6bee3da89b9f) Importer(2089858483,b0f066a214c2f5e87bad3c948f4d605d) (ScriptedImporter) -> (Import Result ID: '4771f252b91ca96c704c612a11988a43') in 0.0112122 seconds [static and dynamic dependencies]. Details - ImportResultOutputID=7c989042cf91b4d82be8b2a49610e477 DependenciesID=b199bfff7979644e80ca11bcdb8bd35a StaticDependenciesID=3469cc7d4d7c6713b00d7f0cf3d973d9 
Number of updated asset objects reloaded before import = 0Number of asset objects unloaded after import = 3

========================================================================
Received Import Request.
  Time since last request: 0.000026 seconds.
  path: Assets/Sprites/Thruster/Thruster_00019.png
  importAddress: Guid(2d45817a8ac8e41bba5bc5b701048a62) Importer(2089858483,b0f066a214c2f5e87bad3c948f4d605d)
Start importing Assets/Sprites/Thruster/Thruster_00019.png using Guid(2d45817a8ac8e41bba5bc5b701048a62) Importer(2089858483,b0f066a214c2f5e87bad3c948f4d605d) (ScriptedImporter) -> (Import Result ID: 'd164ddccdafb14303da6376fc7581525') in 0.0106052 seconds [static and dynamic dependencies]. Details - ImportResultOutputID=23315a876ad4c0929c207edb440d1a3b DependenciesID=c0f2d3212511b603e82f060b17741b37 StaticDependenciesID=97bc966772588713b96afddbec1aa15d 
Number of updated asset objects reloaded before import = 0Number of asset objects unloaded after import = 3

========================================================================
Received Import Request.
  Time since last request: 0.000020 seconds.
  path: Assets/Sprites/Player_Shield/Shields_00000.png
  importAddress: Guid(333b0196b7a764df5a7768ead9b69dbc) Importer(2089858483,b0f066a214c2f5e87bad3c948f4d605d)
Start importing Assets/Sprites/Player_Shield/Shields_00000.png using Guid(333b0196b7a764df5a7768ead9b69dbc) Importer(2089858483,b0f066a214c2f5e87bad3c948f4d605d) (ScriptedImporter) -> (Import Result ID: 'ce2eca713a486ed7f7398191c3ee50c4') in 0.0109428 seconds [static and dynamic dependencies]. Details - ImportResultOutputID=9ddf1dde3917dd61854f59ad4352aa60 DependenciesID=f412dd667ab81a8bea2e9734b2bab797 StaticDependenciesID=f46873df697cf2301e445d29962fe152 
Number of updated asset objects reloaded before import = 0Number of asset objects unloaded after import = 3

========================================================================
Received Import Request.
  Time since last request: 0.000015 seconds.
  path: Assets/Standard Assets/PhysicsMaterials/ZeroFriction.physicMaterial
  importAddress: Guid(c2815a7ab32e42c4bb42f59caacb8ec1) Importer(2089858483,b0f066a214c2f5e87bad3c948f4d605d)
Start importing Assets/Standard Assets/PhysicsMaterials/ZeroFriction.physicMaterial using Guid(c2815a7ab32e42c4bb42f59caacb8ec1) Importer(2089858483,b0f066a214c2f5e87bad3c948f4d605d) (ScriptedImporter) -> (Import Result ID: '3e06e087cb76fa62b18dbe1622f75bf8') in 0.0093209 seconds [static and dynamic dependencies]. Details - ImportResultOutputID=2b203c9c6740af95f16640d6617b821b DependenciesID=8e4f7b08384b863c41a15a7a75a35488 StaticDependenciesID=f29244ae1ba9de7ed068be1d569a89a1 
Number of updated asset objects reloaded before import = 0Number of asset objects unloaded after import = 1

========================================================================
Received Import Request.
  Time since last request: 0.000031 seconds.
  path: Assets/Sprites/Player_Hurt/Fire_00006.png
  importAddress: Guid(91d6b4f7541d04f8a84b544e2ba320f3) Importer(2089858483,b0f066a214c2f5e87bad3c948f4d605d)
Start importing Assets/Sprites/Player_Hurt/Fire_00006.png using Guid(91d6b4f7541d04f8a84b544e2ba320f3) Importer(2089858483,b0f066a214c2f5e87bad3c948f4d605d) (ScriptedImporter) -> (Import Result ID: '543be99a6d416d4fa2879b13e361d8d7') in 0.01179 seconds [static and dynamic dependencies]. Details - ImportResultOutputID=97707a2a40fb508ee1fb0f7cf2a9e551 DependenciesID=5f88e71ddd0ec8dda73f09b8a81a257e StaticDependenciesID=34be9934d2b320231dd6e8de2aca1ff8 
Number of updated asset objects reloaded before import = 0Number of asset objects unloaded after import = 3

========================================================================
Received Import Request.
  Time since last request: 0.000015 seconds.
  path: Assets/Sprites/Player_Hurt/Fire_00044.png
  importAddress: Guid(72546d6c77dc746fa8759700d8eaa6dd) Importer(2089858483,b0f066a214c2f5e87bad3c948f4d605d)
Start importing Assets/Sprites/Player_Hurt/Fire_00044.png using Guid(72546d6c77dc746fa8759700d8eaa6dd) Importer(2089858483,b0f066a214c2f5e87bad3c948f4d605d) (ScriptedImporter) -> (Import Result ID: 'b7f1d5d43d0e5a02394a5be9dfb5abfd') in 0.0107851 seconds [static and dynamic dependencies]. Details - ImportResultOutputID=8f6e27a9c09508a036b1e711cefc1e8d DependenciesID=87a61d18e0a7b26c40c7b7f7d34b00ca StaticDependenciesID=9e17607861e73566e993780226bd5713 
Number of updated asset objects reloaded before import = 0Number of asset objects unloaded after import = 3

========================================================================
Received Import Request.
  Time since last request: 0.335195 seconds.
  path: Assets/Standard Assets/Utility/CameraRefocus.cs
  importAddress: Guid(d1e2e7a54dcc8694ab1eca46d072f264) Importer(2089858483,b0f066a214c2f5e87bad3c948f4d605d)
Start importing Assets/Standard Assets/Utility/CameraRefocus.cs using Guid(d1e2e7a54dcc8694ab1eca46d072f264) Importer(2089858483,b0f066a214c2f5e87bad3c948f4d605d) (ScriptedImporter) -> (Import Result ID: '69dee9af10d2e260a6a5b4f31bfc050f') in 0.0076835 seconds [static and dynamic dependencies]. Details - ImportResultOutputID=06884785d33c1ca15b108c66377e75f6 DependenciesID=d5d0f32d6d38b7db96cd6da0dc5c4db3 StaticDependenciesID=7a7707c02524c18628f2bc509359023e 
Number of updated asset objects reloaded before import = 0Number of asset objects unloaded after import = 0

========================================================================
Received Import Request.
  Time since last request: 0.000049 seconds.
  path: Assets/Standard Assets/2D/Prefabs/CollisionSlider.prefab
  importAddress: Guid(2a71c12ae885e4f80b5144a4652bbeb4) Importer(2089858483,b0f066a214c2f5e87bad3c948f4d605d)
Start importing Assets/Standard Assets/2D/Prefabs/CollisionSlider.prefab using Guid(2a71c12ae885e4f80b5144a4652bbeb4) Importer(2089858483,b0f066a214c2f5e87bad3c948f4d605d) (ScriptedImporter) -> (Import Result ID: '7e9881a5ae2cd0ea016184c31e734d5e') in 0.0091381 seconds [static and dynamic dependencies]. Details - ImportResultOutputID=b1849904b3424717a3a2ec080f62a9ef DependenciesID=646192fc9ef57d97d09515d5e302dd3b StaticDependenciesID=1b2a610fabbaee41543171d0494cafbb 
Number of updated asset objects reloaded before import = 0Number of asset objects unloaded after import = 6

========================================================================
Received Import Request.
  Time since last request: 0.000016 seconds.
  path: Assets/Standard Assets/ParticleSystems/Materials/ParticleFireball.mat
  importAddress: Guid(26ea534dcd83fe14c9173a52e151cce8) Importer(2089858483,b0f066a214c2f5e87bad3c948f4d605d)
Start importing Assets/Standard Assets/ParticleSystems/Materials/ParticleFireball.mat using Guid(26ea534dcd83fe14c9173a52e151cce8) Importer(2089858483,b0f066a214c2f5e87bad3c948f4d605d) (ScriptedImporter) -> (Import Result ID: '2bf5e951d931d37beeeaa772b93afa14') in 0.0090481 seconds [static and dynamic dependencies]. Details - ImportResultOutputID=3b2be0a8aea3de4e243c20426a4111b2 DependenciesID=e644ed8ee58102450dfa878bbdeae5db StaticDependenciesID=fd3bb8edd4e7d45b47bb72e52dbd7f94 
Number of updated asset objects reloaded before import = 0Number of asset objects unloaded after import = 2

========================================================================
Received Import Request.
  Time since last request: 0.000018 seconds.
  path: Assets/Standard Assets/Characters/FirstPersonCharacter/FirstPersonCharacterGuidelines.txt
  importAddress: Guid(bc9b000e9b8028247bd816e159382646) Importer(2089858483,b0f066a214c2f5e87bad3c948f4d605d)
Start importing Assets/Standard Assets/Characters/FirstPersonCharacter/FirstPersonCharacterGuidelines.txt using Guid(bc9b000e9b8028247bd816e159382646) Importer(2089858483,b0f066a214c2f5e87bad3c948f4d605d) (ScriptedImporter) -> (Import Result ID: 'b6fa0e8f4655f293453e9b4b796095df') in 0.0064835 seconds [static and dynamic dependencies]. Details - ImportResultOutputID=d50192444e40410668e1fde3f06e01b9 DependenciesID=969388b20d35f9c41777e4e1e08008b3 StaticDependenciesID=42f040fa5c361eb1c4cff67d70841de4 
Number of updated asset objects reloaded before import = 0Number of asset objects unloaded after import = 1

========================================================================
Received Import Request.
  Time since last request: 0.000029 seconds.
  path: Assets/Standard Assets/CrossPlatformInput/Sprites/ButtonBrakeUpSprite.png
  importAddress: Guid(827c9cd4a3943534f909ac6473e17288) Importer(2089858483,b0f066a214c2f5e87bad3c948f4d605d)
Start importing Assets/Standard Assets/CrossPlatformInput/Sprites/ButtonBrakeUpSprite.png using Guid(827c9cd4a3943534f909ac6473e17288) Importer(2089858483,b0f066a214c2f5e87bad3c948f4d605d) (ScriptedImporter) -> (Import Result ID: 'a71d0d59f9377ae18b13274c13f8753f') in 0.0103916 seconds [static and dynamic dependencies]. Details - ImportResultOutputID=2f9f942a9cab90663f27c5521ba8551c DependenciesID=d76b7b9f2c93508ea91ee6837131a4a5 StaticDependenciesID=7514b60af439df1f2cbe316798516aaf 
Number of updated asset objects reloaded before import = 0Number of asset objects unloaded after import = 3

========================================================================
Received Import Request.
  Time since last request: 0.000017 seconds.
  path: Assets/Standard Assets/ParticleSystems/Prefabs/Explosion.prefab
  importAddress: Guid(031d08f52af1daa4f929b85221519426) Importer(2089858483,b0f066a214c2f5e87bad3c948f4d605d)
Start importing Assets/Standard Assets/ParticleSystems/Prefabs/Explosion.prefab using Guid(031d08f52af1daa4f929b85221519426) Importer(2089858483,b0f066a214c2f5e87bad3c948f4d605d) (ScriptedImporter) -> (Import Result ID: 'f82d4d6eb3b66b25d3acc2fde3b66e2d') in 0.0207798 seconds [static and dynamic dependencies]. Details - ImportResultOutputID=564ec9f46877e0963f3c1df9deb169b8 DependenciesID=f78af933c2104314266b64b598482cae StaticDependenciesID=e6659d8d88bc13c061266413ce23fab4 
Number of updated asset objects reloaded before import = 0Number of asset objects unloaded after import = 43

========================================================================
Received Import Request.
  Time since last request: 0.000018 seconds.
  path: Assets/Standard Assets/2D/Animations/RobotBoyJump08.anim
  importAddress: Guid(04c2ee985bb1a9849b5a6e8bee482aed) Importer(2089858483,b0f066a214c2f5e87bad3c948f4d605d)
Start importing Assets/Standard Assets/2D/Animations/RobotBoyJump08.anim using Guid(04c2ee985bb1a9849b5a6e8bee482aed) Importer(2089858483,b0f066a214c2f5e87bad3c948f4d605d) (ScriptedImporter) -> (Import Result ID: 'e9687da36259dd61f71f5d3625a0702a') in 0.0105956 seconds [static and dynamic dependencies]. Details - ImportResultOutputID=869013012f5c470b3eabd71d9c4c6472 DependenciesID=7f74f0c45fcf33897a9d429e48839a95 StaticDependenciesID=7e577fec76fbade8f5b4f72de0dd9b69 
Number of updated asset objects reloaded before import = 0Number of asset objects unloaded after import = 1

========================================================================
Received Import Request.
  Time since last request: 0.000038 seconds.
  path: Assets/Sprites/Power_Ups/Triple_Shot/Powerup3_0008_00013.png
  importAddress: Guid(201c6bec23c7da9448c3e8bf7a26e89f) Importer(2089858483,b0f066a214c2f5e87bad3c948f4d605d)
Start importing Assets/Sprites/Power_Ups/Triple_Shot/Powerup3_0008_00013.png using Guid(201c6bec23c7da9448c3e8bf7a26e89f) Importer(2089858483,b0f066a214c2f5e87bad3c948f4d605d) (ScriptedImporter) -> (Import Result ID: 'be1185ba72280f980848bfdcf41f5f43') in 0.013929 seconds [static and dynamic dependencies]. Details - ImportResultOutputID=a829f9b8fd17aa12929e836631f09146 DependenciesID=e7e3700625c17d59ac1c8b165171940c StaticDependenciesID=2bd5d78eeb875555486e70fc87af8d2e 
Number of updated asset objects reloaded before import = 0Number of asset objects unloaded after import = 3

========================================================================
Received Import Request.
  Time since last request: 0.000020 seconds.
  path: Assets/Sprites/Power_Ups/Speed/Powerup1_0008_00007.psd
  importAddress: Guid(5a268b4f96c2b004ea1a38c78e2277a1) Importer(2089858483,b0f066a214c2f5e87bad3c948f4d605d)
Start importing Assets/Sprites/Power_Ups/Speed/Powerup1_0008_00007.psd using Guid(5a268b4f96c2b004ea1a38c78e2277a1) Importer(2089858483,b0f066a214c2f5e87bad3c948f4d605d) (ScriptedImporter) -> (Import Result ID: '472592f5cde842ae9639d05c168fa19e') in 0.0127679 seconds [static and dynamic dependencies]. Details - ImportResultOutputID=5f3a847d33252df5c1b1e61e97f0ac33 DependenciesID=d5ab3a88d99a07037ef687825bcbfd1d StaticDependenciesID=991edb7b57f80295d46b28c44a391041 
Number of updated asset objects reloaded before import = 0Number of asset objects unloaded after import = 3

========================================================================
Received Import Request.
  Time since last request: 0.000020 seconds.
  path: Assets/Sprites/Power_Ups/Speed/Powerup1_0008_00008.psd
  importAddress: Guid(2486687f5b9cec34fbd039e818fcd398) Importer(2089858483,b0f066a214c2f5e87bad3c948f4d605d)
Start importing Assets/Sprites/Power_Ups/Speed/Powerup1_0008_00008.psd using Guid(2486687f5b9cec34fbd039e818fcd398) Importer(2089858483,b0f066a214c2f5e87bad3c948f4d605d) (ScriptedImporter) -> (Import Result ID: 'a84cadd75ca785d36d1fb045d1b8a676') in 0.0122009 seconds [static and dynamic dependencies]. Details - ImportResultOutputID=bdd42905cb648653e1e3385417ad537c DependenciesID=045ed4757087bce3e58d0da6c7c5cb58 StaticDependenciesID=9b021f55645cbf7ed29b14f6ad5f241f 
Number of updated asset objects reloaded before import = 0Number of asset objects unloaded after import = 3

========================================================================
Received Import Request.
  Time since last request: 0.000018 seconds.
  path: Assets/Sprites/Power_Ups/Speed/Powerup1_0008_00010.psd
  importAddress: Guid(8533facd69878cc44b2123eefba2d698) Importer(2089858483,b0f066a214c2f5e87bad3c948f4d605d)
Start importing Assets/Sprites/Power_Ups/Speed/Powerup1_0008_00010.psd using Guid(8533facd69878cc44b2123eefba2d698) Importer(2089858483,b0f066a214c2f5e87bad3c948f4d605d) (ScriptedImporter) -> (Import Result ID: '0e294f451edd14c8ae275dc455704d0e') in 0.0121068 seconds [static and dynamic dependencies]. Details - ImportResultOutputID=a0a8fdbbf2f71f4abfae4b7229fc8cc5 DependenciesID=ae92da971327cc1e71df4dd73029f116 StaticDependenciesID=f6224adc310bbc448cf347aed3cae656 
Number of updated asset objects reloaded before import = 0Number of asset objects unloaded after import = 3

========================================================================
Received Import Request.
  Time since last request: 0.000023 seconds.
  path: Assets/Standard Assets/2D/Animations/RobotBoyRun.anim
  importAddress: Guid(1c4aa503092e12040ac412fec79b5d67) Importer(2089858483,b0f066a214c2f5e87bad3c948f4d605d)
Start importing Assets/Standard Assets/2D/Animations/RobotBoyRun.anim using Guid(1c4aa503092e12040ac412fec79b5d67) Importer(2089858483,b0f066a214c2f5e87bad3c948f4d605d) (ScriptedImporter) -> (Import Result ID: '35ae4b64cefe1bc6e8ed65ff565d78a5') in 0.0096972 seconds [static and dynamic dependencies]. Details - ImportResultOutputID=85d881d84cf5a93814b0d06e2a6a7db2 DependenciesID=ef56fa933c8f5e245c3aaece7603e4b4 StaticDependenciesID=fef915c038048be501d5010b1b31d98a 
Number of updated asset objects reloaded before import = 0Number of asset objects unloaded after import = 1

========================================================================
Received Import Request.
  Time since last request: 0.000048 seconds.
  path: Assets/Standard Assets/Utility/TimedObjectActivator.cs
  importAddress: Guid(3a7cedf246fca744f90cbdc9dbe41166) Importer(2089858483,b0f066a214c2f5e87bad3c948f4d605d)
Start importing Assets/Standard Assets/Utility/TimedObjectActivator.cs using Guid(3a7cedf246fca744f90cbdc9dbe41166) Importer(2089858483,b0f066a214c2f5e87bad3c948f4d605d) (ScriptedImporter) -> (Import Result ID: 'f2bec194b59c1d24a1ca8957963aceb9') in 0.0087756 seconds [static and dynamic dependencies]. Details - ImportResultOutputID=ca66404732e00e6741851565716ff2c7 DependenciesID=2d1b08370e3d84ed35ab3a415e5b0b0f StaticDependenciesID=e137a9200247cb4059e8242cbf4add24 
Number of updated asset objects reloaded before import = 0Number of asset objects unloaded after import = 0

========================================================================
Received Import Request.
  Time since last request: 0.000070 seconds.
  path: Assets/Standard Assets/ParticleSystems/Materials/ParticleSteam.mat
  importAddress: Guid(60d4adad90a8b164abbb7d8ff5b4118a) Importer(2089858483,b0f066a214c2f5e87bad3c948f4d605d)
Start importing Assets/Standard Assets/ParticleSystems/Materials/ParticleSteam.mat using Guid(60d4adad90a8b164abbb7d8ff5b4118a) Importer(2089858483,b0f066a214c2f5e87bad3c948f4d605d) (ScriptedImporter) -> (Import Result ID: '049c278633002304cfda7642c4d9fc54') in 0.0099182 seconds [static and dynamic dependencies]. Details - ImportResultOutputID=5db141b19ca0055ff430ed51e3a3531b DependenciesID=9c41d2a8bfdaa10f50f2b0abd92d44b9 StaticDependenciesID=87599b894cafa01944279232d5d3d7bf 
Number of updated asset objects reloaded before import = 0Number of asset objects unloaded after import = 2

========================================================================
Received Import Request.
  Time since last request: 0.000017 seconds.
  path: Assets/Sprites/UI/Lives/no_lives.png
  importAddress: Guid(ba53e111f0125654cabfd4eefaf3a657) Importer(2089858483,b0f066a214c2f5e87bad3c948f4d605d)
Start importing Assets/Sprites/UI/Lives/no_lives.png using Guid(ba53e111f0125654cabfd4eefaf3a657) Importer(2089858483,b0f066a214c2f5e87bad3c948f4d605d) (ScriptedImporter) -> (Import Result ID: '483814e16dacc221d0748fe3c3945b5c') in 0.0122353 seconds [static and dynamic dependencies]. Details - ImportResultOutputID=22da98f488b102ed8bb995c2df4bd711 DependenciesID=5d9304d1bd338785fc9b8ef6ee3e9faa StaticDependenciesID=eb56b823bd3a1b183a123adee819bb63 
Number of updated asset objects reloaded before import = 0Number of asset objects unloaded after import = 3

========================================================================
Received Import Request.
  Time since last request: 0.000019 seconds.
  path: Assets/Sprites/Power_Ups/Triple_Shot/Powerup3_0008_00015.png
  importAddress: Guid(203a96b1228f08f4e8f7e2a4f756a0df) Importer(2089858483,b0f066a214c2f5e87bad3c948f4d605d)
Start importing Assets/Sprites/Power_Ups/Triple_Shot/Powerup3_0008_00015.png using Guid(203a96b1228f08f4e8f7e2a4f756a0df) Importer(2089858483,b0f066a214c2f5e87bad3c948f4d605d) (ScriptedImporter) -> (Import Result ID: 'f3bc301958d4bfe5f64aecc2f9fb4364') in 0.0110378 seconds [static and dynamic dependencies]. Details - ImportResultOutputID=adf9ad5870382bc35148297204622ccd DependenciesID=e3d52b55b4e89bf7a25852a068ba99a6 StaticDependenciesID=ab767bd8add3ae8937d276b21274c7b9 
Number of updated asset objects reloaded before import = 0Number of asset objects unloaded after import = 3

========================================================================
Received Import Request.
  Time since last request: 0.000019 seconds.
  path: Assets/Standard Assets/Cameras/Scripts/FreeLookCam.cs
  importAddress: Guid(e44af8091779fcb40801d5b284353dbe) Importer(2089858483,b0f066a214c2f5e87bad3c948f4d605d)
Start importing Assets/Standard Assets/Cameras/Scripts/FreeLookCam.cs using Guid(e44af8091779fcb40801d5b284353dbe) Importer(2089858483,b0f066a214c2f5e87bad3c948f4d605d) (ScriptedImporter) -> (Import Result ID: '6c1ba468e4c9b3e0d3de9df2301a86a2') in 0.008975 seconds [static and dynamic dependencies]. Details - ImportResultOutputID=bda229f5c7183a68c93c05619d2d6864 DependenciesID=6b678254428d1c4f2c8a48f7d41a7ecd StaticDependenciesID=0ec9b78589a8e60ce43e1518910e7868 
Number of updated asset objects reloaded before import = 0Number of asset objects unloaded after import = 0

========================================================================
Received Import Request.
  Time since last request: 0.000045 seconds.
  path: Assets/Standard Assets/ParticleSystems/Materials/ParticleSmokeBlack.mat
  importAddress: Guid(fc626cffedc907848a7b47b87aa5e34f) Importer(2089858483,b0f066a214c2f5e87bad3c948f4d605d)
Start importing Assets/Standard Assets/ParticleSystems/Materials/ParticleSmokeBlack.mat using Guid(fc626cffedc907848a7b47b87aa5e34f) Importer(2089858483,b0f066a214c2f5e87bad3c948f4d605d) (ScriptedImporter) -> (Import Result ID: 'fb792bcef89f086be9ce1690ea89db15') in 0.0100999 seconds [static and dynamic dependencies]. Details - ImportResultOutputID=d4a221c18e3ab6870faa6742be5c2477 DependenciesID=21311a192623e1029d4567a7bfd9df6e StaticDependenciesID=643dd892a7a41d05f5b7cdbe78fcc38e 
Number of updated asset objects reloaded before import = 0Number of asset objects unloaded after import = 2

========================================================================
Received Import Request.
  Time since last request: 0.000020 seconds.
  path: Assets/Standard Assets/Effects/ImageEffects/Readme.txt
  importAddress: Guid(cb7c1a8482a67664e95e13c16daf3adf) Importer(2089858483,b0f066a214c2f5e87bad3c948f4d605d)
Start importing Assets/Standard Assets/Effects/ImageEffects/Readme.txt using Guid(cb7c1a8482a67664e95e13c16daf3adf) Importer(2089858483,b0f066a214c2f5e87bad3c948f4d605d) (ScriptedImporter) -> (Import Result ID: '28073b90bbb8a0f400dcc5791c659978') in 0.0079902 seconds [static and dynamic dependencies]. Details - ImportResultOutputID=e614856bdd48ec391b33631ee2f79447 DependenciesID=70efe2a6e3a1fca1520dd2d059ae122f StaticDependenciesID=fa9e5649d0205b1924602cb42cdf8108 
Number of updated asset objects reloaded before import = 0Number of asset objects unloaded after import = 1

========================================================================
Received Import Request.
  Time since last request: 0.000029 seconds.
  path: Assets/Sprites/Power_Ups/Speed/Powerup1_0008_00015.psd
  importAddress: Guid(28f12876b78240a4aa78e0948517b936) Importer(2089858483,b0f066a214c2f5e87bad3c948f4d605d)
Start importing Assets/Sprites/Power_Ups/Speed/Powerup1_0008_00015.psd using Guid(28f12876b78240a4aa78e0948517b936) Importer(2089858483,b0f066a214c2f5e87bad3c948f4d605d) (ScriptedImporter) -> (Import Result ID: '193087638c8e0400078a79331348d6bc') in 0.0151793 seconds [static and dynamic dependencies]. Details - ImportResultOutputID=3e94264c59f6a55f4d6baec1bc1adf94 DependenciesID=17f57724f97d8ed9b8000a4d91b0b51a StaticDependenciesID=312a5437598d74b104425a04a0b92ebc 
Number of updated asset objects reloaded before import = 0Number of asset objects unloaded after import = 3

========================================================================
Received Import Request.
  Time since last request: 0.000021 seconds.
  path: Assets/Standard Assets/2D/PhysicsMaterials/Sticky.physicsMaterial2D
  importAddress: Guid(0cb77231a430b454fb792ff7ffcc3943) Importer(2089858483,b0f066a214c2f5e87bad3c948f4d605d)
Start importing Assets/Standard Assets/2D/PhysicsMaterials/Sticky.physicsMaterial2D using Guid(0cb77231a430b454fb792ff7ffcc3943) Importer(2089858483,b0f066a214c2f5e87bad3c948f4d605d) (ScriptedImporter) -> (Import Result ID: '7a4b70865743181e9f6f00c76ac1e5d0') in 0.007298 seconds [static and dynamic dependencies]. Details - ImportResultOutputID=b994db17d4f85808f9fc0300fd227a26 DependenciesID=970cc1169a7bff698596184ab9fe5af1 StaticDependenciesID=49aa68b3a560f7de348870a6ab66dd42 
Number of updated asset objects reloaded before import = 0Number of asset objects unloaded after import = 1

========================================================================
Received Import Request.
  Time since last request: 0.000067 seconds.
  path: Assets/Standard Assets/2D/Prefabs/CratePink.prefab
  importAddress: Guid(18fcd494ab71841d695135246693eb3a) Importer(2089858483,b0f066a214c2f5e87bad3c948f4d605d)
Start importing Assets/Standard Assets/2D/Prefabs/CratePink.prefab using Guid(18fcd494ab71841d695135246693eb3a) Importer(2089858483,b0f066a214c2f5e87bad3c948f4d605d) (ScriptedImporter) -> (Import Result ID: '320e79a42f81b271e3df5de31accc52e') in 0.0117335 seconds [static and dynamic dependencies]. Details - ImportResultOutputID=ee93f55531280ced58375584bace9271 DependenciesID=93c31984bdddff6612bda46dede11846 StaticDependenciesID=266e35f2e3c28c9cde0f2df8af7e0d10 
Number of updated asset objects reloaded before import = 0Number of asset objects unloaded after import = 11

========================================================================
Received Import Request.
  Time since last request: 0.000020 seconds.
  path: Assets/Sprites/Power_Ups/Triple_Shot/Powerup3_0008_00000.png
  importAddress: Guid(ed6681d697652144a913093bf7ad1d43) Importer(2089858483,b0f066a214c2f5e87bad3c948f4d605d)
Start importing Assets/Sprites/Power_Ups/Triple_Shot/Powerup3_0008_00000.png using Guid(ed6681d697652144a913093bf7ad1d43) Importer(2089858483,b0f066a214c2f5e87bad3c948f4d605d) (ScriptedImporter) -> (Import Result ID: '2a81f3bbe37989b35461ac3ed5603e9f') in 0.0114456 seconds [static and dynamic dependencies]. Details - ImportResultOutputID=62431b5ee36e76e40658b1bf0fa47e25 DependenciesID=9626fc839320990efff6bdb3cf16a95b StaticDependenciesID=729cb14ced6c8086323a1231d2760cb9 
Number of updated asset objects reloaded before import = 0Number of asset objects unloaded after import = 3

========================================================================
Received Import Request.
  Time since last request: 0.000019 seconds.
  path: Assets/Standard Assets/CrossPlatformInput/Sprites/ButtonCameraCycleUpSprite.png
  importAddress: Guid(a3983c59ebf804b4abba687bd7c9e92f) Importer(2089858483,b0f066a214c2f5e87bad3c948f4d605d)
Start importing Assets/Standard Assets/CrossPlatformInput/Sprites/ButtonCameraCycleUpSprite.png using Guid(a3983c59ebf804b4abba687bd7c9e92f) Importer(2089858483,b0f066a214c2f5e87bad3c948f4d605d) (ScriptedImporter) -> (Import Result ID: '3b0a6771b7dbd5f5ba1d34a68de85110') in 0.0107357 seconds [static and dynamic dependencies]. Details - ImportResultOutputID=b15c8f18eeefdf4cc77d3f77d679bf43 DependenciesID=ee7cd48ffe9d47a6e2488e02439703ea StaticDependenciesID=8187d882e6d3b735a2049660dc3e7ba1 
Number of updated asset objects reloaded before import = 0Number of asset objects unloaded after import = 3

========================================================================
Received Import Request.
  Time since last request: 0.000015 seconds.
  path: Assets/Sprites/Power_Ups/Shield/Powerup2_0008_00004.png
  importAddress: Guid(5979a5b3d6b2d43ccac8e172b49a0af6) Importer(2089858483,b0f066a214c2f5e87bad3c948f4d605d)
Start importing Assets/Sprites/Power_Ups/Shield/Powerup2_0008_00004.png using Guid(5979a5b3d6b2d43ccac8e172b49a0af6) Importer(2089858483,b0f066a214c2f5e87bad3c948f4d605d) (ScriptedImporter) -> (Import Result ID: 'ac6e8ef0fd94439550e6d0a66212941d') in 0.0112605 seconds [static and dynamic dependencies]. Details - ImportResultOutputID=5f22aff053767be35aecf059a733771f DependenciesID=6a2c4e95673bc8faf30c391307e4a9e3 StaticDependenciesID=c0316967ecaae8f3e26372780f40776c 
Number of updated asset objects reloaded before import = 0Number of asset objects unloaded after import = 3

========================================================================
Received Import Request.
  Time since last request: 0.000018 seconds.
  path: Assets/TextMesh Pro/Sprites/EmojiOne Attribution.txt
  importAddress: Guid(381dcb09d5029d14897e55f98031fca5) Importer(2089858483,b0f066a214c2f5e87bad3c948f4d605d)
Start importing Assets/TextMesh Pro/Sprites/EmojiOne Attribution.txt using Guid(381dcb09d5029d14897e55f98031fca5) Importer(2089858483,b0f066a214c2f5e87bad3c948f4d605d) (ScriptedImporter) -> (Import Result ID: '20ccd90c27eaba4b93e002cc612297be') in 0.0083291 seconds [static and dynamic dependencies]. Details - ImportResultOutputID=82e8071922dfd5c7ef7cbb27b9c005f3 DependenciesID=8c03b2b9b09ef59d1b5db314ee9e6e19 StaticDependenciesID=663ac3237ca7f073ce1c9fa301094ba0 
Number of updated asset objects reloaded before import = 0Number of asset objects unloaded after import = 1

========================================================================
Received Import Request.
  Time since last request: 0.000030 seconds.
  path: Assets/Standard Assets/CrossPlatformInput/Sprites/ButtonAcceleratorUpSprite.png
  importAddress: Guid(f588d850485d0ae479d73cf3bd0b7b00) Importer(2089858483,b0f066a214c2f5e87bad3c948f4d605d)
Start importing Assets/Standard Assets/CrossPlatformInput/Sprites/ButtonAcceleratorUpSprite.png using Guid(f588d850485d0ae479d73cf3bd0b7b00) Importer(2089858483,b0f066a214c2f5e87bad3c948f4d605d) (ScriptedImporter) -> (Import Result ID: '95cc4be1d5a71c83b9e87d6f6df7946b') in 0.0119662 seconds [static and dynamic dependencies]. Details - ImportResultOutputID=413d4963fcd4c3943d384e375548f3d2 DependenciesID=31104af284298d96bd0a4a2678f21506 StaticDependenciesID=feaf376250475b1212385c7e229fdd37 
Number of updated asset objects reloaded before import = 0Number of asset objects unloaded after import = 3

========================================================================
Received Import Request.
  Time since last request: 0.000016 seconds.
  path: Assets/Standard Assets/ParticleSystems/Prefabs/FireComplex.prefab
  importAddress: Guid(bf495eacf58e31146ab012aa89ac68da) Importer(2089858483,b0f066a214c2f5e87bad3c948f4d605d)
Start importing Assets/Standard Assets/ParticleSystems/Prefabs/FireComplex.prefab using Guid(bf495eacf58e31146ab012aa89ac68da) Importer(2089858483,b0f066a214c2f5e87bad3c948f4d605d) (ScriptedImporter) -> (Import Result ID: '5b72700a888f1c512636ae3cc4290086') in 0.0189105 seconds [static and dynamic dependencies]. Details - ImportResultOutputID=4aaaa15ec1f3b12a6c825e1b6b732b25 DependenciesID=bc89699f51d8097244375919bf5504f2 StaticDependenciesID=fb20d5148705a8d6378a96e10b3e6d06 
Number of updated asset objects reloaded before import = 0Number of asset objects unloaded after import = 40

========================================================================
Received Import Request.
  Time since last request: 0.000016 seconds.
  path: Assets/Standard Assets/Cameras/Scripts/LookatTarget.cs
  importAddress: Guid(f2ec2b96de5640e42a622fc3064f1c80) Importer(2089858483,b0f066a214c2f5e87bad3c948f4d605d)
Start importing Assets/Standard Assets/Cameras/Scripts/LookatTarget.cs using Guid(f2ec2b96de5640e42a622fc3064f1c80) Importer(2089858483,b0f066a214c2f5e87bad3c948f4d605d) (ScriptedImporter) -> (Import Result ID: 'e3e427b82d94a1c8db3db3b7605d8438') in 0.0082524 seconds [static and dynamic dependencies]. Details - ImportResultOutputID=3be748086279f4d9986123a3315d3d93 DependenciesID=c2fe1f856bd41a7ab69f68654b75b3b0 StaticDependenciesID=1ca492515b2ada466ebd7192cae66d61 
Number of updated asset objects reloaded before import = 0Number of asset objects unloaded after import = 0

========================================================================
Received Import Request.
  Time since last request: 0.000066 seconds.
  path: Assets/Standard Assets/Characters/RollerBall/RollerBallGuidelines.txt
  importAddress: Guid(0cdb788e79be7594e8cc8e1f742d23b7) Importer(2089858483,b0f066a214c2f5e87bad3c948f4d605d)
Start importing Assets/Standard Assets/Characters/RollerBall/RollerBallGuidelines.txt using Guid(0cdb788e79be7594e8cc8e1f742d23b7) Importer(2089858483,b0f066a214c2f5e87bad3c948f4d605d) (ScriptedImporter) -> (Import Result ID: 'ee94114280a98ba8a32e84f203c6906f') in 0.0070137 seconds [static and dynamic dependencies]. Details - ImportResultOutputID=1d875dd1bd90c09629ba5454e010f853 DependenciesID=17e2f407a91a0b8c16e15ff6e033cb1c StaticDependenciesID=713ec344ef9e1177b1ed399d09ce5abd 
Number of updated asset objects reloaded before import = 0Number of asset objects unloaded after import = 1

========================================================================
Received Import Request.
  Time since last request: 0.000040 seconds.
  path: Assets/Sprites/Power_Ups/Speed/Powerup1_0008_00004.psd
  importAddress: Guid(4ef041ab5e189614f92e3d34f3fb7b84) Importer(2089858483,b0f066a214c2f5e87bad3c948f4d605d)
Start importing Assets/Sprites/Power_Ups/Speed/Powerup1_0008_00004.psd using Guid(4ef041ab5e189614f92e3d34f3fb7b84) Importer(2089858483,b0f066a214c2f5e87bad3c948f4d605d) (ScriptedImporter) -> (Import Result ID: '8611f085611ea236e1417d8270d3046d') in 0.0120712 seconds [static and dynamic dependencies]. Details - ImportResultOutputID=0e914f4f90c2ccedce312938c6638dd5 DependenciesID=2f6ac8b6fc32821f8dafbbc0936c7021 StaticDependenciesID=f4a5cf6f229b5824d95aba01fedf39a3 
Number of updated asset objects reloaded before import = 0Number of asset objects unloaded after import = 3

========================================================================
Received Import Request.
  Time since last request: 0.000021 seconds.
  path: Assets/Standard Assets/2D/Animations/RobotBoyIdle.anim
  importAddress: Guid(c0a32aa5206b400428f52a44b234c97f) Importer(2089858483,b0f066a214c2f5e87bad3c948f4d605d)
Start importing Assets/Standard Assets/2D/Animations/RobotBoyIdle.anim using Guid(c0a32aa5206b400428f52a44b234c97f) Importer(2089858483,b0f066a214c2f5e87bad3c948f4d605d) (ScriptedImporter) -> (Import Result ID: 'c71a4832dbf78ca54fc9f434eb4f7902') in 0.0103747 seconds [static and dynamic dependencies]. Details - ImportResultOutputID=32db9023376db86d71ef3515e041eb15 DependenciesID=c0d5eadddef749a2c5e548719d0dddb4 StaticDependenciesID=63e4d0aee1829a4c0af78f3de5646e8d 
Number of updated asset objects reloaded before import = 0Number of asset objects unloaded after import = 1

========================================================================
Received Import Request.
  Time since last request: 0.000017 seconds.
  path: Assets/Standard Assets/CrossPlatformInput/Scripts/VirtualInput.cs
  importAddress: Guid(0f57aeb1b8dce3342bea5c28ac17db24) Importer(2089858483,b0f066a214c2f5e87bad3c948f4d605d)
Start importing Assets/Standard Assets/CrossPlatformInput/Scripts/VirtualInput.cs using Guid(0f57aeb1b8dce3342bea5c28ac17db24) Importer(2089858483,b0f066a214c2f5e87bad3c948f4d605d) (ScriptedImporter) -> (Import Result ID: '5acfe64a327a191ed74c7a036025bdb8') in 0.0084457 seconds [static and dynamic dependencies]. Details - ImportResultOutputID=72e99db3fc83e9e034d0cd572c24169e DependenciesID=6efdf3fb8440aedbbea47cd2966860cb StaticDependenciesID=504d2b8b9f3bb24f465844784620a1b5 
Number of updated asset objects reloaded before import = 0Number of asset objects unloaded after import = 0

========================================================================
Received Import Request.
  Time since last request: 0.000060 seconds.
  path: Assets/Sprites/Power_Ups/Shield/Powerup2_0008_00011.png
  importAddress: Guid(f980ecb3e759df848b9f8880d0ae46fd) Importer(2089858483,b0f066a214c2f5e87bad3c948f4d605d)
Start importing Assets/Sprites/Power_Ups/Shield/Powerup2_0008_00011.png using Guid(f980ecb3e759df848b9f8880d0ae46fd) Importer(2089858483,b0f066a214c2f5e87bad3c948f4d605d) (ScriptedImporter) -> (Import Result ID: '0b3bd921dac3edf0264aba034f7c2540') in 0.0122093 seconds [static and dynamic dependencies]. Details - ImportResultOutputID=fba11c6bee036dd903c040c47e99d3da DependenciesID=de7ed09b7b11c2cd25cf15e4347c94cb StaticDependenciesID=9bcb2468f30071a345208b509c7a0034 
Number of updated asset objects reloaded before import = 0Number of asset objects unloaded after import = 3

========================================================================
Received Import Request.
  Time since last request: 0.000016 seconds.
  path: Assets/Standard Assets/CrossPlatformInput/Scripts/InputAxisScrollbar.cs
  importAddress: Guid(7d3269566d48b8447bb48d2259e28f8b) Importer(2089858483,b0f066a214c2f5e87bad3c948f4d605d)
Start importing Assets/Standard Assets/CrossPlatformInput/Scripts/InputAxisScrollbar.cs using Guid(7d3269566d48b8447bb48d2259e28f8b) Importer(2089858483,b0f066a214c2f5e87bad3c948f4d605d) (ScriptedImporter) -> (Import Result ID: '2435f00bae1252bf7652f14fcbee9a3f') in 0.0081971 seconds [static and dynamic dependencies]. Details - ImportResultOutputID=f2e55845f1ac854328c69ca4163a4f1f DependenciesID=27f49344d2d8c79823809fa4ad862164 StaticDependenciesID=533112069c6a7921140bdb63240253a2 
Number of updated asset objects reloaded before import = 0Number of asset objects unloaded after import = 0

========================================================================
Received Import Request.
  Time since last request: 0.000064 seconds.
  path: Assets/Standard Assets/2D/Animations/RobotBoyJump05.anim
  importAddress: Guid(1829b8c50e4108f4b936e37f91181337) Importer(2089858483,b0f066a214c2f5e87bad3c948f4d605d)
Start importing Assets/Standard Assets/2D/Animations/RobotBoyJump05.anim using Guid(1829b8c50e4108f4b936e37f91181337) Importer(2089858483,b0f066a214c2f5e87bad3c948f4d605d) (ScriptedImporter) -> (Import Result ID: '0bec32cfb38725b356318d2aacdd563f') in 0.0091208 seconds [static and dynamic dependencies]. Details - ImportResultOutputID=ac8abbea98c00420cb645e2def8751be DependenciesID=2b1eecc5d3e775e04a388ca60cc81dc6 StaticDependenciesID=9ded5c99788db8fa81fe10114a066d77 
Number of updated asset objects reloaded before import = 0Number of asset objects unloaded after import = 1

========================================================================
Received Import Request.
  Time since last request: 0.000045 seconds.
  path: Assets/TextMesh Pro/Fonts/LiberationSans.ttf
  importAddress: Guid(e3265ab4bf004d28a9537516768c1c75) Importer(2089858483,b0f066a214c2f5e87bad3c948f4d605d)
Start importing Assets/TextMesh Pro/Fonts/LiberationSans.ttf using Guid(e3265ab4bf004d28a9537516768c1c75) Importer(2089858483,b0f066a214c2f5e87bad3c948f4d605d) (ScriptedImporter) -> (Import Result ID: 'd66541069d757daf851b24d3b6c37458') in 0.0105453 seconds [static and dynamic dependencies]. Details - ImportResultOutputID=00ef9f2d61c7a9dbd851f39678a66817 DependenciesID=fb5ba9a522771eb2f62cc95cc007fe78 StaticDependenciesID=518d7db7c3f5a2bfbdb8fce2e125b24b 
Number of updated asset objects reloaded before import = 0Number of asset objects unloaded after import = 3

========================================================================
Received Import Request.
  Time since last request: 0.000018 seconds.
  path: Assets/Sprites/Power_Ups/Triple_Shot/Powerup3_0008_00009.png
  importAddress: Guid(27c59d36a1e7ec540864bea51d49bdaf) Importer(2089858483,b0f066a214c2f5e87bad3c948f4d605d)
Start importing Assets/Sprites/Power_Ups/Triple_Shot/Powerup3_0008_00009.png using Guid(27c59d36a1e7ec540864bea51d49bdaf) Importer(2089858483,b0f066a214c2f5e87bad3c948f4d605d) (ScriptedImporter) -> (Import Result ID: 'e332489b0bde0c31ac44ed5363544458') in 0.0119892 seconds [static and dynamic dependencies]. Details - ImportResultOutputID=15616a210a33b7c3783327faffc3222a DependenciesID=a42a8c2a6b88e96f288bf1a64a0ee244 StaticDependenciesID=b93ece71f50b98955b36cd66deaafb7b 
Number of updated asset objects reloaded before import = 0Number of asset objects unloaded after import = 3

========================================================================
Received Import Request.
  Time since last request: 0.000019 seconds.
  path: Assets/Standard Assets/2D/Animations/RobotBoyJump09.anim
  importAddress: Guid(57f38812aafe77142bf0c4ec50ff9c3a) Importer(2089858483,b0f066a214c2f5e87bad3c948f4d605d)
Start importing Assets/Standard Assets/2D/Animations/RobotBoyJump09.anim using Guid(57f38812aafe77142bf0c4ec50ff9c3a) Importer(2089858483,b0f066a214c2f5e87bad3c948f4d605d) (ScriptedImporter) -> (Import Result ID: '3aa1e46f6c524baefd3e12ad69bf94d3') in 0.0088648 seconds [static and dynamic dependencies]. Details - ImportResultOutputID=9894e8be7db4160231966167abdf6348 DependenciesID=93eb950d87070d307fd5f27a2b465628 StaticDependenciesID=f088df30d235a219595ecb3989b73d28 
Number of updated asset objects reloaded before import = 0Number of asset objects unloaded after import = 1

========================================================================
Received Import Request.
  Time since last request: 0.000036 seconds.
  path: Assets/Standard Assets/Utility/LerpControlledBob.cs
  importAddress: Guid(c1bbfafbde15c854681023b9e01e12dd) Importer(2089858483,b0f066a214c2f5e87bad3c948f4d605d)
Start importing Assets/Standard Assets/Utility/LerpControlledBob.cs using Guid(c1bbfafbde15c854681023b9e01e12dd) Importer(2089858483,b0f066a214c2f5e87bad3c948f4d605d) (ScriptedImporter) -> (Import Result ID: '95d5bd7883bb8f7614c74428aff31eb1') in 0.0076408 seconds [static and dynamic dependencies]. Details - ImportResultOutputID=fe36a39eeb4609358416cb81f2377543 DependenciesID=fa0c8d57944303c187fc3fbf33b53475 StaticDependenciesID=e8a90d0e81a6eb39fcb59984ca1a1396 
Number of updated asset objects reloaded before import = 0Number of asset objects unloaded after import = 0

========================================================================
Received Import Request.
  Time since last request: 0.000070 seconds.
  path: Assets/Standard Assets/CrossPlatformInput/Scripts/AxisTouchButton.cs
  importAddress: Guid(9ab98b66288df7b4fa182075f2f12bd6) Importer(2089858483,b0f066a214c2f5e87bad3c948f4d605d)
Start importing Assets/Standard Assets/CrossPlatformInput/Scripts/AxisTouchButton.cs using Guid(9ab98b66288df7b4fa182075f2f12bd6) Importer(2089858483,b0f066a214c2f5e87bad3c948f4d605d) (ScriptedImporter) -> (Import Result ID: '5bc187b0e4c52c5b0973671f9ca45849') in 0.0079388 seconds [static and dynamic dependencies]. Details - ImportResultOutputID=40801f39faa9df5578eeb6f7ff5864aa DependenciesID=6347fb75d36529cef9711d7a76b91b18 StaticDependenciesID=0235a7aa42cd5d3adb309d74dca3c267 
Number of updated asset objects reloaded before import = 0Number of asset objects unloaded after import = 0

========================================================================
Received Import Request.
  Time since last request: 0.000070 seconds.
  path: Assets/Sprites/Power_Ups/Shield/Powerup2_0008_00002.png
  importAddress: Guid(e24f9b063a413499c9dedf763aa655fa) Importer(2089858483,b0f066a214c2f5e87bad3c948f4d605d)
Start importing Assets/Sprites/Power_Ups/Shield/Powerup2_0008_00002.png using Guid(e24f9b063a413499c9dedf763aa655fa) Importer(2089858483,b0f066a214c2f5e87bad3c948f4d605d) (ScriptedImporter) -> (Import Result ID: 'fd59fd14b85619f5f8864440b0b95d06') in 0.0120388 seconds [static and dynamic dependencies]. Details - ImportResultOutputID=22fd981060d2cfff44d161dc52c54674 DependenciesID=73761f97ca891e75e94d51974f80f864 StaticDependenciesID=e62aac841c51a9c830f2c63a106acf99 
Number of updated asset objects reloaded before import = 0Number of asset objects unloaded after import = 3

========================================================================
Received Import Request.
  Time since last request: 0.000018 seconds.
  path: Assets/Standard Assets/2D/Sprites/RobotBoyDeathSprite.png
  importAddress: Guid(f45a39483cf4f914a816af821c9262bb) Importer(2089858483,b0f066a214c2f5e87bad3c948f4d605d)
Start importing Assets/Standard Assets/2D/Sprites/RobotBoyDeathSprite.png using Guid(f45a39483cf4f914a816af821c9262bb) Importer(2089858483,b0f066a214c2f5e87bad3c948f4d605d) (ScriptedImporter) -> (Import Result ID: 'c34fa23b0ea5b82a1f974fa2a3dc7509') in 0.0314168 seconds [static and dynamic dependencies]. Details - ImportResultOutputID=4320ed132f3edbb6f880873f5aee4e19 DependenciesID=540cc545da94b96b2972ff4ccb3dea22 StaticDependenciesID=77be8bc7e0a9daf45124f6de9f0e65b6 
Number of updated asset objects reloaded before import = 0Number of asset objects unloaded after import = 29

========================================================================
Received Import Request.
  Time since last request: 0.000022 seconds.
  path: Assets/Standard Assets/2D/Sprites/PlatformWhiteSprite.png
  importAddress: Guid(d90a8faf6fb9540b084ef2825cc3a5dc) Importer(2089858483,b0f066a214c2f5e87bad3c948f4d605d)
Start importing Assets/Standard Assets/2D/Sprites/PlatformWhiteSprite.png using Guid(d90a8faf6fb9540b084ef2825cc3a5dc) Importer(2089858483,b0f066a214c2f5e87bad3c948f4d605d) (ScriptedImporter) -> (Import Result ID: '8221ddd7c65b924cada26cbec9a99d92') in 0.0123793 seconds [static and dynamic dependencies]. Details - ImportResultOutputID=0a077975f1983d19cb36f8ec0d427319 DependenciesID=c5988335c01d772a6b114577762ce042 StaticDependenciesID=10bf773e58a7a0eac41605aec2f8e547 
Number of updated asset objects reloaded before import = 0Number of asset objects unloaded after import = 3

========================================================================
Received Import Request.
  Time since last request: 0.000016 seconds.
  path: Assets/Standard Assets/ParticleSystems/Prefabs/Afterburner.prefab
  importAddress: Guid(d8c41be67f41aa545ae053b0b927f821) Importer(2089858483,b0f066a214c2f5e87bad3c948f4d605d)
Start importing Assets/Standard Assets/ParticleSystems/Prefabs/Afterburner.prefab using Guid(d8c41be67f41aa545ae053b0b927f821) Importer(2089858483,b0f066a214c2f5e87bad3c948f4d605d) (ScriptedImporter) -> (Import Result ID: '2d5bb65e8acb19b05360321a9be4e6d3') in 0.0670527 seconds [static and dynamic dependencies]. Details - ImportResultOutputID=a03ec4a2c91c476f6ecc6985cdc96c11 DependenciesID=e5bfd8d0d38b61a4c1099c90b18b5958 StaticDependenciesID=a8a5b77380104f31cf75dd0bdc84dc99 
Number of updated asset objects reloaded before import = 0Number of asset objects unloaded after import = 12

========================================================================
Received Import Request.
  Time since last request: 0.000017 seconds.
  path: Assets/Sprites/Power_Ups/Triple_Shot/Powerup3_0008_00003.png
  importAddress: Guid(3f1c2590613aad2458e88e95f67764a7) Importer(2089858483,b0f066a214c2f5e87bad3c948f4d605d)
Start importing Assets/Sprites/Power_Ups/Triple_Shot/Powerup3_0008_00003.png using Guid(3f1c2590613aad2458e88e95f67764a7) Importer(2089858483,b0f066a214c2f5e87bad3c948f4d605d) (ScriptedImporter) -> (Import Result ID: 'b7ff130017ba770ccd8c84f9b97c5094') in 0.0117814 seconds [static and dynamic dependencies]. Details - ImportResultOutputID=7c4236d1532595c9d1c2374af99f1c54 DependenciesID=ce9a88d6d13c2e12e10ec2231a786905 StaticDependenciesID=9600511713bd951133575cec0dd2386e 
Number of updated asset objects reloaded before import = 0Number of asset objects unloaded after import = 3

========================================================================
Received Import Request.
  Time since last request: 0.000016 seconds.
  path: Assets/Standard Assets/2D/Prefabs/Platform36x01.prefab
  importAddress: Guid(d024aaa09f4080d448d16f62d1a97b0b) Importer(2089858483,b0f066a214c2f5e87bad3c948f4d605d)
Start importing Assets/Standard Assets/2D/Prefabs/Platform36x01.prefab using Guid(d024aaa09f4080d448d16f62d1a97b0b) Importer(2089858483,b0f066a214c2f5e87bad3c948f4d605d) (ScriptedImporter) -> (Import Result ID: '6edbff56a743b5784f10521d224688af') in 0.0093264 seconds [static and dynamic dependencies]. Details - ImportResultOutputID=b91e431aa1ac7d468a4e53569fa7f1f6 DependenciesID=adcddddef9c0beffefae86a1fcac2e64 StaticDependenciesID=df8761c0f59179b75eb8ca2755cb99c8 
Number of updated asset objects reloaded before import = 0Number of asset objects unloaded after import = 120

========================================================================
Received Import Request.
  Time since last request: 0.000020 seconds.
  path: Assets/Standard Assets/ParticleSystems/Materials/ParticleSplashes.mat
  importAddress: Guid(ff6663d927968dc4482d24a8495316de) Importer(2089858483,b0f066a214c2f5e87bad3c948f4d605d)
Start importing Assets/Standard Assets/ParticleSystems/Materials/ParticleSplashes.mat using Guid(ff6663d927968dc4482d24a8495316de) Importer(2089858483,b0f066a214c2f5e87bad3c948f4d605d) (ScriptedImporter) -> (Import Result ID: '29fd3ed050af0f665cc3270314cb5417') in 0.0084162 seconds [static and dynamic dependencies]. Details - ImportResultOutputID=4931d83a810e89a577e30454ee1f50c2 DependenciesID=8184a7f150dbbbe5890941ef67de422b StaticDependenciesID=051809cf4f62f6c82892abc86d2f50f5 
Number of updated asset objects reloaded before import = 0Number of asset objects unloaded after import = 2

========================================================================
Received Import Request.
  Time since last request: 0.000027 seconds.
  path: Assets/Standard Assets/CrossPlatformInput/Scripts/CrossPlatformInputManager.cs
  importAddress: Guid(6ac1ce5a5adfd9f46adbf5b6f752a47c) Importer(2089858483,b0f066a214c2f5e87bad3c948f4d605d)
Start importing Assets/Standard Assets/CrossPlatformInput/Scripts/CrossPlatformInputManager.cs using Guid(6ac1ce5a5adfd9f46adbf5b6f752a47c) Importer(2089858483,b0f066a214c2f5e87bad3c948f4d605d) (ScriptedImporter) -> (Import Result ID: '7f84ef69c7d52ac91d8240284ca71fed') in 0.007106 seconds [static and dynamic dependencies]. Details - ImportResultOutputID=503268b222b17eb8a28597987114a877 DependenciesID=e040697f79ab2bb95e006e92d88ed9fd StaticDependenciesID=50e168a2b93e999f0c5b11a81ba6faca 
Number of updated asset objects reloaded before import = 0Number of asset objects unloaded after import = 0

========================================================================
Received Import Request.
  Time since last request: 0.000053 seconds.
  path: Assets/Sprites/Power_Ups/Speed/Powerup1_0008_00005.psd
  importAddress: Guid(d4de74aee97397b44b7df297ba53a688) Importer(2089858483,b0f066a214c2f5e87bad3c948f4d605d)
Start importing Assets/Sprites/Power_Ups/Speed/Powerup1_0008_00005.psd using Guid(d4de74aee97397b44b7df297ba53a688) Importer(2089858483,b0f066a214c2f5e87bad3c948f4d605d) (ScriptedImporter) -> (Import Result ID: 'c323dbce196b63d01cd65e349197b152') in 0.0122168 seconds [static and dynamic dependencies]. Details - ImportResultOutputID=9131b1bda30f17f0e9fd6b6143d2b04b DependenciesID=f230b680d80025ed530e45341c2ac26e StaticDependenciesID=5a6450c0f1ba555e5e42464e2b64b003 
Number of updated asset objects reloaded before import = 0Number of asset objects unloaded after import = 3

========================================================================
Received Import Request.
  Time since last request: 0.000015 seconds.
  path: Assets/Standard Assets/CrossPlatformInput/Prefabs/CarTiltControls.prefab
  importAddress: Guid(174090ae7f9eff84abe76f0ff062efac) Importer(2089858483,b0f066a214c2f5e87bad3c948f4d605d)
Start importing Assets/Standard Assets/CrossPlatformInput/Prefabs/CarTiltControls.prefab using Guid(174090ae7f9eff84abe76f0ff062efac) Importer(2089858483,b0f066a214c2f5e87bad3c948f4d605d) (ScriptedImporter) -> (Import Result ID: '3904334b4ac6edba9c14847eeedd4224') in 0.0202562 seconds [static and dynamic dependencies]. Details - ImportResultOutputID=361f0497c7b632c34a7f576e2aa5e2cd DependenciesID=db2bded7eee5eacef734be5621c518d4 StaticDependenciesID=fb6c69cbd3bb252787937b9750308aa8 
Number of updated asset objects reloaded before import = 0Number of asset objects unloaded after import = 32

========================================================================
Received Import Request.
  Time since last request: 0.000017 seconds.
  path: Assets/Standard Assets/Editor/Water/Water4/GerstnerDisplaceEditor.cs
  importAddress: Guid(1dfa22e5547fb4a4585ba225887d89dd) Importer(2089858483,b0f066a214c2f5e87bad3c948f4d605d)
Start importing Assets/Standard Assets/Editor/Water/Water4/GerstnerDisplaceEditor.cs using Guid(1dfa22e5547fb4a4585ba225887d89dd) Importer(2089858483,b0f066a214c2f5e87bad3c948f4d605d) (ScriptedImporter) -> (Import Result ID: '1e54d01dd77f9630ca9012ad7c186ee1') in 0.0078478 seconds [static and dynamic dependencies]. Details - ImportResultOutputID=8946339ea9f78b189cbcb3314d19a850 DependenciesID=9d19e47022e7ac91312f9144f11441fc StaticDependenciesID=1224237e68bf13d3118a559fd7984f57 
Number of updated asset objects reloaded before import = 0Number of asset objects unloaded after import = 0

========================================================================
Received Import Request.
  Time since last request: 0.000032 seconds.
  path: Assets/Standard Assets/Prototyping/Models/RampPrototype04x02x02.fbx
  importAddress: Guid(b9d7ac1a0f551404f8d32e1e02b64325) Importer(2089858483,b0f066a214c2f5e87bad3c948f4d605d)
Start importing Assets/Standard Assets/Prototyping/Models/RampPrototype04x02x02.fbx using Guid(b9d7ac1a0f551404f8d32e1e02b64325) Importer(2089858483,b0f066a214c2f5e87bad3c948f4d605d) (ScriptedImporter) -> (Import Result ID: '6c439a0c5463165665883d2518062e4c') in 0.0239605 seconds [static and dynamic dependencies]. Details - ImportResultOutputID=b10fcb8dd283e2503886062ead3423dc DependenciesID=29f0e9fdc41619bb8923c7365acf6efd StaticDependenciesID=000deafb5599ee2ec4e7f57cb8d05d1d 
Number of updated asset objects reloaded before import = 0Number of asset objects unloaded after import = 8

========================================================================
Received Import Request.
  Time since last request: 0.000017 seconds.
  path: Assets/Standard Assets/Effects/LightFlares/Textures/Flare50mm.psd
  importAddress: Guid(23a02ac18d11c9ffa0009c58a8ad6659) Importer(2089858483,b0f066a214c2f5e87bad3c948f4d605d)
Start importing Assets/Standard Assets/Effects/LightFlares/Textures/Flare50mm.psd using Guid(23a02ac18d11c9ffa0009c58a8ad6659) Importer(2089858483,b0f066a214c2f5e87bad3c948f4d605d) (ScriptedImporter) -> (Import Result ID: 'f59d02f3f83a64062a049559b7bc6c32') in 0.0119647 seconds [static and dynamic dependencies]. Details - ImportResultOutputID=36f893bb0d3ee9f29d838761f7d183d7 DependenciesID=3985ff692419161eeef82b76666d3915 StaticDependenciesID=a97dfcc7c591a77cf145364eed173711 
Number of updated asset objects reloaded before import = 0Number of asset objects unloaded after import = 1

========================================================================
Received Import Request.
  Time since last request: 0.000019 seconds.
  path: Assets/Standard Assets/Prototyping/Prefabs/PillarPrototype02x08x02.prefab
  importAddress: Guid(44884af1ac1d64d42902da40268ba120) Importer(2089858483,b0f066a214c2f5e87bad3c948f4d605d)
Start importing Assets/Standard Assets/Prototyping/Prefabs/PillarPrototype02x08x02.prefab using Guid(44884af1ac1d64d42902da40268ba120) Importer(2089858483,b0f066a214c2f5e87bad3c948f4d605d) (ScriptedImporter) -> (Import Result ID: 'fcef11ecc70c1e39b4b455589fbc0cb5') in 0.0123989 seconds [static and dynamic dependencies]. Details - ImportResultOutputID=965f25ef52fbc5916945925f2838342f DependenciesID=1c666f847799f6e851de63d007866d8f StaticDependenciesID=24319dac5e5d3dee50246ad71a51b329 
Number of updated asset objects reloaded before import = 0Number of asset objects unloaded after import = 9

========================================================================
Received Import Request.
  Time since last request: 0.000020 seconds.
  path: Assets/Standard Assets/Prototyping/Prefabs/PlatformPrototype08x01x08.prefab
  importAddress: Guid(7f114e6b62ad5134b9ba4e0a01ddc050) Importer(2089858483,b0f066a214c2f5e87bad3c948f4d605d)
Start importing Assets/Standard Assets/Prototyping/Prefabs/PlatformPrototype08x01x08.prefab using Guid(7f114e6b62ad5134b9ba4e0a01ddc050) Importer(2089858483,b0f066a214c2f5e87bad3c948f4d605d) (ScriptedImporter) -> (Import Result ID: '2f132b4c2330c3b6310db98604cbe352') in 0.011207 seconds [static and dynamic dependencies]. Details - ImportResultOutputID=828e70681a627cbea638edc905c76a07 DependenciesID=fe9332ea9c3b3a06cbac06351ac3dcc5 StaticDependenciesID=89d875b0155bdbda3fd536886a0c6c69 
Number of updated asset objects reloaded before import = 0Number of asset objects unloaded after import = 9

========================================================================
Received Import Request.
  Time since last request: 0.000017 seconds.
  path: Assets/Standard Assets/Prototyping/Prefabs/FloorPrototype08x01x08.prefab
  importAddress: Guid(584a8ef4749c89745b7ae07f3ba7617f) Importer(2089858483,b0f066a214c2f5e87bad3c948f4d605d)
Start importing Assets/Standard Assets/Prototyping/Prefabs/FloorPrototype08x01x08.prefab using Guid(584a8ef4749c89745b7ae07f3ba7617f) Importer(2089858483,b0f066a214c2f5e87bad3c948f4d605d) (ScriptedImporter) -> (Import Result ID: '7a13180cafea7072858223299db0e606') in 0.0104826 seconds [static and dynamic dependencies]. Details - ImportResultOutputID=cf5570aab5a8d50cf5157c3637815bb4 DependenciesID=ed23a64e70881926da7fdf537f2d9600 StaticDependenciesID=660b2b20217e25473341a5ef13ddd4a0 
Number of updated asset objects reloaded before import = 0Number of asset objects unloaded after import = 9

========================================================================
Received Import Request.
  Time since last request: 0.000017 seconds.
  path: Assets/Standard Assets/Effects/Projectors/Shaders/ProjectorLight.shader
  importAddress: Guid(c0ace1ca4bc0718448acf798c93d52d9) Importer(2089858483,b0f066a214c2f5e87bad3c948f4d605d)
Start importing Assets/Standard Assets/Effects/Projectors/Shaders/ProjectorLight.shader using Guid(c0ace1ca4bc0718448acf798c93d52d9) Importer(2089858483,b0f066a214c2f5e87bad3c948f4d605d) (ScriptedImporter) -> (Import Result ID: '2a79b3b0bb60e834c1750b6655a3c97a') in 0.0110298 seconds [static and dynamic dependencies]. Details - ImportResultOutputID=aca5411861d9d3b8ce1076cba1aff2e0 DependenciesID=33d2c4fd747d7b518ac37195a8093dd9 StaticDependenciesID=6781436b510e38a65a701239e153e633 
Number of updated asset objects reloaded before import = 0Number of asset objects unloaded after import = 1

========================================================================
Received Import Request.
  Time since last request: 0.000018 seconds.
  path: Assets/Standard Assets/Effects/LightCookies/Textures/LightHardCookie.psd
  importAddress: Guid(1167c0a28d11119930004d8a4241aa39) Importer(2089858483,b0f066a214c2f5e87bad3c948f4d605d)
Start importing Assets/Standard Assets/Effects/LightCookies/Textures/LightHardCookie.psd using Guid(1167c0a28d11119930004d8a4241aa39) Importer(2089858483,b0f066a214c2f5e87bad3c948f4d605d) (ScriptedImporter) -> (Import Result ID: 'b9a427e7f484b04460c2b4a2877b6049') in 0.0106809 seconds [static and dynamic dependencies]. Details - ImportResultOutputID=4238613c350e86e7eca18e728c8df621 DependenciesID=cb50fae6bfcf75f961eb4bfe7af0447a StaticDependenciesID=63772525837a615fae7e19a31aa40d12 
Number of updated asset objects reloaded before import = 0Number of asset objects unloaded after import = 1

========================================================================
Received Import Request.
  Time since last request: 0.000057 seconds.
  path: Assets/Standard Assets/Effects/TessellationShaders/Textures/CliffNormals.png
  importAddress: Guid(e08c295755c0885479ad19f518286ff2) Importer(2089858483,b0f066a214c2f5e87bad3c948f4d605d)
Start importing Assets/Standard Assets/Effects/TessellationShaders/Textures/CliffNormals.png using Guid(e08c295755c0885479ad19f518286ff2) Importer(2089858483,b0f066a214c2f5e87bad3c948f4d605d) (ScriptedImporter) -> (Import Result ID: '42cff674ada883a593a9949b3d5ed3fa') in 0.0112585 seconds [static and dynamic dependencies]. Details - ImportResultOutputID=30b3b675a92c65cf5a6272c53a2746fb DependenciesID=b3187c57ba718d8b584214f3995cddb1 StaticDependenciesID=b257535ae9ad2db49ef6660d2b31355b 
Number of updated asset objects reloaded before import = 0Number of asset objects unloaded after import = 1

========================================================================
Received Import Request.
  Time since last request: 0.000019 seconds.
  path: Assets/Standard Assets/Effects/LightFlares/Materials/Flare50mm.mat
  importAddress: Guid(a6dbb96b9d112024d000e929e39e7c39) Importer(2089858483,b0f066a214c2f5e87bad3c948f4d605d)
Start importing Assets/Standard Assets/Effects/LightFlares/Materials/Flare50mm.mat using Guid(a6dbb96b9d112024d000e929e39e7c39) Importer(2089858483,b0f066a214c2f5e87bad3c948f4d605d) (ScriptedImporter) -> (Import Result ID: 'b5fdf053c4461d4b777958d7abe800b9') in 0.0084258 seconds [static and dynamic dependencies]. Details - ImportResultOutputID=c2af77cdfc4ec8ce45b35f6d260330ac DependenciesID=fc3e3259eefbaa376e7924a5f046eb11 StaticDependenciesID=1d0dab33b63dcd2e49eb6ea85c5d5dda 
Number of updated asset objects reloaded before import = 0Number of asset objects unloaded after import = 2

========================================================================
Received Import Request.
  Time since last request: 0.000015 seconds.
  path: Assets/TextMesh Pro/Resources/Fonts & Materials/LiberationSans SDF.asset
  importAddress: Guid(8f586378b4e144a9851e7b34d9b748ee) Importer(2089858483,b0f066a214c2f5e87bad3c948f4d605d)
Start importing Assets/TextMesh Pro/Resources/Fonts & Materials/LiberationSans SDF.asset using Guid(8f586378b4e144a9851e7b34d9b748ee) Importer(2089858483,b0f066a214c2f5e87bad3c948f4d605d) (ScriptedImporter) -> (Import Result ID: '6c314117fc98e73c9ec698579cb8c4e6') in 0.0441093 seconds [static and dynamic dependencies]. Details - ImportResultOutputID=d2b5c574e3c10f749b9b4eebde76e914 DependenciesID=4260cd2ca31151f4a7dbd58c74d0662d StaticDependenciesID=03196394252164c49573b2b088ad3c30 
Number of updated asset objects reloaded before import = 0Number of asset objects unloaded after import = 8

========================================================================
Received Import Request.
  Time since last request: 0.000023 seconds.
  path: Assets/Standard Assets/ParticleSystems/Scripts/SmokeParticles.cs
  importAddress: Guid(4414ab7cd3d674b449d233db0d583605) Importer(2089858483,b0f066a214c2f5e87bad3c948f4d605d)
Start importing Assets/Standard Assets/ParticleSystems/Scripts/SmokeParticles.cs using Guid(4414ab7cd3d674b449d233db0d583605) Importer(2089858483,b0f066a214c2f5e87bad3c948f4d605d) (ScriptedImporter) -> (Import Result ID: '4c3b0d6bace9b3e19313b7117a4fe0f0') in 0.0085056 seconds [static and dynamic dependencies]. Details - ImportResultOutputID=c5d871d44093ed830046101d4a345eb5 DependenciesID=6d08a6ecd1e293826ec7d956dceb466d StaticDependenciesID=d5955ecacbc1e707daa48fe97d8b0c71 
Number of updated asset objects reloaded before import = 0Number of asset objects unloaded after import = 0

========================================================================
Received Import Request.
  Time since last request: 0.000030 seconds.
  path: Assets/Standard Assets/Effects/Projectors/Prefabs/BlobShadowProjector.prefab
  importAddress: Guid(28a5e79925e3ce04a82856c16a572cbe) Importer(2089858483,b0f066a214c2f5e87bad3c948f4d605d)
Start importing Assets/Standard Assets/Effects/Projectors/Prefabs/BlobShadowProjector.prefab using Guid(28a5e79925e3ce04a82856c16a572cbe) Importer(2089858483,b0f066a214c2f5e87bad3c948f4d605d) (ScriptedImporter) -> (Import Result ID: 'a1b8532e037279b7062ba18272fe2b2a') in 0.0112056 seconds [static and dynamic dependencies]. Details - ImportResultOutputID=30db74abc264946ac3855b086cf3c46a DependenciesID=a2d243e852336d14f015c2746ac5fe5f StaticDependenciesID=3ff2d65ddcaa6e2eb56f1865ded56e0f 
Number of updated asset objects reloaded before import = 0Number of asset objects unloaded after import = 6

========================================================================
Received Import Request.
  Time since last request: 0.000021 seconds.
  path: Assets/Standard Assets/Effects/TessellationShaders/Scenes/TessellationSample.unity
  importAddress: Guid(31f6763de0920574092c8a69a66c717e) Importer(2089858483,b0f066a214c2f5e87bad3c948f4d605d)
Start importing Assets/Standard Assets/Effects/TessellationShaders/Scenes/TessellationSample.unity using Guid(31f6763de0920574092c8a69a66c717e) Importer(2089858483,b0f066a214c2f5e87bad3c948f4d605d) (ScriptedImporter) -> (Import Result ID: 'a7addb9cba6998368316a835dbed328c') in 0.0091712 seconds [static and dynamic dependencies]. Details - ImportResultOutputID=590b396ac06b5c4e6898f3be01140914 DependenciesID=53addd17bf9bdc156a9e6e5ecb029508 StaticDependenciesID=9679cd2cfe8ea2f67c809a733b82ca27 
Number of updated asset objects reloaded before import = 0Number of asset objects unloaded after import = 1

========================================================================
Received Import Request.
  Time since last request: 0.000034 seconds.
  path: Assets/TextMesh Pro/Resources/Shaders/TMP_SDF-Surface-Mobile.shader
  importAddress: Guid(85187c2149c549c5b33f0cdb02836b17) Importer(2089858483,b0f066a214c2f5e87bad3c948f4d605d)
Start importing Assets/TextMesh Pro/Resources/Shaders/TMP_SDF-Surface-Mobile.shader using Guid(85187c2149c549c5b33f0cdb02836b17) Importer(2089858483,b0f066a214c2f5e87bad3c948f4d605d) (ScriptedImporter) -> (Import Result ID: '88204a884e75cf06b7a12704317fa987') in 0.0103074 seconds [static and dynamic dependencies]. Details - ImportResultOutputID=1ebd34ca8b3ad6f51bfcb7e19f1758d1 DependenciesID=bb7379711d6c3c5441bff63e89d83def StaticDependenciesID=5c4a8c8e19d37f3abf9df8f44f4ccb6c 
Number of updated asset objects reloaded before import = 0Number of asset objects unloaded after import = 1

========================================================================
Received Import Request.
  Time since last request: 0.000033 seconds.
  path: Assets/Standard Assets/Characters/FirstPersonCharacter/Scripts/HeadBob.cs
  importAddress: Guid(83c81407209f85e4c87c0cda8b32868e) Importer(2089858483,b0f066a214c2f5e87bad3c948f4d605d)
Start importing Assets/Standard Assets/Characters/FirstPersonCharacter/Scripts/HeadBob.cs using Guid(83c81407209f85e4c87c0cda8b32868e) Importer(2089858483,b0f066a214c2f5e87bad3c948f4d605d) (ScriptedImporter) -> (Import Result ID: '4b51a4696a352a930d3e3700abe86d19') in 0.0101142 seconds [static and dynamic dependencies]. Details - ImportResultOutputID=1e664c677a7e3ba320047726a648b90f DependenciesID=7de1cc1085cca4fcac93563d7a93931c StaticDependenciesID=d4ca764682788cb5d474d128a74abced 
Number of updated asset objects reloaded before import = 0Number of asset objects unloaded after import = 0

========================================================================
Received Import Request.
  Time since last request: 0.000035 seconds.
  path: Assets/Standard Assets/Prototyping/Models/CubePrototype08x08x08.fbx
  importAddress: Guid(c09052c9b19f0ea4987bc4f4f981252f) Importer(2089858483,b0f066a214c2f5e87bad3c948f4d605d)
Start importing Assets/Standard Assets/Prototyping/Models/CubePrototype08x08x08.fbx using Guid(c09052c9b19f0ea4987bc4f4f981252f) Importer(2089858483,b0f066a214c2f5e87bad3c948f4d605d) (ScriptedImporter) -> (Import Result ID: 'e7d7aea482c3c37275b7d4ac5ce9b141') in 0.0171503 seconds [static and dynamic dependencies]. Details - ImportResultOutputID=f76a4a9211a91207174db54579fa7ca1 DependenciesID=3d8a252d75452858b1f58a1aa7a806ac StaticDependenciesID=3eba4d7d2b87826f13ecfdbe6ef7a35d 
Number of updated asset objects reloaded before import = 0Number of asset objects unloaded after import = 8

========================================================================
Received Import Request.
  Time since last request: 0.000020 seconds.
  path: Assets/Standard Assets/Prototyping/Prefabs/JoinInnerPrototype01x06x01.prefab
  importAddress: Guid(9ae7f9f9eacff4142b21eb85ae606fdc) Importer(2089858483,b0f066a214c2f5e87bad3c948f4d605d)
Start importing Assets/Standard Assets/Prototyping/Prefabs/JoinInnerPrototype01x06x01.prefab using Guid(9ae7f9f9eacff4142b21eb85ae606fdc) Importer(2089858483,b0f066a214c2f5e87bad3c948f4d605d) (ScriptedImporter) -> (Import Result ID: '6ad12720039828bf3610f48aa9e853fa') in 0.0137315 seconds [static and dynamic dependencies]. Details - ImportResultOutputID=52256cd17b96a4874c9bfde3720a758f DependenciesID=a1db2d3c5e952f1fdf07ee76473d9d7e StaticDependenciesID=9ccc7d02589b25ea65876e24807d4d06 
Number of updated asset objects reloaded before import = 0Number of asset objects unloaded after import = 9

========================================================================
Received Import Request.
  Time since last request: 0.000020 seconds.
  path: Assets/Standard Assets/Prototyping/Models/PlatformPrototype02x01x02.fbx
  importAddress: Guid(38a9d3cc5c1e0aa4f92ff3445b73ed7f) Importer(2089858483,b0f066a214c2f5e87bad3c948f4d605d)
Start importing Assets/Standard Assets/Prototyping/Models/PlatformPrototype02x01x02.fbx using Guid(38a9d3cc5c1e0aa4f92ff3445b73ed7f) Importer(2089858483,b0f066a214c2f5e87bad3c948f4d605d) (ScriptedImporter) -> (Import Result ID: '5e201ed473b870bb2ff50f9e79abd3af') in 0.0184242 seconds [static and dynamic dependencies]. Details - ImportResultOutputID=4caa87f2ca4807f49da8e3d12fbcd267 DependenciesID=c1aa1093259d7b13d96b8b9b7cdba2a9 StaticDependenciesID=b816bf510b5f3426f3e06fb2eed98b4e 
Number of updated asset objects reloaded before import = 0Number of asset objects unloaded after import = 8

========================================================================
Received Import Request.
  Time since last request: 0.000016 seconds.
  path: Assets/Standard Assets/Effects/Projectors/Prefabs/BlobLightProjector.prefab
  importAddress: Guid(21543d2b66928224f8a9536ff3811682) Importer(2089858483,b0f066a214c2f5e87bad3c948f4d605d)
Start importing Assets/Standard Assets/Effects/Projectors/Prefabs/BlobLightProjector.prefab using Guid(21543d2b66928224f8a9536ff3811682) Importer(2089858483,b0f066a214c2f5e87bad3c948f4d605d) (ScriptedImporter) -> (Import Result ID: '76ca180f67d7a0234e3346d0088d13e5') in 0.0093106 seconds [static and dynamic dependencies]. Details - ImportResultOutputID=2e491fbd880518fca578dc49a2f06481 DependenciesID=f0bceb89ebc60bd5e72108ecb8e2aba3 StaticDependenciesID=2db5b06fa423b21347670a9cefb99c30 
Number of updated asset objects reloaded before import = 0Number of asset objects unloaded after import = 6

========================================================================
Received Import Request.
  Time since last request: 0.000017 seconds.
  path: Assets/Standard Assets/ParticleSystems/Scripts/ParticleSystemMultiplier.cs
  importAddress: Guid(039587c051912eb4ead9e58344c5f3ce) Importer(2089858483,b0f066a214c2f5e87bad3c948f4d605d)
Start importing Assets/Standard Assets/ParticleSystems/Scripts/ParticleSystemMultiplier.cs using Guid(039587c051912eb4ead9e58344c5f3ce) Importer(2089858483,b0f066a214c2f5e87bad3c948f4d605d) (ScriptedImporter) -> (Import Result ID: 'dca485a449ac2b573c6b5fb2c16a6ff5') in 0.0077944 seconds [static and dynamic dependencies]. Details - ImportResultOutputID=98cbcb6a589be4368529e2a0612ca782 DependenciesID=17f13dacdafd97d68332e720f1541615 StaticDependenciesID=3b7af4c16930462ce8f6fb07c3e1f9df 
Number of updated asset objects reloaded before import = 0Number of asset objects unloaded after import = 0

========================================================================
Received Import Request.
  Time since last request: 0.000073 seconds.
  path: Assets/Standard Assets/Characters/FirstPersonCharacter/Audio/Footstep03.wav
  importAddress: Guid(5a9383dda6cabc047b7a297602e93eb4) Importer(2089858483,b0f066a214c2f5e87bad3c948f4d605d)
Start importing Assets/Standard Assets/Characters/FirstPersonCharacter/Audio/Footstep03.wav using Guid(5a9383dda6cabc047b7a297602e93eb4) Importer(2089858483,b0f066a214c2f5e87bad3c948f4d605d) (ScriptedImporter) -> (Import Result ID: '4324ca6448abe88b8dde4a7af586e814') in 0.0081677 seconds [static and dynamic dependencies]. Details - ImportResultOutputID=2b2ecb19d1572f8f94a97a77591c52c9 DependenciesID=4681b24c0cb44cb75df99028627588e6 StaticDependenciesID=79dc04ce1d5bdcbafb4477ed0627d754 
Number of updated asset objects reloaded before import = 0Number of asset objects unloaded after import = 1

========================================================================
Received Import Request.
  Time since last request: 0.000017 seconds.
  path: Assets/Standard Assets/Effects/TessellationShaders/Materials/TesselatedBumpSpecularSmooth.mat
  importAddress: Guid(06893cec523208643a91b7a393737700) Importer(2089858483,b0f066a214c2f5e87bad3c948f4d605d)
Start importing Assets/Standard Assets/Effects/TessellationShaders/Materials/TesselatedBumpSpecularSmooth.mat using Guid(06893cec523208643a91b7a393737700) Importer(2089858483,b0f066a214c2f5e87bad3c948f4d605d) (ScriptedImporter) -> (Import Result ID: 'dd215a2d18549be61adfcb0fc271df3e') in 0.0081606 seconds [static and dynamic dependencies]. Details - ImportResultOutputID=a5f44be7d7f336a17d30a9c6c3631800 DependenciesID=0485742f2aa50f89d86767f1f4564100 StaticDependenciesID=678437627099a747383342e20fd8039f 
Number of updated asset objects reloaded before import = 0Number of asset objects unloaded after import = 1

========================================================================
Received Import Request.
  Time since last request: 0.000016 seconds.
  path: Assets/TextMesh Pro/Resources/Fonts & Materials/LiberationSans SDF - Fallback.asset
  importAddress: Guid(2e498d1c8094910479dc3e1b768306a4) Importer(2089858483,b0f066a214c2f5e87bad3c948f4d605d)
Start importing Assets/TextMesh Pro/Resources/Fonts & Materials/LiberationSans SDF - Fallback.asset using Guid(2e498d1c8094910479dc3e1b768306a4) Importer(2089858483,b0f066a214c2f5e87bad3c948f4d605d) (ScriptedImporter) -> (Import Result ID: '8e71b3fbdaee7eef63ecc182ef957f13') in 0.0162537 seconds [static and dynamic dependencies]. Details - ImportResultOutputID=53a76db8f63a3d42750ff5b52beae59a DependenciesID=671b42b0bb436edadf39c9ad2258688a StaticDependenciesID=108b72c307846fe3fcdcb06ac4ce8600 
Number of updated asset objects reloaded before import = 0Number of asset objects unloaded after import = 5

========================================================================
Received Import Request.
  Time since last request: 0.000017 seconds.
  path: Assets/Standard Assets/Prototyping/Materials/NavyGrid.mat
  importAddress: Guid(76ff537c8e1a84345868e6aeee938ab3) Importer(2089858483,b0f066a214c2f5e87bad3c948f4d605d)
Start importing Assets/Standard Assets/Prototyping/Materials/NavyGrid.mat using Guid(76ff537c8e1a84345868e6aeee938ab3) Importer(2089858483,b0f066a214c2f5e87bad3c948f4d605d) (ScriptedImporter) -> (Import Result ID: '2ead291bf4d8ff08917cb4b617f02a02') in 0.0397467 seconds [static and dynamic dependencies]. Details - ImportResultOutputID=8ac506a815f315919fdc3ba396f3e64e DependenciesID=00b276c1e73277b8f7b55c8d59e5b8a4 StaticDependenciesID=021c4e8b53f4d06a7885e182b0472d07 
Number of updated asset objects reloaded before import = 0Number of asset objects unloaded after import = 3

========================================================================
Received Import Request.
  Time since last request: 0.000022 seconds.
  path: Assets/Standard Assets/Characters/ThirdPersonCharacter/Animator/ThirdPersonAnimatorController.controller
  importAddress: Guid(e2cf68ff4b1ffda45a77f7307dd789b9) Importer(2089858483,b0f066a214c2f5e87bad3c948f4d605d)
Start importing Assets/Standard Assets/Characters/ThirdPersonCharacter/Animator/ThirdPersonAnimatorController.controller using Guid(e2cf68ff4b1ffda45a77f7307dd789b9) Importer(2089858483,b0f066a214c2f5e87bad3c948f4d605d) (ScriptedImporter) -> (Import Result ID: '9750e1520d10b460674fb58e899a9e6c') in 0.0182749 seconds [static and dynamic dependencies]. Details - ImportResultOutputID=b57c325afbf39eb92f93677e88f11cf2 DependenciesID=1bad21bdf1c4aabd2e767c3132140ee5 StaticDependenciesID=063fa505e64016534558781e1e2b73aa 
Number of updated asset objects reloaded before import = 0Number of asset objects unloaded after import = 40

========================================================================
Received Import Request.
  Time since last request: 0.000028 seconds.
  path: Assets/Standard Assets/Effects/TessellationShaders/Shaders/BumpedSpecularSmooth.shader
  importAddress: Guid(3954501323f24464f9e4418c78d8e8ce) Importer(2089858483,b0f066a214c2f5e87bad3c948f4d605d)
Start importing Assets/Standard Assets/Effects/TessellationShaders/Shaders/BumpedSpecularSmooth.shader using Guid(3954501323f24464f9e4418c78d8e8ce) Importer(2089858483,b0f066a214c2f5e87bad3c948f4d605d) (ScriptedImporter) -> (Import Result ID: '46b834bfdc455b2bef6204957341e67e') in 0.0098347 seconds [static and dynamic dependencies]. Details - ImportResultOutputID=07f86fa32a3f223f682c0bd1ebc579b8 DependenciesID=3ceaae8663cda6df1edcb5274393eafd StaticDependenciesID=c036db880a2203bc92e0368648e0a8ff 
Number of updated asset objects reloaded before import = 0Number of asset objects unloaded after import = 1

========================================================================
Received Import Request.
  Time since last request: 0.000087 seconds.
  path: Assets/Standard Assets/Prototyping/Models/JoinOuterPrototype02x06x02.fbx
  importAddress: Guid(6386a10e23c45d040a22051e6ae3b70f) Importer(2089858483,b0f066a214c2f5e87bad3c948f4d605d)
Start importing Assets/Standard Assets/Prototyping/Models/JoinOuterPrototype02x06x02.fbx using Guid(6386a10e23c45d040a22051e6ae3b70f) Importer(2089858483,b0f066a214c2f5e87bad3c948f4d605d) (ScriptedImporter) -> (Import Result ID: '6f9a539d417ce30ac378514287904a72') in 0.0126893 seconds [static and dynamic dependencies]. Details - ImportResultOutputID=923c1b6eb6e44e59eeb690c9eb2ce730 DependenciesID=5543e396c43e81facffb85c03878c84b StaticDependenciesID=987af2a01c1e698273ae5417539eabf0 
Number of updated asset objects reloaded before import = 0Number of asset objects unloaded after import = 8

========================================================================
Received Import Request.
  Time since last request: 0.000018 seconds.
  path: Assets/Standard Assets/Prototyping/Prefabs/JoinMidPrototype04x06x01.prefab
  importAddress: Guid(04a24b5e91096bd4e8ae6fba35c4dbf8) Importer(2089858483,b0f066a214c2f5e87bad3c948f4d605d)
Start importing Assets/Standard Assets/Prototyping/Prefabs/JoinMidPrototype04x06x01.prefab using Guid(04a24b5e91096bd4e8ae6fba35c4dbf8) Importer(2089858483,b0f066a214c2f5e87bad3c948f4d605d) (ScriptedImporter) -> (Import Result ID: '99abe999a30420f75a9e400990f8048d') in 0.0112143 seconds [static and dynamic dependencies]. Details - ImportResultOutputID=76bdcaddddcd237ae43e27f3a399c551 DependenciesID=efa101bda8d811c3910ab6be4408466b StaticDependenciesID=c2bd7bf1eae0df6f784fee172b0a2142 
Number of updated asset objects reloaded before import = 0Number of asset objects unloaded after import = 9

========================================================================
Received Import Request.
  Time since last request: 0.000019 seconds.
  path: Assets/TextMesh Pro/Resources/Shaders/TMPro_Surface.cginc
  importAddress: Guid(d930090c0cd643c7b55f19a38538c162) Importer(2089858483,b0f066a214c2f5e87bad3c948f4d605d)
Start importing Assets/TextMesh Pro/Resources/Shaders/TMPro_Surface.cginc using Guid(d930090c0cd643c7b55f19a38538c162) Importer(2089858483,b0f066a214c2f5e87bad3c948f4d605d) (ScriptedImporter) -> (Import Result ID: '9cf669be3205fa467cc446f01dbd6526') in 0.0109521 seconds [static and dynamic dependencies]. Details - ImportResultOutputID=b2feceb697572c23cd3ecad993838a59 DependenciesID=d3fe1bbef8c060546af5a8996502ba89 StaticDependenciesID=8bf234c0c291a37bb9ba0db4c0171185 
Number of updated asset objects reloaded before import = 0Number of asset objects unloaded after import = 1

========================================================================
Received Import Request.
  Time since last request: 0.000017 seconds.
  path: Assets/Standard Assets/Characters/FirstPersonCharacter/Audio/Footstep01.wav
  importAddress: Guid(42e65e088b3f4374e851b8dbd38f3df9) Importer(2089858483,b0f066a214c2f5e87bad3c948f4d605d)
Start importing Assets/Standard Assets/Characters/FirstPersonCharacter/Audio/Footstep01.wav using Guid(42e65e088b3f4374e851b8dbd38f3df9) Importer(2089858483,b0f066a214c2f5e87bad3c948f4d605d) (ScriptedImporter) -> (Import Result ID: '4c22647ce4d0ed1d3cb63b46fdda806f') in 0.0093619 seconds [static and dynamic dependencies]. Details - ImportResultOutputID=032e14a6931bfc982638ab8c9e00f444 DependenciesID=7c89d0855a6042feb274b15de5f154d8 StaticDependenciesID=d9c19f79882726b250284734005d3eb5 
Number of updated asset objects reloaded before import = 0Number of asset objects unloaded after import = 1

========================================================================
Received Import Request.
  Time since last request: 0.000019 seconds.
  path: Assets/Standard Assets/Utility/Prefabs/FramerateCounter.prefab
  importAddress: Guid(81154777d5417884981849c5243f6c01) Importer(2089858483,b0f066a214c2f5e87bad3c948f4d605d)
Start importing Assets/Standard Assets/Utility/Prefabs/FramerateCounter.prefab using Guid(81154777d5417884981849c5243f6c01) Importer(2089858483,b0f066a214c2f5e87bad3c948f4d605d) (ScriptedImporter) -> (Import Result ID: 'e8886867441cd984fa58b8f57e0e7bb1') in 0.0162716 seconds [static and dynamic dependencies]. Details - ImportResultOutputID=a3cecbb1d7eb0ff82f438a94d8faab5d DependenciesID=84302d623cc8a5c0134ee055e2685297 StaticDependenciesID=049f55582853c13c6bfd0ec7b8e6c07b 
Number of updated asset objects reloaded before import = 0Number of asset objects unloaded after import = 14

========================================================================
Received Import Request.
  Time since last request: 0.000016 seconds.
  path: Assets/TextMesh Pro/Resources/Shaders/TMP_SDF-Mobile.shader
  importAddress: Guid(fe393ace9b354375a9cb14cdbbc28be4) Importer(2089858483,b0f066a214c2f5e87bad3c948f4d605d)
Start importing Assets/TextMesh Pro/Resources/Shaders/TMP_SDF-Mobile.shader using Guid(fe393ace9b354375a9cb14cdbbc28be4) Importer(2089858483,b0f066a214c2f5e87bad3c948f4d605d) (ScriptedImporter) -> (Import Result ID: '8b96a97301e20f51878ef09ed7456d61') in 0.0084002 seconds [static and dynamic dependencies]. Details - ImportResultOutputID=ef8b3ee2bc1d9b7aaf498426d678815f DependenciesID=c153b98ae024481661e563a3d121333f StaticDependenciesID=7cf2fab0561f5823ecbced6affd81f56 
Number of updated asset objects reloaded before import = 0Number of asset objects unloaded after import = 1

========================================================================
Received Import Request.
  Time since last request: 0.000013 seconds.
  path: Assets/Standard Assets/Environment/SpeedTree/Broadleaf/Broadleaf_Desktop_Atlas.tga
  importAddress: Guid(d20e5329bb2905844a1ae38b80640d3f) Importer(2089858483,b0f066a214c2f5e87bad3c948f4d605d)
Start importing Assets/Standard Assets/Environment/SpeedTree/Broadleaf/Broadleaf_Desktop_Atlas.tga using Guid(d20e5329bb2905844a1ae38b80640d3f) Importer(2089858483,b0f066a214c2f5e87bad3c948f4d605d) (ScriptedImporter) -> (Import Result ID: 'e89e4191183dcb62ec14607c86704ec9') in 0.0112634 seconds [static and dynamic dependencies]. Details - ImportResultOutputID=2ddd503b6551d38cf16d514f272b65b6 DependenciesID=809f8b761bc27b22d2b29a884f58bdfb StaticDependenciesID=2fc12d13fd50e6169784aff5ac7da460 
Number of updated asset objects reloaded before import = 0Number of asset objects unloaded after import = 1

========================================================================
Received Import Request.
  Time since last request: 0.000015 seconds.
  path: Assets/Standard Assets/Environment/Water (Basic)/Materials/WaterDefault.mat
  importAddress: Guid(30abebfd9bf1c49d8a2d26e61e66bc15) Importer(2089858483,b0f066a214c2f5e87bad3c948f4d605d)
Start importing Assets/Standard Assets/Environment/Water (Basic)/Materials/WaterDefault.mat using Guid(30abebfd9bf1c49d8a2d26e61e66bc15) Importer(2089858483,b0f066a214c2f5e87bad3c948f4d605d) (ScriptedImporter) -> (Import Result ID: '06359bd9e6700f0be0c8dc60133fa984') in 0.0302148 seconds [static and dynamic dependencies]. Details - ImportResultOutputID=57520a3c5f8a4c7a26e013134c4b5d84 DependenciesID=d0ed5d614540631c05be832afc17c829 StaticDependenciesID=f8d4d2f00aad4ccbe40c5077ca9d2e61 
Number of updated asset objects reloaded before import = 0Number of asset objects unloaded after import = 1

========================================================================
Received Import Request.
  Time since last request: 0.000022 seconds.
  path: Assets/Standard Assets/Environment/SpeedTree/Palm/Palm_Desktop.spm
  importAddress: Guid(d027af1092f6b434090f040565e7e656) Importer(2089858483,b0f066a214c2f5e87bad3c948f4d605d)
Start importing Assets/Standard Assets/Environment/SpeedTree/Palm/Palm_Desktop.spm using Guid(d027af1092f6b434090f040565e7e656) Importer(2089858483,b0f066a214c2f5e87bad3c948f4d605d) (ScriptedImporter) -> (Import Result ID: 'a6fa2f3a633f8f79e09ce799972cb554') in 0.0321749 seconds [static and dynamic dependencies]. Details - ImportResultOutputID=480caef6676900163128f94df5e6e1c4 DependenciesID=100c83ae496de21d584c15f770e43b36 StaticDependenciesID=a28de4d671544c8f6da58da2aadcf71a 
Number of updated asset objects reloaded before import = 0Number of asset objects unloaded after import = 37

========================================================================
Received Import Request.
  Time since last request: 0.000022 seconds.
  path: Assets/Standard Assets/Vehicles/Aircraft/Animation/JetGearLowered.anim
  importAddress: Guid(12877632b58d24245bbddcafc5ff1dcf) Importer(2089858483,b0f066a214c2f5e87bad3c948f4d605d)
Start importing Assets/Standard Assets/Vehicles/Aircraft/Animation/JetGearLowered.anim using Guid(12877632b58d24245bbddcafc5ff1dcf) Importer(2089858483,b0f066a214c2f5e87bad3c948f4d605d) (ScriptedImporter) -> (Import Result ID: '8fcd0663f355cae76af55714b2ecfc56') in 0.009138 seconds [static and dynamic dependencies]. Details - ImportResultOutputID=1c6be8082e0781dcd6caa5c981b8a4c0 DependenciesID=13466ea518b1945bda1cd13f071c866a StaticDependenciesID=ae37f9339a1b6982f58a8e9695011480 
Number of updated asset objects reloaded before import = 0Number of asset objects unloaded after import = 1

========================================================================
Received Import Request.
  Time since last request: 0.000017 seconds.
  path: Assets/Standard Assets/Environment/SpeedTree/Broadleaf/Broadleaves_Mobile_Normal.tga
  importAddress: Guid(7bdd8cb386e0b554b84cb783663bb4fc) Importer(2089858483,b0f066a214c2f5e87bad3c948f4d605d)
Start importing Assets/Standard Assets/Environment/SpeedTree/Broadleaf/Broadleaves_Mobile_Normal.tga using Guid(7bdd8cb386e0b554b84cb783663bb4fc) Importer(2089858483,b0f066a214c2f5e87bad3c948f4d605d) (ScriptedImporter) -> (Import Result ID: '89860e70420db026a3402b75267f7b7e') in 0.0118927 seconds [static and dynamic dependencies]. Details - ImportResultOutputID=97af97f1d39f7227f4f9a237a12bc352 DependenciesID=6e0b31bce555d56c8c18740b988a6cfc StaticDependenciesID=95119c04df95540f7b6b333cb17c372e 
Number of updated asset objects reloaded before import = 0Number of asset objects unloaded after import = 1

========================================================================
Received Import Request.
  Time since last request: 0.000014 seconds.
  path: Assets/Standard Assets/Vehicles/Aircraft/Materials/AircraftWingsJetWhite.mat
  importAddress: Guid(365a29a7757a91544b92d59a78390495) Importer(2089858483,b0f066a214c2f5e87bad3c948f4d605d)
Start importing Assets/Standard Assets/Vehicles/Aircraft/Materials/AircraftWingsJetWhite.mat using Guid(365a29a7757a91544b92d59a78390495) Importer(2089858483,b0f066a214c2f5e87bad3c948f4d605d) (ScriptedImporter) -> (Import Result ID: '460f993c4209ff7accdac390bad7a654') in 0.0316994 seconds [static and dynamic dependencies]. Details - ImportResultOutputID=90da3c59a88d793410da76682c803a3f DependenciesID=98ffcad66a529850f6af462c8b30f8bf StaticDependenciesID=e3e789b60b314eef51a6d118acb57317 
Number of updated asset objects reloaded before import = 0Number of asset objects unloaded after import = 3

========================================================================
Received Import Request.
  Time since last request: 0.000019 seconds.
  path: Assets/Standard Assets/Environment/SpeedTree/Palm/PalmBark.tga
  importAddress: Guid(dd49a2ed5943a014e8d933ff5381281a) Importer(2089858483,b0f066a214c2f5e87bad3c948f4d605d)
Start importing Assets/Standard Assets/Environment/SpeedTree/Palm/PalmBark.tga using Guid(dd49a2ed5943a014e8d933ff5381281a) Importer(2089858483,b0f066a214c2f5e87bad3c948f4d605d) (ScriptedImporter) -> (Import Result ID: 'a94efca5249d7e0c109a764d08fff330') in 0.0119408 seconds [static and dynamic dependencies]. Details - ImportResultOutputID=9f0ff11d219bcc94d6aeb33227eb551a DependenciesID=71b1f57a6013683cb4c6f7a1434d68b2 StaticDependenciesID=975939210a56848e88a970fa659f8cfb 
Number of updated asset objects reloaded before import = 0Number of asset objects unloaded after import = 1

========================================================================
Received Import Request.
  Time since last request: 0.000022 seconds.
  path: Assets/Standard Assets/Environment/Water (Basic)/Textures/WaterBasicNighttimeGradient.psd
  importAddress: Guid(8403d3349d112ba4d000be1be39e7c39) Importer(2089858483,b0f066a214c2f5e87bad3c948f4d605d)
Start importing Assets/Standard Assets/Environment/Water (Basic)/Textures/WaterBasicNighttimeGradient.psd using Guid(8403d3349d112ba4d000be1be39e7c39) Importer(2089858483,b0f066a214c2f5e87bad3c948f4d605d) (ScriptedImporter) -> (Import Result ID: '592f3d1f840c79aad18b43d43f22ffbc') in 0.0131573 seconds [static and dynamic dependencies]. Details - ImportResultOutputID=93312cc0644e476a22d7d909b9ad6b61 DependenciesID=f4f498a4aeb600ae9deb25831415b774 StaticDependenciesID=644084158b1f780e803e19da500e7ae2 
Number of updated asset objects reloaded before import = 0Number of asset objects unloaded after import = 1

========================================================================
Received Import Request.
  Time since last request: 0.000029 seconds.
  path: Assets/Standard Assets/Vehicles/Aircraft/Models/AircraftWingsJet.fbx
  importAddress: Guid(63742edd796d522458d772b44affdf9b) Importer(2089858483,b0f066a214c2f5e87bad3c948f4d605d)
Start importing Assets/Standard Assets/Vehicles/Aircraft/Models/AircraftWingsJet.fbx using Guid(63742edd796d522458d772b44affdf9b) Importer(2089858483,b0f066a214c2f5e87bad3c948f4d605d) (ScriptedImporter) -> (Import Result ID: '83dd588e8d7644fe9261aec5f90114b2') in 0.0263047 seconds [static and dynamic dependencies]. Details - ImportResultOutputID=f31db15718f91d0499fdbc153de2f083 DependenciesID=486530b8cd411b570ef81d939cadae75 StaticDependenciesID=4c921ade8443fba523a78baaf1e68092 
Number of updated asset objects reloaded before import = 0Number of asset objects unloaded after import = 90

========================================================================
Received Import Request.
  Time since last request: 0.000019 seconds.
  path: Assets/Standard Assets/Environment/Water (Basic)/Scripts/WaterBasic.cs
  importAddress: Guid(0d2f50a8e0bb841a5aaa90ae55db8849) Importer(2089858483,b0f066a214c2f5e87bad3c948f4d605d)
Start importing Assets/Standard Assets/Environment/Water (Basic)/Scripts/WaterBasic.cs using Guid(0d2f50a8e0bb841a5aaa90ae55db8849) Importer(2089858483,b0f066a214c2f5e87bad3c948f4d605d) (ScriptedImporter) -> (Import Result ID: 'a34f33f2edcc8afc0954c7586fb8b2f3') in 0.0088713 seconds [static and dynamic dependencies]. Details - ImportResultOutputID=4300b295249752bc0f0ae9ce34f2089e DependenciesID=ec1d56cdd315fa1aa0897437f8d56b63 StaticDependenciesID=ee9be61a715f9a09011c1730686864fd 
Number of updated asset objects reloaded before import = 0Number of asset objects unloaded after import = 0

========================================================================
Received Import Request.
  Time since last request: 0.000021 seconds.
  path: Assets/Standard Assets/Effects/ToonShading/Shaders/ToonBasicOutline.shader
  importAddress: Guid(9ce107479d11178d11005b9844295342) Importer(2089858483,b0f066a214c2f5e87bad3c948f4d605d)
Start importing Assets/Standard Assets/Effects/ToonShading/Shaders/ToonBasicOutline.shader using Guid(9ce107479d11178d11005b9844295342) Importer(2089858483,b0f066a214c2f5e87bad3c948f4d605d) (ScriptedImporter) -> (Import Result ID: '8f45b302ac3d8d7311894eade8f9aefb') in 0.0096463 seconds [static and dynamic dependencies]. Details - ImportResultOutputID=73c752bcdc6ddac9990c4890eb50ca1a DependenciesID=a7773503b18f90d9065b799ece9eccf8 StaticDependenciesID=bf77356d41d98d14bb3c34a5fea52988 
Number of updated asset objects reloaded before import = 0Number of asset objects unloaded after import = 1

========================================================================
Received Import Request.
  Time since last request: 0.000041 seconds.
  path: Assets/Standard Assets/Environment/SpeedTree/Conifer/Conifer_Desktop_Atlas_Normal.tga
  importAddress: Guid(855926cb3532dc14c87b1e6d589334b2) Importer(2089858483,b0f066a214c2f5e87bad3c948f4d605d)
Start importing Assets/Standard Assets/Environment/SpeedTree/Conifer/Conifer_Desktop_Atlas_Normal.tga using Guid(855926cb3532dc14c87b1e6d589334b2) Importer(2089858483,b0f066a214c2f5e87bad3c948f4d605d) (ScriptedImporter) -> (Import Result ID: '26e0fb3a9e9dfecdc502bf9026fd9b35') in 0.0148544 seconds [static and dynamic dependencies]. Details - ImportResultOutputID=1cb4c4ba31e1bcf62acbf1484a848e62 DependenciesID=fef3552ff1fb17a54b44cdfe5c009ab8 StaticDependenciesID=aab517b7367c9bc0cef67c6e31bb5735 
Number of updated asset objects reloaded before import = 0Number of asset objects unloaded after import = 1

========================================================================
Received Import Request.
  Time since last request: 0.000032 seconds.
  path: Assets/Standard Assets/Environment/SpeedTree/Broadleaf/Broadleaves_Mobile.tga
  importAddress: Guid(b063a9f2b9f645b40948a32b447c738f) Importer(2089858483,b0f066a214c2f5e87bad3c948f4d605d)
Start importing Assets/Standard Assets/Environment/SpeedTree/Broadleaf/Broadleaves_Mobile.tga using Guid(b063a9f2b9f645b40948a32b447c738f) Importer(2089858483,b0f066a214c2f5e87bad3c948f4d605d) (ScriptedImporter) -> (Import Result ID: '0b36274aa5791f35a1d28a1294c2d72e') in 0.0112084 seconds [static and dynamic dependencies]. Details - ImportResultOutputID=bcf2431893b9b0bf7177979c5c9705ae DependenciesID=531f4c9071341da308eb40735b3e1717 StaticDependenciesID=1cb6efbf9e32167e92bb21deb0143ded 
Number of updated asset objects reloaded before import = 0Number of asset objects unloaded after import = 1

========================================================================
Received Import Request.
  Time since last request: 0.000014 seconds.
  path: Assets/Standard Assets/Environment/SpeedTree/Broadleaf/Cap_02.tga
  importAddress: Guid(ee07ea8cb1a00c844b4048d37dcfe712) Importer(2089858483,b0f066a214c2f5e87bad3c948f4d605d)
Start importing Assets/Standard Assets/Environment/SpeedTree/Broadleaf/Cap_02.tga using Guid(ee07ea8cb1a00c844b4048d37dcfe712) Importer(2089858483,b0f066a214c2f5e87bad3c948f4d605d) (ScriptedImporter) -> (Import Result ID: 'f8b500f0cb5f4fdc7b9b4393ec275a67') in 0.0122805 seconds [static and dynamic dependencies]. Details - ImportResultOutputID=1d23c1d488af79c6a660415f80d97b08 DependenciesID=9d2794224ce8c08fc1bb31a3b1b0b25c StaticDependenciesID=9367b7fb782790c33878ad0612c21ee8 
Number of updated asset objects reloaded before import = 0Number of asset objects unloaded after import = 1

========================================================================
Received Import Request.
  Time since last request: 0.000019 seconds.
  path: Assets/Standard Assets/Environment/Water (Basic)/Prefabs/WaterBasicNightime.prefab
  importAddress: Guid(6b436d069d11415d1100ab9b44295342) Importer(2089858483,b0f066a214c2f5e87bad3c948f4d605d)
Start importing Assets/Standard Assets/Environment/Water (Basic)/Prefabs/WaterBasicNightime.prefab using Guid(6b436d069d11415d1100ab9b44295342) Importer(2089858483,b0f066a214c2f5e87bad3c948f4d605d) (ScriptedImporter) -> (Import Result ID: '45aab88fd5de9a1e87e62890682391b4') in 0.0104715 seconds [static and dynamic dependencies]. Details - ImportResultOutputID=b67129e8b47885fc1fe05c00bc5674b7 DependenciesID=7566cf83382f354cbcd323144a58a54c StaticDependenciesID=53ae2f56bf8034007ab27983c196ec4b 
Number of updated asset objects reloaded before import = 0Number of asset objects unloaded after import = 9

========================================================================
Received Import Request.
  Time since last request: 0.000016 seconds.
  path: Assets/Standard Assets/Vehicles/Aircraft/Audio/JetEngine.wav
  importAddress: Guid(9db9336e9f17c9744847c5fe94c1650f) Importer(2089858483,b0f066a214c2f5e87bad3c948f4d605d)
Start importing Assets/Standard Assets/Vehicles/Aircraft/Audio/JetEngine.wav using Guid(9db9336e9f17c9744847c5fe94c1650f) Importer(2089858483,b0f066a214c2f5e87bad3c948f4d605d) (ScriptedImporter) -> (Import Result ID: '4e6938419337d84b50007e7e3b9ced3c') in 0.0093364 seconds [static and dynamic dependencies]. Details - ImportResultOutputID=6995cf22fa0d830178df062dd8ea71ee DependenciesID=2749803f3a08768e8b9a5380504fa233 StaticDependenciesID=37249f04c2960693cdbe67af79027573 
Number of updated asset objects reloaded before import = 0Number of asset objects unloaded after import = 1

========================================================================
Received Import Request.
  Time since last request: 0.000020 seconds.
  path: Assets/Standard Assets/Vehicles/Aircraft/Animation/JetPlane.controller
  importAddress: Guid(7d7008bf90b0d2f4c9fb16a2603655f6) Importer(2089858483,b0f066a214c2f5e87bad3c948f4d605d)
Start importing Assets/Standard Assets/Vehicles/Aircraft/Animation/JetPlane.controller using Guid(7d7008bf90b0d2f4c9fb16a2603655f6) Importer(2089858483,b0f066a214c2f5e87bad3c948f4d605d) (ScriptedImporter) -> (Import Result ID: 'e819b9360535d21acf7159c67eb20845') in 0.0272767 seconds [static and dynamic dependencies]. Details - ImportResultOutputID=4f92597b045e8b005029550042d37ead DependenciesID=a329b93000866082d91a5d898239fd3c StaticDependenciesID=8bdb3cb23937d8bc7342b08331977850 
Number of updated asset objects reloaded before import = 0Number of asset objects unloaded after import = 14

========================================================================
Received Import Request.
  Time since last request: 0.000021 seconds.
  path: Assets/Standard Assets/Environment/SpeedTree/Broadleaf/Cap_01.tga
  importAddress: Guid(c688b8230f338954e977969bd4457584) Importer(2089858483,b0f066a214c2f5e87bad3c948f4d605d)
Start importing Assets/Standard Assets/Environment/SpeedTree/Broadleaf/Cap_01.tga using Guid(c688b8230f338954e977969bd4457584) Importer(2089858483,b0f066a214c2f5e87bad3c948f4d605d) (ScriptedImporter) -> (Import Result ID: '08871204570edb148b5a40dcf12f6b01') in 0.0131238 seconds [static and dynamic dependencies]. Details - ImportResultOutputID=3d21639b5b17ff312eaa76931d14b3d3 DependenciesID=a1ffea2051abf06bfb62172bf4579cfd StaticDependenciesID=0153931520862103bf08f9acdc75ef37 
Number of updated asset objects reloaded before import = 0Number of asset objects unloaded after import = 1

========================================================================
Received Import Request.
  Time since last request: 0.000033 seconds.
  path: Assets/Standard Assets/Environment/SpeedTree/Broadleaf/Broadleaves_Desktop.tga
  importAddress: Guid(306f8f570579fb3448d141a63029ef94) Importer(2089858483,b0f066a214c2f5e87bad3c948f4d605d)
Start importing Assets/Standard Assets/Environment/SpeedTree/Broadleaf/Broadleaves_Desktop.tga using Guid(306f8f570579fb3448d141a63029ef94) Importer(2089858483,b0f066a214c2f5e87bad3c948f4d605d) (ScriptedImporter) -> (Import Result ID: 'c50618bc95efdc78a0ac1f3c43643b3d') in 0.0129603 seconds [static and dynamic dependencies]. Details - ImportResultOutputID=8da7361e58543f1eead73eabe5f277ed DependenciesID=914fa321c948a888f3f50e0ee97797b7 StaticDependenciesID=9e6f0ee9a45fe6a0dee509c057cda9dc 
Number of updated asset objects reloaded before import = 0Number of asset objects unloaded after import = 1

========================================================================
Received Import Request.
  Time since last request: 0.000017 seconds.
  path: Assets/Standard Assets/Environment/Water (Basic)/Materials/WaterBasicNighttime.mat
  importAddress: Guid(c55afdc4a8a3b4890b07cc7d176510bb) Importer(2089858483,b0f066a214c2f5e87bad3c948f4d605d)
Start importing Assets/Standard Assets/Environment/Water (Basic)/Materials/WaterBasicNighttime.mat using Guid(c55afdc4a8a3b4890b07cc7d176510bb) Importer(2089858483,b0f066a214c2f5e87bad3c948f4d605d) (ScriptedImporter) -> (Import Result ID: '55354f2f2c6d7887b825c458460d4e54') in 0.0114617 seconds [static and dynamic dependencies]. Details - ImportResultOutputID=83b83f78cb6c09604f8c34a06438cd98 DependenciesID=1bbf8382d8d83610b71df965c4bb89d8 StaticDependenciesID=7134194c8feaab3085db50772887f805 
Number of updated asset objects reloaded before import = 0Number of asset objects unloaded after import = 3

========================================================================
Received Import Request.
  Time since last request: 0.000017 seconds.
  path: Assets/Standard Assets/Environment/TerrainAssets/SurfaceTextures/MudRockyNormals.bmp
  importAddress: Guid(58a059b07b093a745b47c2191525ddce) Importer(2089858483,b0f066a214c2f5e87bad3c948f4d605d)
Start importing Assets/Standard Assets/Environment/TerrainAssets/SurfaceTextures/MudRockyNormals.bmp using Guid(58a059b07b093a745b47c2191525ddce) Importer(2089858483,b0f066a214c2f5e87bad3c948f4d605d) (ScriptedImporter) -> (Import Result ID: '22ad18ac520e5145d871834303ba94f9') in 0.0108093 seconds [static and dynamic dependencies]. Details - ImportResultOutputID=61e06051325b0b5f4c8ca8fbf3078838 DependenciesID=39f4f507aecea2dbde3d18545094f165 StaticDependenciesID=22d10bfe9991b2a9d5d0e9beff94ec4d 
Number of updated asset objects reloaded before import = 0Number of asset objects unloaded after import = 1

========================================================================
Received Import Request.
  Time since last request: 0.000019 seconds.
  path: Assets/Standard Assets/Vehicles/Aircraft/Scripts/AeroplaneAudio.cs
  importAddress: Guid(66329fe4ad8cd59478fffdc10131da1c) Importer(2089858483,b0f066a214c2f5e87bad3c948f4d605d)
Start importing Assets/Standard Assets/Vehicles/Aircraft/Scripts/AeroplaneAudio.cs using Guid(66329fe4ad8cd59478fffdc10131da1c) Importer(2089858483,b0f066a214c2f5e87bad3c948f4d605d) (ScriptedImporter) -> (Import Result ID: 'd4251c6daf28e25e21122da9f098183e') in 0.0097193 seconds [static and dynamic dependencies]. Details - ImportResultOutputID=f9c5d34e3909b8150d831f8a7923518e DependenciesID=201e151ff3365f19e7bf50f48074ec72 StaticDependenciesID=039477198641c5cf1fc25fc413f7025b 
Number of updated asset objects reloaded before import = 0Number of asset objects unloaded after import = 0

========================================================================
Received Import Request.
  Time since last request: 0.000070 seconds.
  path: Assets/Standard Assets/Environment/Water (Basic)/Models/WaterBasicPlane.fbx
  importAddress: Guid(ce8d79c79d11b8f9d00076e98d76c639) Importer(2089858483,b0f066a214c2f5e87bad3c948f4d605d)
Start importing Assets/Standard Assets/Environment/Water (Basic)/Models/WaterBasicPlane.fbx using Guid(ce8d79c79d11b8f9d00076e98d76c639) Importer(2089858483,b0f066a214c2f5e87bad3c948f4d605d) (ScriptedImporter) -> (Import Result ID: 'ea5eeea7735543b21f1db8e2fbaefe04') in 0.0120496 seconds [static and dynamic dependencies]. Details - ImportResultOutputID=32a2413a90ed83f182481dfbb8b1ffac DependenciesID=703c25c1c8d9facf2a1f4f1b1f7e9549 StaticDependenciesID=a27fb0e45c7c898e40c4f5471de1b4c0 
Number of updated asset objects reloaded before import = 0Number of asset objects unloaded after import = 8

========================================================================
Received Import Request.
  Time since last request: 0.000019 seconds.
  path: Assets/Standard Assets/Vehicles/Aircraft/Prefabs/AircraftPropellerAi.prefab
  importAddress: Guid(cd707c1f484f43249bab272ac76a0174) Importer(2089858483,b0f066a214c2f5e87bad3c948f4d605d)
Start importing Assets/Standard Assets/Vehicles/Aircraft/Prefabs/AircraftPropellerAi.prefab using Guid(cd707c1f484f43249bab272ac76a0174) Importer(2089858483,b0f066a214c2f5e87bad3c948f4d605d) (ScriptedImporter) -> (Import Result ID: '2c483b525f75b238070479755c08e849') in 0.0344213 seconds [static and dynamic dependencies]. Details - ImportResultOutputID=065f15b167dab77064eeca7cd26a802c DependenciesID=4aac23cae083bd0af2537bef4f893a0b StaticDependenciesID=aeebdfb3144b96891f7f123e0bc66977 
Number of updated asset objects reloaded before import = 0Number of asset objects unloaded after import = 218

========================================================================
Received Import Request.
  Time since last request: 0.000021 seconds.
  path: Assets/Standard Assets/Environment/SpeedTree/Broadleaf/Broadleaf_Desktop_Atlas_Billboards.tga
  importAddress: Guid(951aab9a19f551f4385d0ceafdaf19b4) Importer(2089858483,b0f066a214c2f5e87bad3c948f4d605d)
Start importing Assets/Standard Assets/Environment/SpeedTree/Broadleaf/Broadleaf_Desktop_Atlas_Billboards.tga using Guid(951aab9a19f551f4385d0ceafdaf19b4) Importer(2089858483,b0f066a214c2f5e87bad3c948f4d605d) (ScriptedImporter) -> (Import Result ID: 'cf1a8ca33440c4203d9bc616f93254ba') in 0.0113527 seconds [static and dynamic dependencies]. Details - ImportResultOutputID=b5432ebd21e51e2523cdd63ac5eab409 DependenciesID=a1910a95eabaef72895ec66af4b22a1e StaticDependenciesID=736ab2106247dcb9444a96685697ae88 
Number of updated asset objects reloaded before import = 0Number of asset objects unloaded after import = 1

========================================================================
Received Import Request.
  Time since last request: 0.000016 seconds.
  path: Assets/Standard Assets/Environment/SpeedTree/Broadleaf/Broadleaf_Mobile_Atlas_Billboards.tga
  importAddress: Guid(bc6e7e1374ff3e1459f65bf72da64c85) Importer(2089858483,b0f066a214c2f5e87bad3c948f4d605d)
Start importing Assets/Standard Assets/Environment/SpeedTree/Broadleaf/Broadleaf_Mobile_Atlas_Billboards.tga using Guid(bc6e7e1374ff3e1459f65bf72da64c85) Importer(2089858483,b0f066a214c2f5e87bad3c948f4d605d) (ScriptedImporter) -> (Import Result ID: 'bd10b48d7cd4c0d813aaed8bb3cafd34') in 0.0122705 seconds [static and dynamic dependencies]. Details - ImportResultOutputID=d3421979b047cac39c2cfb4e5850f209 DependenciesID=547d7809f44227c917af92599e91bdf5 StaticDependenciesID=3515e8f5b18a7830a2f066a94a22a498 
Number of updated asset objects reloaded before import = 0Number of asset objects unloaded after import = 1

========================================================================
Received Import Request.
  Time since last request: 0.000014 seconds.
  path: Assets/Standard Assets/ParticleSystems/Shaders/PriorityParticleAdd.shader
  importAddress: Guid(5cd052ce7ea5a2f438f599e02de6a390) Importer(2089858483,b0f066a214c2f5e87bad3c948f4d605d)
Start importing Assets/Standard Assets/ParticleSystems/Shaders/PriorityParticleAdd.shader using Guid(5cd052ce7ea5a2f438f599e02de6a390) Importer(2089858483,b0f066a214c2f5e87bad3c948f4d605d) (ScriptedImporter) -> (Import Result ID: 'c357e3bb618df5e6a41601bd1633b18c') in 0.0092656 seconds [static and dynamic dependencies]. Details - ImportResultOutputID=39d4a15778339b37755c14ed5e049b28 DependenciesID=4b9858ab95c7a7645a23e8486da68b9b StaticDependenciesID=19e31bee6286e4c73272127e570e0868 
Number of updated asset objects reloaded before import = 0Number of asset objects unloaded after import = 1

========================================================================
Received Import Request.
  Time since last request: 0.000058 seconds.
  path: Assets/Standard Assets/Prototyping/Models/JoinMidPrototype04x06x01.fbx
  importAddress: Guid(40384240c1c82b94db82531689571ab0) Importer(2089858483,b0f066a214c2f5e87bad3c948f4d605d)
Start importing Assets/Standard Assets/Prototyping/Models/JoinMidPrototype04x06x01.fbx using Guid(40384240c1c82b94db82531689571ab0) Importer(2089858483,b0f066a214c2f5e87bad3c948f4d605d) (ScriptedImporter) -> (Import Result ID: '918abda0c883b32b6fb43a9851d28a61') in 0.0210992 seconds [static and dynamic dependencies]. Details - ImportResultOutputID=17e3196a7b2d9ffcbde7fd3a4f5789e8 DependenciesID=53924522db62bfe508da9b52c24e28c5 StaticDependenciesID=d5c374c96ad9b07b4e2c7efa673402c5 
Number of updated asset objects reloaded before import = 0Number of asset objects unloaded after import = 8

========================================================================
Received Import Request.
  Time since last request: 0.000017 seconds.
  path: Assets/Standard Assets/Effects/LightCookies/Textures/FlashlightIrregularCookie.tif
  importAddress: Guid(641bb2dce818a8a499b537a1963889ac) Importer(2089858483,b0f066a214c2f5e87bad3c948f4d605d)
Start importing Assets/Standard Assets/Effects/LightCookies/Textures/FlashlightIrregularCookie.tif using Guid(641bb2dce818a8a499b537a1963889ac) Importer(2089858483,b0f066a214c2f5e87bad3c948f4d605d) (ScriptedImporter) -> (Import Result ID: '359e30579c9ac0ebd2fc978381e3b48f') in 0.0108684 seconds [static and dynamic dependencies]. Details - ImportResultOutputID=cd5266193e25365089b8988f7df83f32 DependenciesID=e2cbb65fd66a3a0fe2e6cb120ff03f0b StaticDependenciesID=7b44c7cf697db09bfe44467955534030 
Number of updated asset objects reloaded before import = 0Number of asset objects unloaded after import = 1

========================================================================
Received Import Request.
  Time since last request: 0.000017 seconds.
  path: Assets/Standard Assets/Prototyping/Models/JoinInnerPrototype01x06x01.fbx
  importAddress: Guid(f45b6695d6226cd48abfc605723cc3ae) Importer(2089858483,b0f066a214c2f5e87bad3c948f4d605d)
Start importing Assets/Standard Assets/Prototyping/Models/JoinInnerPrototype01x06x01.fbx using Guid(f45b6695d6226cd48abfc605723cc3ae) Importer(2089858483,b0f066a214c2f5e87bad3c948f4d605d) (ScriptedImporter) -> (Import Result ID: 'f43510f049a2d57a6718dfe392f9337e') in 0.0116201 seconds [static and dynamic dependencies]. Details - ImportResultOutputID=c2e727d945573c1d2edbbed9d489b3be DependenciesID=6fbf63adc1790fbd16f37e83256a42e7 StaticDependenciesID=aab943ac0a5a78577280e2b693089069 
Number of updated asset objects reloaded before import = 0Number of asset objects unloaded after import = 8

========================================================================
Received Import Request.
  Time since last request: 0.000014 seconds.
  path: Assets/Sprites/Power_Ups/Triple_Shot/Powerup3_0008_00010.png
  importAddress: Guid(95c617d16f9b8a9448ac5779db6e4c68) Importer(2089858483,b0f066a214c2f5e87bad3c948f4d605d)
Start importing Assets/Sprites/Power_Ups/Triple_Shot/Powerup3_0008_00010.png using Guid(95c617d16f9b8a9448ac5779db6e4c68) Importer(2089858483,b0f066a214c2f5e87bad3c948f4d605d) (ScriptedImporter) -> (Import Result ID: 'b46457f4e5a50f7afc7a5282878a28ba') in 0.0108567 seconds [static and dynamic dependencies]. Details - ImportResultOutputID=90d4cfa6b57e92e969b8ed08aedcb247 DependenciesID=ef87735a373501d875ca7ce51a2dc217 StaticDependenciesID=b24ab15d4e905c199a7cb4af9e16017d 
Number of updated asset objects reloaded before import = 0Number of asset objects unloaded after import = 3

========================================================================
Received Import Request.
  Time since last request: 0.000017 seconds.
  path: Assets/Standard Assets/Vehicles/Car/Materials/TrailSkid.mat
  importAddress: Guid(f4dd0bba6decdd5418fd3d541ff5f7f0) Importer(2089858483,b0f066a214c2f5e87bad3c948f4d605d)
Start importing Assets/Standard Assets/Vehicles/Car/Materials/TrailSkid.mat using Guid(f4dd0bba6decdd5418fd3d541ff5f7f0) Importer(2089858483,b0f066a214c2f5e87bad3c948f4d605d) (ScriptedImporter) -> (Import Result ID: '01c9b8ce349414e10c2e6f9dbc05180a') in 0.0088537 seconds [static and dynamic dependencies]. Details - ImportResultOutputID=bea2d5fb33db30a7703d68d4f941d8db DependenciesID=44f2bd390c24919cf72559757e1ee555 StaticDependenciesID=f293482e04b69641dea6af7d67ed6436 
Number of updated asset objects reloaded before import = 0Number of asset objects unloaded after import = 2

========================================================================
Received Import Request.
  Time since last request: 0.000015 seconds.
  path: Assets/Standard Assets/Environment/SpeedTree/Broadleaf/Broadleaf_Desktop Materials/LOD1/FacingLeaves_4.mat
  importAddress: Guid(9938463bcd729fe41b4937cb6d2d692b) Importer(2089858483,b0f066a214c2f5e87bad3c948f4d605d)
Start importing Assets/Standard Assets/Environment/SpeedTree/Broadleaf/Broadleaf_Desktop Materials/LOD1/FacingLeaves_4.mat using Guid(9938463bcd729fe41b4937cb6d2d692b) Importer(2089858483,b0f066a214c2f5e87bad3c948f4d605d) (ScriptedImporter) -> (Import Result ID: '51b8308107c842daa1c70168ad281430') in 0.1159044 seconds [static and dynamic dependencies]. Details - ImportResultOutputID=da25d8956a5dd2338132b2a2ad7643ec DependenciesID=8addee8e198f5c27ab39806978556292 StaticDependenciesID=dcb29134d3ce2887c22d68194bd6fd16 
Number of updated asset objects reloaded before import = 0Number of asset objects unloaded after import = 3

========================================================================
Received Import Request.
  Time since last request: 0.000019 seconds.
  path: Assets/Standard Assets/Environment/Water/Water/Textures/WaterBump.jpg
  importAddress: Guid(2dd3788f8589b40bf82a92d76ffc5091) Importer(2089858483,b0f066a214c2f5e87bad3c948f4d605d)
Start importing Assets/Standard Assets/Environment/Water/Water/Textures/WaterBump.jpg using Guid(2dd3788f8589b40bf82a92d76ffc5091) Importer(2089858483,b0f066a214c2f5e87bad3c948f4d605d) (ScriptedImporter) -> (Import Result ID: '09d676517b85449ace7041c0b0cbd5dc') in 0.0111154 seconds [static and dynamic dependencies]. Details - ImportResultOutputID=4d818712f22778a75d3cf529e36de563 DependenciesID=f92dee27b3a5fb10901ab58ad2d5009d StaticDependenciesID=035633adf8ab04a291f1d9df6627008a 
Number of updated asset objects reloaded before import = 0Number of asset objects unloaded after import = 1

========================================================================
Received Import Request.
  Time since last request: 0.000025 seconds.
  path: Assets/Standard Assets/Vehicles/Car/Scripts/CarSelfRighting.cs
  importAddress: Guid(9db865986f75ee44eba89ace4646af65) Importer(2089858483,b0f066a214c2f5e87bad3c948f4d605d)
Start importing Assets/Standard Assets/Vehicles/Car/Scripts/CarSelfRighting.cs using Guid(9db865986f75ee44eba89ace4646af65) Importer(2089858483,b0f066a214c2f5e87bad3c948f4d605d) (ScriptedImporter) -> (Import Result ID: '00012704666177235bc780c510070fed') in 0.0094907 seconds [static and dynamic dependencies]. Details - ImportResultOutputID=73e54b0473882a15993c17b763948cea DependenciesID=169733a2c466615853c5ec7786015bb0 StaticDependenciesID=e56895adb67d4705efb2b7eeaba9a927 
Number of updated asset objects reloaded before import = 0Number of asset objects unloaded after import = 0

========================================================================
Received Import Request.
  Time since last request: 0.000073 seconds.
  path: Assets/Standard Assets/Environment/SpeedTree/Broadleaf/Broadleaf_Desktop Materials/LOD1/Branches_0.mat
  importAddress: Guid(4be5b19d42487c24f830c4ee36849a95) Importer(2089858483,b0f066a214c2f5e87bad3c948f4d605d)
Start importing Assets/Standard Assets/Environment/SpeedTree/Broadleaf/Broadleaf_Desktop Materials/LOD1/Branches_0.mat using Guid(4be5b19d42487c24f830c4ee36849a95) Importer(2089858483,b0f066a214c2f5e87bad3c948f4d605d) (ScriptedImporter) -> (Import Result ID: '447e2c64903bd746d7280eb3dca6bb98') in 0.0731847 seconds [static and dynamic dependencies]. Details - ImportResultOutputID=f26e768329f4c8c7abca23b6ee2fae04 DependenciesID=8f734cc7edd6d86b089433424bd8693a StaticDependenciesID=d41e78d1d2b18690868740d115cfb494 
Number of updated asset objects reloaded before import = 0Number of asset objects unloaded after import = 3

========================================================================
Received Import Request.
  Time since last request: 0.000020 seconds.
  path: Assets/Standard Assets/Vehicles/Car/Shaders/ReflectiveDiffuseSpecTransp.shader
  importAddress: Guid(27ef16960c5db91489f664f287da107e) Importer(2089858483,b0f066a214c2f5e87bad3c948f4d605d)
Start importing Assets/Standard Assets/Vehicles/Car/Shaders/ReflectiveDiffuseSpecTransp.shader using Guid(27ef16960c5db91489f664f287da107e) Importer(2089858483,b0f066a214c2f5e87bad3c948f4d605d) (ScriptedImporter) -> (Import Result ID: '907052ca8045385527bef488805d2692') in 0.0081901 seconds [static and dynamic dependencies]. Details - ImportResultOutputID=d07e528b93052f39e9835fed41d19aed DependenciesID=8d00958cd8160aea79aed743ab59ff36 StaticDependenciesID=770aee2f8173db011beb3365ffd47f1f 
Number of updated asset objects reloaded before import = 0Number of asset objects unloaded after import = 1

========================================================================
Received Import Request.
  Time since last request: 0.000034 seconds.
  path: Assets/Standard Assets/Vehicles/Car/Scripts/SkidTrail.cs
  importAddress: Guid(9ce3a3a1349a5774b94761844e652a65) Importer(2089858483,b0f066a214c2f5e87bad3c948f4d605d)
Start importing Assets/Standard Assets/Vehicles/Car/Scripts/SkidTrail.cs using Guid(9ce3a3a1349a5774b94761844e652a65) Importer(2089858483,b0f066a214c2f5e87bad3c948f4d605d) (ScriptedImporter) -> (Import Result ID: '11de44143d2e04aca2bf9fe0dd3b5838') in 0.009354 seconds [static and dynamic dependencies]. Details - ImportResultOutputID=0f23ce5977c29a9a7b460a1ab3411b55 DependenciesID=a4fbd9ec5b8f396bbf47f90a27d8c8c6 StaticDependenciesID=c33517eb3e225ee9cf521447573370d6 
Number of updated asset objects reloaded before import = 0Number of asset objects unloaded after import = 0

========================================================================
Received Import Request.
  Time since last request: 0.000053 seconds.
  path: Assets/Standard Assets/Environment/SpeedTree/Conifer/Conifer_Desktop Materials/LOD2/Leaves_3.mat
  importAddress: Guid(c487fc8e98a2a42488a6c0a36ccaec27) Importer(2089858483,b0f066a214c2f5e87bad3c948f4d605d)
Start importing Assets/Standard Assets/Environment/SpeedTree/Conifer/Conifer_Desktop Materials/LOD2/Leaves_3.mat using Guid(c487fc8e98a2a42488a6c0a36ccaec27) Importer(2089858483,b0f066a214c2f5e87bad3c948f4d605d) (ScriptedImporter) -> (Import Result ID: 'bf9677bf82624b05f7c3db199f8300cb') in 0.011707 seconds [static and dynamic dependencies]. Details - ImportResultOutputID=e940d194bdf1abc3aa5a34fbbaa747ed DependenciesID=9cb0ce8df292b48194d1fdd16357c534 StaticDependenciesID=772516be64958580886462323d16ad63 
Number of updated asset objects reloaded before import = 0Number of asset objects unloaded after import = 3

========================================================================
Received Import Request.
  Time since last request: 0.000021 seconds.
  path: Assets/Standard Assets/Environment/SpeedTree/Broadleaf/Broadleaf_Mobile Materials/Billboard.mat
  importAddress: Guid(8c1755df5f552e843b9f8485f72e71f8) Importer(2089858483,b0f066a214c2f5e87bad3c948f4d605d)
Start importing Assets/Standard Assets/Environment/SpeedTree/Broadleaf/Broadleaf_Mobile Materials/Billboard.mat using Guid(8c1755df5f552e843b9f8485f72e71f8) Importer(2089858483,b0f066a214c2f5e87bad3c948f4d605d) (ScriptedImporter) -> (Import Result ID: '43bc7f6d9d36c61a73dd1552bd0c479e') in 0.0668423 seconds [static and dynamic dependencies]. Details - ImportResultOutputID=6f12f2c4e7416d9bceaf8786756ed7a3 DependenciesID=31724fabd130b88d25624b11a387b8b7 StaticDependenciesID=662bdbe0cd1dc036b68ddac0649dada9 
Number of updated asset objects reloaded before import = 0Number of asset objects unloaded after import = 3

========================================================================
Received Import Request.
  Time since last request: 0.000018 seconds.
  path: Assets/Standard Assets/Environment/Water/Water/Scripts/GerstnerDisplace.cs
  importAddress: Guid(42e7f46d0e5a84171a3909479c1646ba) Importer(2089858483,b0f066a214c2f5e87bad3c948f4d605d)
Start importing Assets/Standard Assets/Environment/Water/Water/Scripts/GerstnerDisplace.cs using Guid(42e7f46d0e5a84171a3909479c1646ba) Importer(2089858483,b0f066a214c2f5e87bad3c948f4d605d) (ScriptedImporter) -> (Import Result ID: 'af559c4ee16ec5bf80fcedee73116d7e') in 0.0078028 seconds [static and dynamic dependencies]. Details - ImportResultOutputID=67ed7cdbeb026fc1cf0ae29ad58716c3 DependenciesID=62ddacb330f8b86aa80a8c4a6323e1b6 StaticDependenciesID=3e5547f74508e3607ed3496b87eb4911 
Number of updated asset objects reloaded before import = 0Number of asset objects unloaded after import = 0

========================================================================
Received Import Request.
  Time since last request: 0.000040 seconds.
  path: Assets/Standard Assets/Vehicles/Aircraft/Textures/AircraftPropellerBlur03GreyAlbedo.png
  importAddress: Guid(2beb3362d4b99ed40890889c97d63cd4) Importer(2089858483,b0f066a214c2f5e87bad3c948f4d605d)
Start importing Assets/Standard Assets/Vehicles/Aircraft/Textures/AircraftPropellerBlur03GreyAlbedo.png using Guid(2beb3362d4b99ed40890889c97d63cd4) Importer(2089858483,b0f066a214c2f5e87bad3c948f4d605d) (ScriptedImporter) -> (Import Result ID: '1f9933b3481d184b137e247fe7a00a86') in 0.0128018 seconds [static and dynamic dependencies]. Details - ImportResultOutputID=0e18d609ea37282a2c02db8dc1e5b327 DependenciesID=4048e654e40908db782e30ff78406354 StaticDependenciesID=41ea0b27f40b03cb056499809d75230b 
Number of updated asset objects reloaded before import = 0Number of asset objects unloaded after import = 1

========================================================================
Received Import Request.
  Time since last request: 0.000021 seconds.
  path: Assets/Standard Assets/Environment/SpeedTree/Conifer/Conifer_Desktop Materials/LOD0/Fronds_2.mat
  importAddress: Guid(0aa00c0212e047047aa5a1ce93b07f49) Importer(2089858483,b0f066a214c2f5e87bad3c948f4d605d)
Start importing Assets/Standard Assets/Environment/SpeedTree/Conifer/Conifer_Desktop Materials/LOD0/Fronds_2.mat using Guid(0aa00c0212e047047aa5a1ce93b07f49) Importer(2089858483,b0f066a214c2f5e87bad3c948f4d605d) (ScriptedImporter) -> (Import Result ID: 'a0502d451a9ec91c6b62f00c2c9b0950') in 0.0802147 seconds [static and dynamic dependencies]. Details - ImportResultOutputID=cb82d15fff0b2388df4cf39833bc0e72 DependenciesID=fc2669d9045de43c8c23492417fbe5ca StaticDependenciesID=7912459c470ffcb4d1b8128398f47fef 
Number of updated asset objects reloaded before import = 0Number of asset objects unloaded after import = 3

========================================================================
Received Import Request.
  Time since last request: 0.000022 seconds.
  path: Assets/Standard Assets/Environment/SpeedTree/Palm/Palm_Desktop Materials/LOD0/Branches_1.mat
  importAddress: Guid(fa40ba727cdc90245aac11f0ff5ead8e) Importer(2089858483,b0f066a214c2f5e87bad3c948f4d605d)
Start importing Assets/Standard Assets/Environment/SpeedTree/Palm/Palm_Desktop Materials/LOD0/Branches_1.mat using Guid(fa40ba727cdc90245aac11f0ff5ead8e) Importer(2089858483,b0f066a214c2f5e87bad3c948f4d605d) (ScriptedImporter) -> (Import Result ID: 'bfa59c91e488c78e0d063e197d6226a6') in 0.0712386 seconds [static and dynamic dependencies]. Details - ImportResultOutputID=b5c17ed0a64aef1a139c7a0fbe28c5da DependenciesID=6304108489d18382e4aff221ea996306 StaticDependenciesID=d8f7aadaa76c0ad6f366a7510206dc74 
Number of updated asset objects reloaded before import = 0Number of asset objects unloaded after import = 3

========================================================================
Received Import Request.
  Time since last request: 0.000026 seconds.
  path: Assets/Standard Assets/Environment/SpeedTree/Broadleaf/Broadleaf_Mobile Materials/LOD2/Branches_0.mat
  importAddress: Guid(cd764ab8662bea6468202df8741bcfd3) Importer(2089858483,b0f066a214c2f5e87bad3c948f4d605d)
Start importing Assets/Standard Assets/Environment/SpeedTree/Broadleaf/Broadleaf_Mobile Materials/LOD2/Branches_0.mat using Guid(cd764ab8662bea6468202df8741bcfd3) Importer(2089858483,b0f066a214c2f5e87bad3c948f4d605d) (ScriptedImporter) -> (Import Result ID: '05f76f5a371e4969d026bdad6ddbfc1a') in 0.0114469 seconds [static and dynamic dependencies]. Details - ImportResultOutputID=c09dbe25cd1e57971076f7eb3ca5fe78 DependenciesID=b0d9776265ca91594bce0adebeea5b05 StaticDependenciesID=0208bbe80a22d83c3efce49090474ec6 
Number of updated asset objects reloaded before import = 0Number of asset objects unloaded after import = 3

========================================================================
Received Import Request.
  Time since last request: 0.000024 seconds.
  path: Assets/Standard Assets/Environment/Water/Water4/Prefabs/Water4Simple.prefab
  importAddress: Guid(843740dbe549a4a6ba9556d1b80001f5) Importer(2089858483,b0f066a214c2f5e87bad3c948f4d605d)
Start importing Assets/Standard Assets/Environment/Water/Water4/Prefabs/Water4Simple.prefab using Guid(843740dbe549a4a6ba9556d1b80001f5) Importer(2089858483,b0f066a214c2f5e87bad3c948f4d605d) (ScriptedImporter) -> (Import Result ID: '271c3a9a4664ebe285d31e854ef6197f') in 0.0123702 seconds [static and dynamic dependencies]. Details - ImportResultOutputID=cfe83afbd3d0683b660166c4a0dc23f1 DependenciesID=9b3fdcf4407dded56b62d0dec5b6ad4b StaticDependenciesID=98871c9346619fdecc1b7e2851f433bb 
Number of updated asset objects reloaded before import = 0Number of asset objects unloaded after import = 22

========================================================================
Received Import Request.
  Time since last request: 0.000017 seconds.
  path: Assets/Standard Assets/Vehicles/Car/Materials/SkyCarLightCoversWhite.mat
  importAddress: Guid(bedcbcc4d577778478a5f01fe1415af1) Importer(2089858483,b0f066a214c2f5e87bad3c948f4d605d)
Start importing Assets/Standard Assets/Vehicles/Car/Materials/SkyCarLightCoversWhite.mat using Guid(bedcbcc4d577778478a5f01fe1415af1) Importer(2089858483,b0f066a214c2f5e87bad3c948f4d605d) (ScriptedImporter) -> (Import Result ID: 'e29d5e08dca03e8369bfe03eaf8d5b6b') in 0.0301406 seconds [static and dynamic dependencies]. Details - ImportResultOutputID=ba561477dcad030d8121826458af2ac9 DependenciesID=2516b96cbe3e1f04cd28f70e87644a44 StaticDependenciesID=16fc8848e2995d15c3356cf7dd5df64c 
Number of updated asset objects reloaded before import = 0Number of asset objects unloaded after import = 1

========================================================================
Received Import Request.
  Time since last request: 0.000019 seconds.
  path: Assets/Standard Assets/Vehicles/Car/Prefabs/Car.prefab
  importAddress: Guid(0e7ee4df08df88c4880f43398f9ad2c2) Importer(2089858483,b0f066a214c2f5e87bad3c948f4d605d)
Start importing Assets/Standard Assets/Vehicles/Car/Prefabs/Car.prefab using Guid(0e7ee4df08df88c4880f43398f9ad2c2) Importer(2089858483,b0f066a214c2f5e87bad3c948f4d605d) (ScriptedImporter) -> (Import Result ID: 'c330ad2390f3231548ce2c5d7defb98c') in 0.0199377 seconds [static and dynamic dependencies]. Details - ImportResultOutputID=85fa51da9d883b01cb48c80aab5704b4 DependenciesID=29a3823e00342bfd21388944db52ba29 StaticDependenciesID=592a673b43fa9fafde86f70745b43381 
Number of updated asset objects reloaded before import = 0Number of asset objects unloaded after import = 143

========================================================================
Received Import Request.
  Time since last request: 0.000020 seconds.
  path: Assets/Standard Assets/Vehicles/Car/Audio/Skid.wav
  importAddress: Guid(bd9566abdbf08834281bfb4ea8b92a5d) Importer(2089858483,b0f066a214c2f5e87bad3c948f4d605d)
Start importing Assets/Standard Assets/Vehicles/Car/Audio/Skid.wav using Guid(bd9566abdbf08834281bfb4ea8b92a5d) Importer(2089858483,b0f066a214c2f5e87bad3c948f4d605d) (ScriptedImporter) -> (Import Result ID: '0455bc192a6126c54ba8ea17db010e82') in 0.0085425 seconds [static and dynamic dependencies]. Details - ImportResultOutputID=578e4eb65fcd8fab3251008d0714a728 DependenciesID=b969f60c8f059f5c67e0b1a3f31d77eb StaticDependenciesID=8a0819f23fdd8314b1d60d2d022d1bd1 
Number of updated asset objects reloaded before import = 0Number of asset objects unloaded after import = 1

========================================================================
Received Import Request.
  Time since last request: 0.000018 seconds.
  path: Assets/Standard Assets/Environment/Water/Water4/Models/OceanPlane.FBX
  importAddress: Guid(681e41ee1260343b395ca58745c94870) Importer(2089858483,b0f066a214c2f5e87bad3c948f4d605d)
Start importing Assets/Standard Assets/Environment/Water/Water4/Models/OceanPlane.FBX using Guid(681e41ee1260343b395ca58745c94870) Importer(2089858483,b0f066a214c2f5e87bad3c948f4d605d) (ScriptedImporter) -> (Import Result ID: '044b5b9b61578971a5f0a3190141d96d') in 0.0121738 seconds [static and dynamic dependencies]. Details - ImportResultOutputID=5900639f3e7591ebe2e965ce3267bff9 DependenciesID=82bade5ee6905f640a634760238881dd StaticDependenciesID=0c4645dfb5872e29c8b39f34e2fb0155 
Number of updated asset objects reloaded before import = 0Number of asset objects unloaded after import = 9

========================================================================
Received Import Request.
  Time since last request: 0.000013 seconds.
  path: Assets/Standard Assets/Vehicles/Car/Materials/SkyCarLightGlows.mat
  importAddress: Guid(3682f7747d485db4586750a832808b31) Importer(2089858483,b0f066a214c2f5e87bad3c948f4d605d)
Start importing Assets/Standard Assets/Vehicles/Car/Materials/SkyCarLightGlows.mat using Guid(3682f7747d485db4586750a832808b31) Importer(2089858483,b0f066a214c2f5e87bad3c948f4d605d) (ScriptedImporter) -> (Import Result ID: '9034ff9d177c9d4594c9274f1ec9eef2') in 0.0097109 seconds [static and dynamic dependencies]. Details - ImportResultOutputID=82ddf820a98008c0c9288f7995bbc992 DependenciesID=b560382475e2930ef3021e1287b1b4e1 StaticDependenciesID=e96c49e7c6045523b8dcf35fa1f6a583 
Number of updated asset objects reloaded before import = 0Number of asset objects unloaded after import = 2

========================================================================
Received Import Request.
  Time since last request: 0.000017 seconds.
  path: Assets/Standard Assets/Environment/SpeedTree/Conifer/Conifer_Desktop Materials/Billboard.mat
  importAddress: Guid(e625f56663597ef4899f86b588b4d506) Importer(2089858483,b0f066a214c2f5e87bad3c948f4d605d)
Start importing Assets/Standard Assets/Environment/SpeedTree/Conifer/Conifer_Desktop Materials/Billboard.mat using Guid(e625f56663597ef4899f86b588b4d506) Importer(2089858483,b0f066a214c2f5e87bad3c948f4d605d) (ScriptedImporter) -> (Import Result ID: '674f0cfe695ebc89df247a1846d97f80') in 0.0144061 seconds [static and dynamic dependencies]. Details - ImportResultOutputID=59619a297b73526b3450b3e07cc0b8fe DependenciesID=baa2a23fa01ee4ec1824d3942dfee017 StaticDependenciesID=e5ba7d133acd68ba5fb9d48321db35cc 
Number of updated asset objects reloaded before import = 0Number of asset objects unloaded after import = 3

========================================================================
Received Import Request.
  Time since last request: 0.000019 seconds.
  path: Assets/Standard Assets/Environment/SpeedTree/Broadleaf/Broadleaf_Mobile Materials/LOD0/Leaves_1.mat
  importAddress: Guid(6c3b3265bf0f7e547a1ada8555f850a5) Importer(2089858483,b0f066a214c2f5e87bad3c948f4d605d)
Start importing Assets/Standard Assets/Environment/SpeedTree/Broadleaf/Broadleaf_Mobile Materials/LOD0/Leaves_1.mat using Guid(6c3b3265bf0f7e547a1ada8555f850a5) Importer(2089858483,b0f066a214c2f5e87bad3c948f4d605d) (ScriptedImporter) -> (Import Result ID: '9d6feeced5c24e8b47e76d5bea3d9484') in 0.0105369 seconds [static and dynamic dependencies]. Details - ImportResultOutputID=5ce65267d41a4fda8ba8df5d4e1fe06d DependenciesID=2cf7af5534d7111e4d4ef4ad4462a6ba StaticDependenciesID=4d7eae2a0505c6590671da8d7df5219e 
Number of updated asset objects reloaded before import = 0Number of asset objects unloaded after import = 3

========================================================================
Received Import Request.
  Time since last request: 0.000016 seconds.
  path: Assets/Standard Assets/Environment/Water/Water/Scripts/MeshContainer.cs
  importAddress: Guid(951d74f7d57bed84cb623c62436bd064) Importer(2089858483,b0f066a214c2f5e87bad3c948f4d605d)
Start importing Assets/Standard Assets/Environment/Water/Water/Scripts/MeshContainer.cs using Guid(951d74f7d57bed84cb623c62436bd064) Importer(2089858483,b0f066a214c2f5e87bad3c948f4d605d) (ScriptedImporter) -> (Import Result ID: '959866311edc44eb04d614c29c70e1b0') in 0.0089808 seconds [static and dynamic dependencies]. Details - ImportResultOutputID=e7cd43cf334af103fe4b1376232d55da DependenciesID=7a11eb4ac0de01b7e119cb2f94bad2b7 StaticDependenciesID=1476b209dab2f829808457bff6af5b93 
Number of updated asset objects reloaded before import = 0Number of asset objects unloaded after import = 0

========================================================================
Received Import Request.
  Time since last request: 0.000056 seconds.
  path: Assets/Standard Assets/Environment/SpeedTree/Broadleaf/Broadleaf_Desktop Materials/LOD1/Fronds_2.mat
  importAddress: Guid(57225f817366f704fb9b710e3865030d) Importer(2089858483,b0f066a214c2f5e87bad3c948f4d605d)
Start importing Assets/Standard Assets/Environment/SpeedTree/Broadleaf/Broadleaf_Desktop Materials/LOD1/Fronds_2.mat using Guid(57225f817366f704fb9b710e3865030d) Importer(2089858483,b0f066a214c2f5e87bad3c948f4d605d) (ScriptedImporter) -> (Import Result ID: '4900d85e734ed7112c29e85a17ecc4ab') in 0.0108027 seconds [static and dynamic dependencies]. Details - ImportResultOutputID=76340e90f166f1d4e5fbd474288370e2 DependenciesID=efdb17583f54d5e6a45b063d30e9cfbe StaticDependenciesID=67fd5bba2694bb773741ddf24450502e 
Number of updated asset objects reloaded before import = 0Number of asset objects unloaded after import = 3

========================================================================
Received Import Request.
  Time since last request: 0.000016 seconds.
  path: Assets/Standard Assets/Environment/Water/Water/Prefabs/WaterProDaytime.prefab
  importAddress: Guid(780611a67e8e941a2b3aa96e5915a793) Importer(2089858483,b0f066a214c2f5e87bad3c948f4d605d)
Start importing Assets/Standard Assets/Environment/Water/Water/Prefabs/WaterProDaytime.prefab using Guid(780611a67e8e941a2b3aa96e5915a793) Importer(2089858483,b0f066a214c2f5e87bad3c948f4d605d) (ScriptedImporter) -> (Import Result ID: '84e488bbb901b277a682f6a3119a58ee') in 0.0116417 seconds [static and dynamic dependencies]. Details - ImportResultOutputID=c5ebb36410662daf3623aec36cc25197 DependenciesID=cbe58a269d233412f093d8be3cd3bdd5 StaticDependenciesID=e0be5c395016dddeb45915f5341fd7f6 
Number of updated asset objects reloaded before import = 0Number of asset objects unloaded after import = 9

========================================================================
Received Import Request.
  Time since last request: 0.000019 seconds.
  path: Assets/Standard Assets/Vehicles/Car/Scripts/CarController.cs
  importAddress: Guid(3ea65b38d485c374caa584a03f1de571) Importer(2089858483,b0f066a214c2f5e87bad3c948f4d605d)
Start importing Assets/Standard Assets/Vehicles/Car/Scripts/CarController.cs using Guid(3ea65b38d485c374caa584a03f1de571) Importer(2089858483,b0f066a214c2f5e87bad3c948f4d605d) (ScriptedImporter) -> (Import Result ID: '71e3f3268d403e392076db73d4adf18d') in 0.0079296 seconds [static and dynamic dependencies]. Details - ImportResultOutputID=7d5b3814c40b9738f3607b35a9000035 DependenciesID=29e81b91db3319819d8e414d88717621 StaticDependenciesID=ae4d5b5ebc37d3ff0707d7fbd69c868e 
Number of updated asset objects reloaded before import = 0Number of asset objects unloaded after import = 0

========================================================================
Received Import Request.
  Time since last request: 0.000015 seconds.
  path: Assets/Standard Assets/Vehicles/Car/Models/SkyCar.fbx
  importAddress: Guid(e6fec471c20b9d148b1f87910e67bea4) Importer(2089858483,b0f066a214c2f5e87bad3c948f4d605d)
Start importing Assets/Standard Assets/Vehicles/Car/Models/SkyCar.fbx using Guid(e6fec471c20b9d148b1f87910e67bea4) Importer(2089858483,b0f066a214c2f5e87bad3c948f4d605d) (ScriptedImporter) -> (Import Result ID: '140f96058fe8932cd1e0687871badabb') in 0.0233341 seconds [static and dynamic dependencies]. Details - ImportResultOutputID=078eceab1caddaf7e14a7478bd76f6aa DependenciesID=d17a121b5f49f66bd3ed4163ee70d256 StaticDependenciesID=45eb5a1f5dae3d83fc4e3784b96d96ba 
Number of updated asset objects reloaded before import = 0Number of asset objects unloaded after import = 68

========================================================================
Received Import Request.
  Time since last request: 0.000017 seconds.
  path: Assets/Standard Assets/Prototyping/Prefabs/CubePrototype08x08x08.prefab
  importAddress: Guid(90d8e09703679534295bd2cacb73d6de) Importer(2089858483,b0f066a214c2f5e87bad3c948f4d605d)
Start importing Assets/Standard Assets/Prototyping/Prefabs/CubePrototype08x08x08.prefab using Guid(90d8e09703679534295bd2cacb73d6de) Importer(2089858483,b0f066a214c2f5e87bad3c948f4d605d) (ScriptedImporter) -> (Import Result ID: '9212343edcb38b0cad2162b20425464c') in 0.0125124 seconds [static and dynamic dependencies]. Details - ImportResultOutputID=df4057ee5d976feb502f58408d966055 DependenciesID=c96ed7cd13dab9d8410c260964d84591 StaticDependenciesID=17217f1922bf65d4af568fd1a399c177 
Number of updated asset objects reloaded before import = 0Number of asset objects unloaded after import = 9

========================================================================
Received Import Request.
  Time since last request: 0.000025 seconds.
  path: Assets/Standard Assets/2D/Sprites/CratePinkGridSprite.png
  importAddress: Guid(12ef7cbdfe0e143fa858a324456c8979) Importer(2089858483,b0f066a214c2f5e87bad3c948f4d605d)
Start importing Assets/Standard Assets/2D/Sprites/CratePinkGridSprite.png using Guid(12ef7cbdfe0e143fa858a324456c8979) Importer(2089858483,b0f066a214c2f5e87bad3c948f4d605d) (ScriptedImporter) -> (Import Result ID: 'b3da3efa67cf965b24799d6e31d767f3') in 0.0111381 seconds [static and dynamic dependencies]. Details - ImportResultOutputID=f57905dd094b43b15dafc9d36d4e709d DependenciesID=9722c18c44dc8e2195957e43c43edbfb StaticDependenciesID=6356bcf0a7b8a44e1ae07a83e4603f92 
Number of updated asset objects reloaded before import = 0Number of asset objects unloaded after import = 3

========================================================================
Received Import Request.
  Time since last request: 0.000017 seconds.
  path: Assets/Standard Assets/Prototyping/Textures/SwatchWhiteAlbedo.png
  importAddress: Guid(9d0b29cecf2678b41982d2173d3670ff) Importer(2089858483,b0f066a214c2f5e87bad3c948f4d605d)
Start importing Assets/Standard Assets/Prototyping/Textures/SwatchWhiteAlbedo.png using Guid(9d0b29cecf2678b41982d2173d3670ff) Importer(2089858483,b0f066a214c2f5e87bad3c948f4d605d) (ScriptedImporter) -> (Import Result ID: '55032d9fcd5ac724ea918deaefcb4942') in 0.0105994 seconds [static and dynamic dependencies]. Details - ImportResultOutputID=92f5340e5df3aba11f2008656bba9cb5 DependenciesID=cb151cdbaf9c6c77be0afec163080866 StaticDependenciesID=81e1712d9441fc5f84978e7fee509c79 
Number of updated asset objects reloaded before import = 0Number of asset objects unloaded after import = 1

========================================================================
Received Import Request.
  Time since last request: 0.000014 seconds.
  path: Assets/Standard Assets/2D/Animations/RobotBoyFalling.anim
  importAddress: Guid(03bedf7094c479549beb9434f2033c2e) Importer(2089858483,b0f066a214c2f5e87bad3c948f4d605d)
Start importing Assets/Standard Assets/2D/Animations/RobotBoyFalling.anim using Guid(03bedf7094c479549beb9434f2033c2e) Importer(2089858483,b0f066a214c2f5e87bad3c948f4d605d) (ScriptedImporter) -> (Import Result ID: '14019f682ab68da63866fc3d2bc85692') in 0.0082419 seconds [static and dynamic dependencies]. Details - ImportResultOutputID=bb1f1755299f0a33dd60a546d993f0d2 DependenciesID=9550f6f11b64e50569f4e3435a867044 StaticDependenciesID=b5a287a9a99fb3b1d3b09ac93ca189f5 
Number of updated asset objects reloaded before import = 0Number of asset objects unloaded after import = 1

========================================================================
Received Import Request.
  Time since last request: 0.000078 seconds.
  path: Assets/Standard Assets/Characters/FirstPersonCharacter/Scripts/FirstPersonController.cs
  importAddress: Guid(05ec5cf00ca181d45a42ba1870e148c3) Importer(2089858483,b0f066a214c2f5e87bad3c948f4d605d)
Start importing Assets/Standard Assets/Characters/FirstPersonCharacter/Scripts/FirstPersonController.cs using Guid(05ec5cf00ca181d45a42ba1870e148c3) Importer(2089858483,b0f066a214c2f5e87bad3c948f4d605d) (ScriptedImporter) -> (Import Result ID: '94dbd9e6bf84eebb7c3049d2a7de3180') in 0.0083282 seconds [static and dynamic dependencies]. Details - ImportResultOutputID=ee0d2e5d506ef35f13ac27b6909ec9cb DependenciesID=b16f624dee015ed0b1557cfb9670a8aa StaticDependenciesID=2c4c51137ae399cb4aa6e6c3be60e4e8 
Number of updated asset objects reloaded before import = 0Number of asset objects unloaded after import = 0

========================================================================
Received Import Request.
  Time since last request: 0.000065 seconds.
  path: Assets/Standard Assets/Editor/Water/Water4/SpecularLightingEditor.cs
  importAddress: Guid(33f51eb21122c4ca6a199d561065ae30) Importer(2089858483,b0f066a214c2f5e87bad3c948f4d605d)
Start importing Assets/Standard Assets/Editor/Water/Water4/SpecularLightingEditor.cs using Guid(33f51eb21122c4ca6a199d561065ae30) Importer(2089858483,b0f066a214c2f5e87bad3c948f4d605d) (ScriptedImporter) -> (Import Result ID: '2fa04bc57848dcad4d01a3034ee4d210') in 0.0089583 seconds [static and dynamic dependencies]. Details - ImportResultOutputID=96c3cadb30f8f493fdb2112daf18c080 DependenciesID=904e939a024010d318eae012919e4b64 StaticDependenciesID=010b42c8f3f33b28b23c1cefed271d8e 
Number of updated asset objects reloaded before import = 0Number of asset objects unloaded after import = 0

========================================================================
Received Import Request.
  Time since last request: 0.000066 seconds.
  path: Assets/Standard Assets/Prototyping/Models/WallPrototype08x08x01.fbx
  importAddress: Guid(b5290684820a94548bedb95083785116) Importer(2089858483,b0f066a214c2f5e87bad3c948f4d605d)
Start importing Assets/Standard Assets/Prototyping/Models/WallPrototype08x08x01.fbx using Guid(b5290684820a94548bedb95083785116) Importer(2089858483,b0f066a214c2f5e87bad3c948f4d605d) (ScriptedImporter) -> (Import Result ID: 'b758fc307f594d34744c87ab06dd3346') in 0.0182758 seconds [static and dynamic dependencies]. Details - ImportResultOutputID=0b4337931796d24acdcb26b47dcb255a DependenciesID=d98eaa69088e7b6182f86d7fa822499d StaticDependenciesID=c7f89a11a0921fa15f0454001f9e22cf 
Number of updated asset objects reloaded before import = 0Number of asset objects unloaded after import = 8

========================================================================
Received Import Request.
  Time since last request: 0.000018 seconds.
  path: Assets/Standard Assets/Cameras/Scripts/PivotBasedCameraRig.cs
  importAddress: Guid(58cb183e16853564e9ed457f8a296db1) Importer(2089858483,b0f066a214c2f5e87bad3c948f4d605d)
Start importing Assets/Standard Assets/Cameras/Scripts/PivotBasedCameraRig.cs using Guid(58cb183e16853564e9ed457f8a296db1) Importer(2089858483,b0f066a214c2f5e87bad3c948f4d605d) (ScriptedImporter) -> (Import Result ID: 'c8292a57beae3dd9fc1e2b9e69fde463') in 0.0065673 seconds [static and dynamic dependencies]. Details - ImportResultOutputID=69aed93ac3bfecc7cc7c847530978a5d DependenciesID=43e765bfabe3448b30c76b044bab5368 StaticDependenciesID=2bc9409f1e0c4f9721f53d808c339d6f 
Number of updated asset objects reloaded before import = 0Number of asset objects unloaded after import = 0

========================================================================
Received Import Request.
  Time since last request: 0.000015 seconds.
  path: Assets/Standard Assets/Prototyping/Prefabs/PillarPrototype01x02x01.prefab
  importAddress: Guid(88b5bfec6f1bd17439b2f4339902dca6) Importer(2089858483,b0f066a214c2f5e87bad3c948f4d605d)
Start importing Assets/Standard Assets/Prototyping/Prefabs/PillarPrototype01x02x01.prefab using Guid(88b5bfec6f1bd17439b2f4339902dca6) Importer(2089858483,b0f066a214c2f5e87bad3c948f4d605d) (ScriptedImporter) -> (Import Result ID: '0b633f93099a9e859354ef5d44c76a60') in 0.0108139 seconds [static and dynamic dependencies]. Details - ImportResultOutputID=9d933a686c1b0b554348918e36da3029 DependenciesID=48cd11649b0160cf87f21c7854879b30 StaticDependenciesID=ae138e619c6707f385a7dfee41a4da7c 
Number of updated asset objects reloaded before import = 0Number of asset objects unloaded after import = 9

========================================================================
Received Import Request.
  Time since last request: 0.000019 seconds.
  path: Assets/Standard Assets/Prototyping/Textures/SwatchNavyAlbedo.png
  importAddress: Guid(86e4aa9207c9e2740b6ace599d659c05) Importer(2089858483,b0f066a214c2f5e87bad3c948f4d605d)
Start importing Assets/Standard Assets/Prototyping/Textures/SwatchNavyAlbedo.png using Guid(86e4aa9207c9e2740b6ace599d659c05) Importer(2089858483,b0f066a214c2f5e87bad3c948f4d605d) (ScriptedImporter) -> (Import Result ID: '6ebddba356386e73f98cf1bf07dd88f3') in 0.010688 seconds [static and dynamic dependencies]. Details - ImportResultOutputID=e7c74f579b302e2489f20d662294f4f4 DependenciesID=d5190793ce21a0ae7d90e5f242441c91 StaticDependenciesID=f1b4360f4bf3c7175b8ea30543c502b4 
Number of updated asset objects reloaded before import = 0Number of asset objects unloaded after import = 1

========================================================================
Received Import Request.
  Time since last request: 0.000028 seconds.
  path: Assets/Standard Assets/Environment/SpeedTree/Broadleaf/ClippedFrond.tga
  importAddress: Guid(f82badc465974aa4cbc424065780aa3d) Importer(2089858483,b0f066a214c2f5e87bad3c948f4d605d)
Start importing Assets/Standard Assets/Environment/SpeedTree/Broadleaf/ClippedFrond.tga using Guid(f82badc465974aa4cbc424065780aa3d) Importer(2089858483,b0f066a214c2f5e87bad3c948f4d605d) (ScriptedImporter) -> (Import Result ID: 'b00250a7b91f5fd8119284a597913fd7') in 0.0118632 seconds [static and dynamic dependencies]. Details - ImportResultOutputID=6ccca97624cc3ab7f1e655663e682f10 DependenciesID=c201519d8c3f8dcb6063efc732fe22bd StaticDependenciesID=bf4cdefa836254a2edf6ebef23733bd0 
Number of updated asset objects reloaded before import = 0Number of asset objects unloaded after import = 1

========================================================================
Received Import Request.
  Time since last request: 0.000041 seconds.
  path: Assets/Standard Assets/Effects/Projectors/Prefabs/GridProjector.prefab
  importAddress: Guid(46b12845355544642bf8f9d0cb373af7) Importer(2089858483,b0f066a214c2f5e87bad3c948f4d605d)
Start importing Assets/Standard Assets/Effects/Projectors/Prefabs/GridProjector.prefab using Guid(46b12845355544642bf8f9d0cb373af7) Importer(2089858483,b0f066a214c2f5e87bad3c948f4d605d) (ScriptedImporter) -> (Import Result ID: '37b7b0d86fdbdaf02894ca6bb157132c') in 0.008281 seconds [static and dynamic dependencies]. Details - ImportResultOutputID=c5eb07ff88b67898600dcee82bef2d99 DependenciesID=a5088d6790b3bf39b52a540c7d1c30ed StaticDependenciesID=8ccb6b77de90225dda1956f9d21694db 
Number of updated asset objects reloaded before import = 0Number of asset objects unloaded after import = 6

========================================================================
Received Import Request.
  Time since last request: 0.000021 seconds.
  path: Assets/Standard Assets/Environment/SpeedTree/Broadleaf/Cap_01_Normal.tga
  importAddress: Guid(55e2334423fefa34fb4916f6780413d3) Importer(2089858483,b0f066a214c2f5e87bad3c948f4d605d)
Start importing Assets/Standard Assets/Environment/SpeedTree/Broadleaf/Cap_01_Normal.tga using Guid(55e2334423fefa34fb4916f6780413d3) Importer(2089858483,b0f066a214c2f5e87bad3c948f4d605d) (ScriptedImporter) -> (Import Result ID: 'bbcdaf30a522dcdd4017243e3f035090') in 0.0126806 seconds [static and dynamic dependencies]. Details - ImportResultOutputID=51ca5e386c2e675f6f654b0cd58e241b DependenciesID=8a631e8d649172f0fa782bff0b365872 StaticDependenciesID=1e880861183e49d6e6870a40748acf2d 
Number of updated asset objects reloaded before import = 0Number of asset objects unloaded after import = 1

========================================================================
Received Import Request.
  Time since last request: 0.000018 seconds.
  path: Assets/Sprites/Power_Ups/Shield/Powerup2_0008_00006.png
  importAddress: Guid(c4be600e9e5ba44f185241c5b13843bc) Importer(2089858483,b0f066a214c2f5e87bad3c948f4d605d)
Start importing Assets/Sprites/Power_Ups/Shield/Powerup2_0008_00006.png using Guid(c4be600e9e5ba44f185241c5b13843bc) Importer(2089858483,b0f066a214c2f5e87bad3c948f4d605d) (ScriptedImporter) -> (Import Result ID: 'd336c97960032f835ffdd599f7c26aaf') in 0.0105249 seconds [static and dynamic dependencies]. Details - ImportResultOutputID=fa62c0390d159a758d5b19464a927de2 DependenciesID=ecc2eb422ba9788c248c49cb8d7f69ca StaticDependenciesID=29bb23c950e0e4850edd1b1799f81f41 
Number of updated asset objects reloaded before import = 0Number of asset objects unloaded after import = 3

========================================================================
Received Import Request.
  Time since last request: 0.000021 seconds.
  path: Assets/TextMesh Pro/Resources/Shaders/TMPro.cginc
  importAddress: Guid(407bc68d299748449bbf7f48ee690f8d) Importer(2089858483,b0f066a214c2f5e87bad3c948f4d605d)
Start importing Assets/TextMesh Pro/Resources/Shaders/TMPro.cginc using Guid(407bc68d299748449bbf7f48ee690f8d) Importer(2089858483,b0f066a214c2f5e87bad3c948f4d605d) (ScriptedImporter) -> (Import Result ID: 'b118a7231831932d571f97af997bf568') in 0.0085821 seconds [static and dynamic dependencies]. Details - ImportResultOutputID=a2da4eb3182765d3fed065380d2b5ecd DependenciesID=5182b026b90a0dc7f3ad5f801421b560 StaticDependenciesID=4e7076dc73008f1813a18adb44bc506b 
Number of updated asset objects reloaded before import = 0Number of asset objects unloaded after import = 1

========================================================================
Received Import Request.
  Time since last request: 0.000048 seconds.
  path: Assets/Standard Assets/CrossPlatformInput/Prefabs/MobileAircraftControls.prefab
  importAddress: Guid(3369231b1ed7ad34e84d9240a571db81) Importer(2089858483,b0f066a214c2f5e87bad3c948f4d605d)
Start importing Assets/Standard Assets/CrossPlatformInput/Prefabs/MobileAircraftControls.prefab using Guid(3369231b1ed7ad34e84d9240a571db81) Importer(2089858483,b0f066a214c2f5e87bad3c948f4d605d) (ScriptedImporter) -> (Import Result ID: '700e734ed8ded60152a9e9960c9d648f') in 0.0163563 seconds [static and dynamic dependencies]. Details - ImportResultOutputID=667228a4f3a3db2064da742ef8a91c0a DependenciesID=4be49ae318131efc9404ed3174167c0b StaticDependenciesID=2e549ca3351766897e02c75888ee5412 
Number of updated asset objects reloaded before import = 0Number of asset objects unloaded after import = 58

========================================================================
Received Import Request.
  Time since last request: 0.000021 seconds.
  path: Assets/Standard Assets/Environment/SpeedTree/Broadleaf/BroadleafBark.tga
  importAddress: Guid(2c1c27ec8c3b75a4c80a795adc9ca788) Importer(2089858483,b0f066a214c2f5e87bad3c948f4d605d)
Start importing Assets/Standard Assets/Environment/SpeedTree/Broadleaf/BroadleafBark.tga using Guid(2c1c27ec8c3b75a4c80a795adc9ca788) Importer(2089858483,b0f066a214c2f5e87bad3c948f4d605d) (ScriptedImporter) -> (Import Result ID: '07664f2a678f49c02e9ae090e11044cb') in 0.0114408 seconds [static and dynamic dependencies]. Details - ImportResultOutputID=764b28ef7b4b9022a983dffb8613d6a2 DependenciesID=bf42cdfe0300f54d4aaf0270b42b1bef StaticDependenciesID=11b7cc037c6be8108d7e47a35208acd1 
Number of updated asset objects reloaded before import = 0Number of asset objects unloaded after import = 1

========================================================================
Received Import Request.
  Time since last request: 0.000018 seconds.
  path: Assets/Standard Assets/CrossPlatformInput/Sprites/ButtonTimescaleFullUpSprite.png
  importAddress: Guid(0c6271a290ef75b4c97d58746c86c5b8) Importer(2089858483,b0f066a214c2f5e87bad3c948f4d605d)
Start importing Assets/Standard Assets/CrossPlatformInput/Sprites/ButtonTimescaleFullUpSprite.png using Guid(0c6271a290ef75b4c97d58746c86c5b8) Importer(2089858483,b0f066a214c2f5e87bad3c948f4d605d) (ScriptedImporter) -> (Import Result ID: 'b80366d84ce9fa7af18d2e8e274706fb') in 0.0142281 seconds [static and dynamic dependencies]. Details - ImportResultOutputID=fd470235de73b087e0073584441c5c94 DependenciesID=78ba1594f461fd939dfc4da7862b77c1 StaticDependenciesID=a0c9bd438db2c19e8913bc627f485d48 
Number of updated asset objects reloaded before import = 0Number of asset objects unloaded after import = 3

========================================================================
Received Import Request.
  Time since last request: 0.000029 seconds.
  path: Assets/Standard Assets/Effects/Projectors/Guidelines.txt
  importAddress: Guid(b238cc13e9896f04eb5e06978d2b393e) Importer(2089858483,b0f066a214c2f5e87bad3c948f4d605d)
Start importing Assets/Standard Assets/Effects/Projectors/Guidelines.txt using Guid(b238cc13e9896f04eb5e06978d2b393e) Importer(2089858483,b0f066a214c2f5e87bad3c948f4d605d) (ScriptedImporter) -> (Import Result ID: 'aaf41ff5191df7f67e9b69256e377b50') in 0.0117334 seconds [static and dynamic dependencies]. Details - ImportResultOutputID=cd6eed9a95f1f92125cd3bf38d53d8b1 DependenciesID=a5d8202393a495e60d27b1ade1d3ef57 StaticDependenciesID=59e582db4f79a32dd486b6a2ddbf9836 
Number of updated asset objects reloaded before import = 0Number of asset objects unloaded after import = 1

========================================================================
Received Import Request.
  Time since last request: 0.000030 seconds.
  path: Assets/Standard Assets/ParticleSystems/Scripts/WaterHoseParticles.cs
  importAddress: Guid(2d79772cda0b4b6409070163fcab05da) Importer(2089858483,b0f066a214c2f5e87bad3c948f4d605d)
Start importing Assets/Standard Assets/ParticleSystems/Scripts/WaterHoseParticles.cs using Guid(2d79772cda0b4b6409070163fcab05da) Importer(2089858483,b0f066a214c2f5e87bad3c948f4d605d) (ScriptedImporter) -> (Import Result ID: '522d45c9a39d9b9cbc025ef8487f1e18') in 0.0075353 seconds [static and dynamic dependencies]. Details - ImportResultOutputID=589d5072a311a3eb00e58380405ffc85 DependenciesID=34550d35509532451df8302127798512 StaticDependenciesID=0ad59fede70a867429405df3fbe06b23 
Number of updated asset objects reloaded before import = 0Number of asset objects unloaded after import = 0

========================================================================
Received Import Request.
  Time since last request: 0.000065 seconds.
  path: Assets/Standard Assets/2D/PhysicsMaterials/Slippery.physicsMaterial2D
  importAddress: Guid(3626fe8e008014f6bbd19bb72937b311) Importer(2089858483,b0f066a214c2f5e87bad3c948f4d605d)
Start importing Assets/Standard Assets/2D/PhysicsMaterials/Slippery.physicsMaterial2D using Guid(3626fe8e008014f6bbd19bb72937b311) Importer(2089858483,b0f066a214c2f5e87bad3c948f4d605d) (ScriptedImporter) -> (Import Result ID: 'f50a4eb38ad5cf3b3de2af9bf8111e78') in 0.0089944 seconds [static and dynamic dependencies]. Details - ImportResultOutputID=b417c3e4ce67112b170fa78632111e86 DependenciesID=225f733a3f70ef6e7a9c9d4bc5692503 StaticDependenciesID=5bbea54555b8a26974ae9d79c54f631e 
Number of updated asset objects reloaded before import = 0Number of asset objects unloaded after import = 1

========================================================================
Received Import Request.
  Time since last request: 0.000018 seconds.
  path: Assets/Standard Assets/Characters/FirstPersonCharacter/Audio/Jump.wav
  importAddress: Guid(5897aeed9b676024fbb8c694b421a861) Importer(2089858483,b0f066a214c2f5e87bad3c948f4d605d)
Start importing Assets/Standard Assets/Characters/FirstPersonCharacter/Audio/Jump.wav using Guid(5897aeed9b676024fbb8c694b421a861) Importer(2089858483,b0f066a214c2f5e87bad3c948f4d605d) (ScriptedImporter) -> (Import Result ID: '65d1aed16df9d5494316a80dc95b40ba') in 0.0082698 seconds [static and dynamic dependencies]. Details - ImportResultOutputID=386959d6729b647faeb83530dc71783f DependenciesID=4e5cd1f2a1fa7a2c362734824921da3e StaticDependenciesID=6d8dccbd6dc0dbcfaf37a71b87adca6b 
Number of updated asset objects reloaded before import = 0Number of asset objects unloaded after import = 1

========================================================================
Received Import Request.
  Time since last request: 0.000020 seconds.
  path: Assets/Standard Assets/Characters/ThirdPersonCharacter/Animation/HumanoidRun.fbx
  importAddress: Guid(1cb8ed3cbba15f0479fbae54e0a963df) Importer(2089858483,b0f066a214c2f5e87bad3c948f4d605d)
Start importing Assets/Standard Assets/Characters/ThirdPersonCharacter/Animation/HumanoidRun.fbx using Guid(1cb8ed3cbba15f0479fbae54e0a963df) Importer(2089858483,b0f066a214c2f5e87bad3c948f4d605d) (ScriptedImporter) -> (Import Result ID: '5b6c9100bc41c3283271854fab0e3a19') in 0.0155288 seconds [static and dynamic dependencies]. Details - ImportResultOutputID=316114cc47e7882c5dc33e6ba97db4f9 DependenciesID=ce17d34cd347e2c9070315cab7003462 StaticDependenciesID=5d70d8f53ac63fec0919b1c50a881f6e 
Number of updated asset objects reloaded before import = 0Number of asset objects unloaded after import = 157

========================================================================
Received Import Request.
  Time since last request: 0.000018 seconds.
  path: Assets/Standard Assets/Characters/ThirdPersonCharacter/ThirdPersonCharacterGuidelines.txt
  importAddress: Guid(af82a5dcdad0f544c99fd1a84212021d) Importer(2089858483,b0f066a214c2f5e87bad3c948f4d605d)
Start importing Assets/Standard Assets/Characters/ThirdPersonCharacter/ThirdPersonCharacterGuidelines.txt using Guid(af82a5dcdad0f544c99fd1a84212021d) Importer(2089858483,b0f066a214c2f5e87bad3c948f4d605d) (ScriptedImporter) -> (Import Result ID: 'd4fb252ffec269c9ed79525b5075e663') in 0.0071727 seconds [static and dynamic dependencies]. Details - ImportResultOutputID=b65151dfd47f04d2091324bcd817385b DependenciesID=12b512d94a48ce7df195665e523bdb44 StaticDependenciesID=2e8836a9628d90a2b93d020214e2c7e5 
Number of updated asset objects reloaded before import = 0Number of asset objects unloaded after import = 1

========================================================================
Received Import Request.
  Time since last request: 5.390411 seconds.
  path: Assets/Scenes/Main_Menu.unity
  importAddress: Guid(4884ad2bf778ef24cb5a22ad6aebc2b7) Importer(815301076,1909f56bfc062723c751e8b465ee728b)
Start importing Assets/Scenes/Main_Menu.unity using Guid(4884ad2bf778ef24cb5a22ad6aebc2b7) Importer(815301076,1909f56bfc062723c751e8b465ee728b) (PreviewImporter) -> (Import Result ID: 'b29609e93d2e22246cf7ad4f0d2619cd') in 0.0007267 seconds [static and dynamic dependencies]. Details - ImportResultOutputID=38a8367c414b6d472f3a9279f5c08be1 DependenciesID=1ce722d6e391ec8e15485c248f13c15c StaticDependenciesID=5ed2dd7412895425d4ffc2274f5087b2 
Number of updated asset objects reloaded before import = 11Number of asset objects unloaded after import = 0

========================================================================
Received Prepare
Begin MonoManager ReloadAssembly
ADTM: Control thread waiting for realtime thread timed out, have to lock...
Assembly Assembly-CSharp-Editor.dll at Library/ScriptAssemblies/Assembly-CSharp-Editor.dll not valid. Loading of assembly skipped.
Assembly DocCodeExamples.dll at Library/ScriptAssemblies/DocCodeExamples.dll not valid. Loading of assembly skipped.
Assembly TestNewCustomAssembly.dll at Library/ScriptAssemblies/TestNewCustomAssembly.dll not valid. Loading of assembly skipped.
Assembly Unity.Multiplayer.Center.Editor.Tests.dll at Library/ScriptAssemblies/Unity.Multiplayer.Center.Editor.Tests.dll not valid. Loading of assembly skipped.
Assembly Unity.Multiplayer.Center.Tests.dll at Library/ScriptAssemblies/Unity.Multiplayer.Center.Tests.dll not valid. Loading of assembly skipped.
Assembly Unity.Postprocessing.Editor.Tests.dll at Library/ScriptAssemblies/Unity.Postprocessing.Editor.Tests.dll not valid. Loading of assembly skipped.
Assembly Unity.Postprocessing.Runtime.Tests.dll at Library/ScriptAssemblies/Unity.Postprocessing.Runtime.Tests.dll not valid. Loading of assembly skipped.
Assembly Unity.TextMeshPro.Editor.Tests.dll at Library/ScriptAssemblies/Unity.TextMeshPro.Editor.Tests.dll not valid. Loading of assembly skipped.
Assembly Unity.TextMeshPro.Tests.dll at Library/ScriptAssemblies/Unity.TextMeshPro.Tests.dll not valid. Loading of assembly skipped.
Assembly UnityEditor.UI.Common.Tests.dll at Library/ScriptAssemblies/UnityEditor.UI.Common.Tests.dll not valid. Loading of assembly skipped.
Assembly UnityEditor.UI.EditorTests.dll at Library/ScriptAssemblies/UnityEditor.UI.EditorTests.dll not valid. Loading of assembly skipped.
Assembly UnityEngine.UI.Tests.dll at Library/ScriptAssemblies/UnityEngine.UI.Tests.dll not valid. Loading of assembly skipped.
Native extension for WindowsStandalone target not found
[Package Manager] Failed to launch server process. Reason: Unity was launched with the -noUpm command-line argument
[Package Manager] Unable to send message (not connected to server process).
[Package Manager] Cannot connect to Unity Package Manager local server
[Package Manager] Failed to launch server process. Reason: Unity was launched with the -noUpm command-line argument
[Package Manager] Unable to send message (not connected to server process).
[Package Manager] Cannot connect to Unity Package Manager local server
ScheduleIndexationOnStartup MainProcess:False IndexOnStartup:True
Mono: successfully reloaded assembly
- Finished resetting the current domain, in  0.468 seconds
Domain Reload Profiling: 1989ms
	BeginReloadAssembly (1192ms)
		DisableScriptedObjects (3ms)
		CreateAndSetChildDomain (1050ms)
	RebuildCommonClasses (39ms)
	RebuildNativeTypeToScriptingClass (13ms)
	initialDomainReloadingComplete (52ms)
	LoadAllAssembliesAndSetupDomain (224ms)
		LoadAssemblies (241ms)
		AnalyzeDomain (83ms)
			TypeCache.Refresh (6ms)
			BuildScriptInfoCaches (72ms)
			ResolveRequiredComponents (4ms)
	FinalizeReload (468ms)
		SetupLoadedEditorAssemblies (0ms)
			BeforeProcessingInitializeOnLoad (94ms)
			ProcessInitializeOnLoadAttributes (199ms)
			ProcessInitializeOnLoadMethodAttributes (41ms)
			AfterProcessingInitializeOnLoad (7ms)
		AwakeInstancesAfterBackupRestoration (6ms)
WARNING: Shader Unsupported: 'Toon/Lit Outline' - All subshaders removed
WARNING: Shader Did you use #pragma only_renderers and omit this platform?
WARNING: Shader If subshaders removal was intentional, you may have forgotten turning Fallback off?
WARNING: Shader Unsupported: 'Toon/Basic Outline' - All subshaders removed
WARNING: Shader Did you use #pragma only_renderers and omit this platform?
WARNING: Shader If subshaders removal was intentional, you may have forgotten turning Fallback off?
Unloading 17 Unused Serialized files (Serialized files now loaded: 0)
Unloading 2278 unused Assets / (3.4 MB). Loaded Objects now: 2919.
Memory consumption went from 101.8 MB to 98.4 MB.
Total: 6.165700 ms (FindLiveObjects: 0.361200 ms CreateObjectMapping: 0.125000 ms MarkObjects: 4.194000 ms  DeleteObjects: 1.484700 ms)

Prepare: number of updated asset objects reloaded= 0
