[Licensing::Module] Trying to connect to existing licensing client channel...
[Licensing::IpcConnector] Successfully connected to: "LicenseClient-Computer" at "2026-04-14T11:42:03.4161059Z"
Built from '6000.4/staging' branch; Version is '6000.4.2f1 (7a4c1aeef971) revision 8014874'; Using compiler version '194234433'; Build Type 'Release'
OS: 'Windows 11  (10.0.26200) Professional' Language: 'en' Physical Memory: 32343 MB
BatchMode: 1, IsHumanControllingUs: 0, StartBugReporterOnCrash: 0, Is64bit: 1
System  architecture: x64
Process architecture: x64
Date: 2026-04-14T11:42:03Z

COMMAND LINE ARGUMENTS:
C:\Program Files\Unity\Hub\Editor\6000.4.2f1\Editor\Unity.exe
-adb2
-batchMode
-noUpm
-name
AssetImportWorker1
-projectPath
D:/_Unity/Privatno/Space-Shooter-Vertical/Space Shooter Vertical
-logFile
Logs/AssetImportWorker1.log
-srvPort
64928
-licensingIpc
LicenseClient-Computer
-force-d3d12
-job-worker-count
5
-background-job-worker-count
8
-gc-helper-count
1
-name
AssetImport
Successfully changed project path to: D:/_Unity/Privatno/Space-Shooter-Vertical/Space Shooter Vertical
D:/_Unity/Privatno/Space-Shooter-Vertical/Space Shooter Vertical
[UnityMemory] Configuration Parameters - Can be set up in boot.config
    "memorysetup-temp-allocator-size-gi-baking-worker=262144"
    "memorysetup-temp-allocator-size-gi-baking-worker=262144"
    "memorysetup-temp-allocator-size-gi-baking-worker=262144"
    "memorysetup-temp-allocator-size-gi-baking-worker=262144"
    "memorysetup-temp-allocator-size-gi-baking-worker=262144"
    "memorysetup-temp-allocator-size-nav-mesh-worker=65536"
    "memorysetup-temp-allocator-size-audio-worker=65536"
    "memorysetup-temp-allocator-size-cloud-worker=32768"
    "memorysetup-temp-allocator-size-gfx=262144"
    "memorysetup-temp-allocator-size-preload-manager=33554432"
    "memorysetup-temp-allocator-size-job-worker=262144"
    "memorysetup-temp-allocator-size-background-worker=32768"
    "memorysetup-allocator-temp-initial-block-size-main=262144"
    "memorysetup-allocator-temp-initial-block-size-worker=262144"
    "memorysetup-bucket-allocator-granularity=16"
    "memorysetup-bucket-allocator-bucket-count=8"
    "memorysetup-bucket-allocator-block-size=33554432"
    "memorysetup-bucket-allocator-block-count=8"
    "memorysetup-main-allocator-block-size=16777216"
    "memorysetup-thread-allocator-block-size=16777216"
    "memorysetup-gfx-main-allocator-block-size=16777216"
    "memorysetup-gfx-thread-allocator-block-size=16777216"
    "memorysetup-cache-allocator-block-size=4194304"
    "memorysetup-typetree-allocator-block-size=2097152"
    "memorysetup-profiler-bucket-allocator-granularity=16"
    "memorysetup-profiler-bucket-allocator-bucket-count=8"
    "memorysetup-profiler-bucket-allocator-block-size=33554432"
    "memorysetup-profiler-bucket-allocator-block-count=8"
    "memorysetup-profiler-allocator-block-size=16777216"
    "memorysetup-profiler-editor-allocator-block-size=1048576"
    "memorysetup-temp-allocator-size-main=16777216"
    "memorysetup-job-temp-allocator-block-size=2097152"
    "memorysetup-job-temp-allocator-block-size-background=1048576"
    "memorysetup-job-temp-allocator-reduction-small-platforms=262144"
Player connection [30252]  Target information:

Player connection [30252]  * "[IP] 192.168.1.169 [Port] 0 [Flags] 2 [Guid] 3901576644 [EditorId] 3901576644 [Version] 1048832 [Id] WindowsEditor(7,DESKTOP-67MFE66) [Debug] 1 [PackageName] WindowsEditor [ProjectName] Editor" 

Player connection [30252]  * "[IP] 10.234.169.131 [Port] 0 [Flags] 2 [Guid] 3901576644 [EditorId] 3901576644 [Version] 1048832 [Id] WindowsEditor(7,DESKTOP-67MFE66) [Debug] 1 [PackageName] WindowsEditor [ProjectName] Editor" 

Player connection [30252] Host joined multi-casting on [225.0.0.222:54997]...
Player connection [30252] Host joined alternative multi-casting on [225.0.0.222:34997]...
JobSystem: Creating JobQueue using job-worker-count value 5
Input System module state changed to: Initialized.
[Physics::Module] Initialized fallback backend.
[Physics::Module] Id: 0xdecafbad
Library Redirect Path: Library/
[Physics::Module] Selected backend.
[Physics::Module] Name: PhysX
[Physics::Module] Id: 0xf2b8ea05
[Physics::Module] SDK Version: 4.1.2
[Physics::Module] Integration Version: 1.0.0
[Physics::Module] Threading Mode: Multi-Threaded
Initialize engine version: 6000.4.2f1 (7a4c1aeef971)
[Subsystems] Discovering subsystems at path C:/Program Files/Unity/Hub/Editor/6000.4.2f1/Editor/Data/Resources/UnitySubsystems
[Subsystems] Discovering subsystems at path D:/_Unity/Privatno/Space-Shooter-Vertical/Space Shooter Vertical/Assets
Forcing GfxDevice: Direct3D 12
GfxDevice: creating device client; kGfxThreadingModeNonThreaded
d3d12: failed to query info queue interface (0x80004002).
Direct3D:
    Version:         Direct3D 12 [level 12.2]
    Renderer:        NVIDIA GeForce RTX 5060 Ti (ID=0x2d04)
    Vendor:          NVIDIA
    VRAM:            16050 MB
    App VRAM Budget: 15282 MB
    Driver:          32.0.15.9597
Initialize mono
Mono path[0] = 'C:/Program Files/Unity/Hub/Editor/6000.4.2f1/Editor/Data/Managed'
Mono path[1] = 'C:/Program Files/Unity/Hub/Editor/6000.4.2f1/Editor/Data/MonoBleedingEdge/lib/mono/unityjit-win32'
Mono config path = 'C:/Program Files/Unity/Hub/Editor/6000.4.2f1/Editor/Data/MonoBleedingEdge/etc'
Using monoOptions --debugger-agent=transport=dt_socket,embedding=1,server=y,suspend=n,address=127.0.0.1:56232
CodeReloadManager initialized
Begin MonoManager ReloadAssembly
[Licensing::Client] Error: HandshakeResponse reported an error:
	ResponseCode: 505
	ResponseStatus: Unsupported protocol version '1.18.1'.
[Licensing::Module] Error: Failed to handshake to channel: "LicenseClient-Computer"
[Licensing::IpcConnector] LicenseClient-Computer channel disconnected successfully.
[Licensing::IpcConnector] Successfully connected to: "LicenseClient-Computer-6000.4.2" at "2026-04-14T11:42:04.5681815Z"
Registering precompiled unity dll's ...
Register platform support module: C:/Program Files/Unity/Hub/Editor/6000.4.2f1/Editor/Data/PlaybackEngines/WindowsStandaloneSupport/UnityEditor.WindowsStandalone.Extensions.dll
Registered in 0.001594 seconds.
Native extension for WindowsStandalone target not found
Package Manager log level set to [2]
[Package Manager] Failed to launch server process. Reason: Unity was launched with the -noUpm command-line argument
[Package Manager] Unable to send message (not connected to server process).
[Package Manager] Cannot connect to Unity Package Manager local server
ScheduleIndexationOnStartup MainProcess:False IndexOnStartup:True
Mono: successfully reloaded assembly
- Finished resetting the current domain, in  0.439 seconds
Domain Reload Profiling: 988ms
	BeginReloadAssembly (154ms)
	RebuildCommonClasses (45ms)
	RebuildNativeTypeToScriptingClass (18ms)
	initialDomainReloadingComplete (88ms)
	LoadAllAssembliesAndSetupDomain (242ms)
		LoadAssemblies (150ms)
		AnalyzeDomain (233ms)
			TypeCache.Refresh (231ms)
				TypeCache.ScanAssembly (212ms)
	FinalizeReload (440ms)
		SetupLoadedEditorAssemblies (0ms)
			InitializePlatformSupportModulesInManaged (51ms)
			BeforeProcessingInitializeOnLoad (93ms)
			ProcessInitializeOnLoadAttributes (123ms)
			ProcessInitializeOnLoadMethodAttributes (97ms)
[Licensing::Client] Handshaking with LicensingClient:
  Version:                 1.18.1+9fbee8e
  Session Id:              df53c4955a5140449d32ed6354a24bc7
  Correlation Id:          fe7b09e5168864bc7498106c49600516
  External correlation Id: 7097370551618546612
  Machine Id:              svrCWGphkw6ZPjLamqagKt4E2H4=
[Licensing::Module] Successfully connected to LicensingClient on channel: "LicenseClient-Computer-6000.4.2" (connect: 0.00s, validation: 0.00s, handshake: 0.97s)
[Licensing::IpcConnector] Successfully connected to: "LicenseClient-Computer-6000.4.2-notifications" at "2026-04-14T11:42:05.5450456Z"
[Licensing::Module] Licensing Background thread has ended after 2.13s
========================================================================
Worker process is ready to serve import requests
Import Worker Mode flag is 0x00
Begin MonoManager ReloadAssembly
[Licensing::Client] Successfully resolved entitlement details
[Licensing::Module] License group:
  Id: 6872158064246-UnityPersXXXX
  Product: Unity Personal
  Type: Assigned
  Expiration: Unlimited
Assembly Assembly-CSharp-Editor.dll at Library/ScriptAssemblies/Assembly-CSharp-Editor.dll not valid. Loading of assembly skipped.
Assembly DocCodeExamples.dll at Library/ScriptAssemblies/DocCodeExamples.dll not valid. Loading of assembly skipped.
Assembly TestNewCustomAssembly.dll at Library/ScriptAssemblies/TestNewCustomAssembly.dll not valid. Loading of assembly skipped.
Assembly Unity.Multiplayer.Center.Editor.Tests.dll at Library/ScriptAssemblies/Unity.Multiplayer.Center.Editor.Tests.dll not valid. Loading of assembly skipped.
Assembly Unity.Multiplayer.Center.Tests.dll at Library/ScriptAssemblies/Unity.Multiplayer.Center.Tests.dll not valid. Loading of assembly skipped.
Assembly Unity.Postprocessing.Editor.Tests.dll at Library/ScriptAssemblies/Unity.Postprocessing.Editor.Tests.dll not valid. Loading of assembly skipped.
Assembly Unity.Postprocessing.Runtime.Tests.dll at Library/ScriptAssemblies/Unity.Postprocessing.Runtime.Tests.dll not valid. Loading of assembly skipped.
Assembly Unity.TextMeshPro.Editor.Tests.dll at Library/ScriptAssemblies/Unity.TextMeshPro.Editor.Tests.dll not valid. Loading of assembly skipped.
Assembly Unity.TextMeshPro.Tests.dll at Library/ScriptAssemblies/Unity.TextMeshPro.Tests.dll not valid. Loading of assembly skipped.
Assembly UnityEditor.UI.Common.Tests.dll at Library/ScriptAssemblies/UnityEditor.UI.Common.Tests.dll not valid. Loading of assembly skipped.
Assembly UnityEditor.UI.EditorTests.dll at Library/ScriptAssemblies/UnityEditor.UI.EditorTests.dll not valid. Loading of assembly skipped.
Assembly UnityEngine.UI.Tests.dll at Library/ScriptAssemblies/UnityEngine.UI.Tests.dll not valid. Loading of assembly skipped.
Native extension for WindowsStandalone target not found
[Package Manager] Failed to launch server process. Reason: Unity was launched with the -noUpm command-line argument
[Package Manager] Unable to send message (not connected to server process).
[Package Manager] Cannot connect to Unity Package Manager local server
[Package Manager] Failed to launch server process. Reason: Unity was launched with the -noUpm command-line argument
[Package Manager] Unable to send message (not connected to server process).
[Package Manager] Cannot connect to Unity Package Manager local server
ScheduleIndexationOnStartup MainProcess:False IndexOnStartup:True
Mono: successfully reloaded assembly
- Finished resetting the current domain, in  0.450 seconds
Domain Reload Profiling: 1003ms
	BeginReloadAssembly (179ms)
		DisableScriptedObjects (5ms)
		CreateAndSetChildDomain (31ms)
	RebuildCommonClasses (38ms)
	RebuildNativeTypeToScriptingClass (12ms)
	initialDomainReloadingComplete (64ms)
	LoadAllAssembliesAndSetupDomain (259ms)
		LoadAssemblies (255ms)
		AnalyzeDomain (102ms)
			TypeCache.Refresh (75ms)
				TypeCache.ScanAssembly (64ms)
			BuildScriptInfoCaches (21ms)
			ResolveRequiredComponents (4ms)
	FinalizeReload (450ms)
		SetupLoadedEditorAssemblies (0ms)
			BeforeProcessingInitializeOnLoad (89ms)
			ProcessInitializeOnLoadAttributes (191ms)
			ProcessInitializeOnLoadMethodAttributes (40ms)
			AfterProcessingInitializeOnLoad (8ms)
		AwakeInstancesAfterBackupRestoration (6ms)
WARNING: Shader Unsupported: 'Toon/Lit Outline' - All subshaders removed
WARNING: Shader Did you use #pragma only_renderers and omit this platform?
WARNING: Shader If subshaders removal was intentional, you may have forgotten turning Fallback off?
WARNING: Shader Unsupported: 'Toon/Basic Outline' - All subshaders removed
WARNING: Shader Did you use #pragma only_renderers and omit this platform?
WARNING: Shader If subshaders removal was intentional, you may have forgotten turning Fallback off?
Launched and connected shader compiler UnityShaderCompiler.exe after 0.01 seconds
Unloading 14 Unused Serialized files (Serialized files now loaded: 0)
Unloading 2270 unused Assets / (3.6 MB). Loaded Objects now: 2910.
Memory consumption went from 96.9 MB to 93.3 MB.
Total: 6.750000 ms (FindLiveObjects: 0.382000 ms CreateObjectMapping: 0.262800 ms MarkObjects: 4.871200 ms  DeleteObjects: 1.231800 ms)

========================================================================
Received Import Request.
  Time since last request: 2402.628078 seconds.
  path: Assets/Animations/Shield power up/Shield_power_up.controller
  importAddress: Guid(93d7a29920f957641a9130a67228effd) Importer(2089858483,b0f066a214c2f5e87bad3c948f4d605d)
Start importing Assets/Animations/Shield power up/Shield_power_up.controller using Guid(93d7a29920f957641a9130a67228effd) Importer(2089858483,b0f066a214c2f5e87bad3c948f4d605d) (ScriptedImporter) -> (Import Result ID: '8120a34e485538ffeff33daa09bb3e18') in 0.0645274 seconds [static and dynamic dependencies]. Details - ImportResultOutputID=1ed13a5034ea7f16d80cf256a580d0ae DependenciesID=d77a6205faa4752b3b27db2d471ccc6c StaticDependenciesID=598195b1654976213581792761b612c2 
Number of updated asset objects reloaded before import = 0Number of asset objects unloaded after import = 4

========================================================================
Received Import Request.
  Time since last request: 0.000018 seconds.
  path: Assets/Sprites/Enemy_Explode_Sequence/EnemyTurnLeft0000_00023.png
  importAddress: Guid(eedb9448dfabd40908981ed6d9022d67) Importer(2089858483,b0f066a214c2f5e87bad3c948f4d605d)
Start importing Assets/Sprites/Enemy_Explode_Sequence/EnemyTurnLeft0000_00023.png using Guid(eedb9448dfabd40908981ed6d9022d67) Importer(2089858483,b0f066a214c2f5e87bad3c948f4d605d) (ScriptedImporter) -> (Import Result ID: '3c4430e6c15bc97837a68d37e42f8ab9') in 0.0491531 seconds [static and dynamic dependencies]. Details - ImportResultOutputID=5fdd75d6bb36f8fe876549ebc3d357fd DependenciesID=5decc5de9968b1fe9a21dfc11d2c5585 StaticDependenciesID=46e16d969bcfe0b584b442f652c6387b 
Number of updated asset objects reloaded before import = 0Number of asset objects unloaded after import = 3

========================================================================
Received Import Request.
  Time since last request: 0.000019 seconds.
  path: Assets/Sprites/Enemy_Explode_Sequence/EnemyTurnLeft0000_00008.png
  importAddress: Guid(6e79bf9eae111464a948323374ce32f9) Importer(2089858483,b0f066a214c2f5e87bad3c948f4d605d)
Start importing Assets/Sprites/Enemy_Explode_Sequence/EnemyTurnLeft0000_00008.png using Guid(6e79bf9eae111464a948323374ce32f9) Importer(2089858483,b0f066a214c2f5e87bad3c948f4d605d) (ScriptedImporter) -> (Import Result ID: '63a031a1abaebc1bdef3390229f2ded6') in 0.0123486 seconds [static and dynamic dependencies]. Details - ImportResultOutputID=48446c31948f5f0aa3c6279c32d4bc41 DependenciesID=5248bf57108304a24283f82cbc4e7ece StaticDependenciesID=216f60492f0003aceccc2240c986e56b 
Number of updated asset objects reloaded before import = 0Number of asset objects unloaded after import = 3

========================================================================
Received Import Request.
  Time since last request: 0.000019 seconds.
  path: Assets/Script/Enemy/Asteroid.cs
  importAddress: Guid(8dcc89b43e77be84fbe001109817e55f) Importer(2089858483,b0f066a214c2f5e87bad3c948f4d605d)
Start importing Assets/Script/Enemy/Asteroid.cs using Guid(8dcc89b43e77be84fbe001109817e55f) Importer(2089858483,b0f066a214c2f5e87bad3c948f4d605d) (ScriptedImporter) -> (Import Result ID: 'dd623d3978f5b0e045a748a24a91cb5e') in 0.0107838 seconds [static and dynamic dependencies]. Details - ImportResultOutputID=b21f964a2378b2091cf9d648d1479a6d DependenciesID=614614f6217666fbf6c637311c37126a StaticDependenciesID=5a4f341986876c8b6e13e03f379986a7 
Number of updated asset objects reloaded before import = 0Number of asset objects unloaded after import = 0

========================================================================
Received Import Request.
  Time since last request: 0.000068 seconds.
  path: Assets/Sprites/Enemy_Explode_Sequence/EnemyTurnLeft0000_00022.png
  importAddress: Guid(d2b526d33b19b476084bea7e7af259c9) Importer(2089858483,b0f066a214c2f5e87bad3c948f4d605d)
Start importing Assets/Sprites/Enemy_Explode_Sequence/EnemyTurnLeft0000_00022.png using Guid(d2b526d33b19b476084bea7e7af259c9) Importer(2089858483,b0f066a214c2f5e87bad3c948f4d605d) (ScriptedImporter) -> (Import Result ID: '68647839b4cd28a98d6aab0effbf5bca') in 0.0115835 seconds [static and dynamic dependencies]. Details - ImportResultOutputID=10e3e991f4fd81b78f7c816d24b497b6 DependenciesID=d0a233180a8c101c79718904eab249be StaticDependenciesID=6eb6f07e532daee9136b6afcc53af059 
Number of updated asset objects reloaded before import = 0Number of asset objects unloaded after import = 3

========================================================================
Received Import Request.
  Time since last request: 0.000016 seconds.
  path: Assets/Sprites/Asteroid.png
  importAddress: Guid(6691643d9d08ede40bc93504dc8acb2e) Importer(2089858483,b0f066a214c2f5e87bad3c948f4d605d)
Start importing Assets/Sprites/Asteroid.png using Guid(6691643d9d08ede40bc93504dc8acb2e) Importer(2089858483,b0f066a214c2f5e87bad3c948f4d605d) (ScriptedImporter) -> (Import Result ID: '504a52bfc4448347af24123837bd425e') in 0.0128661 seconds [static and dynamic dependencies]. Details - ImportResultOutputID=e5c53cba72872ef9f2b0003d366a294f DependenciesID=5296ccac33fc9c4c258dd4290fcacae7 StaticDependenciesID=2e45f3ed7d6c4dc45601a5781363de9b 
Number of updated asset objects reloaded before import = 0Number of asset objects unloaded after import = 3

========================================================================
Received Import Request.
  Time since last request: 0.000020 seconds.
  path: Assets/Sprites/Enemy_Explode_Sequence/EnemyTurnLeft0000_00039.png
  importAddress: Guid(8a6518b63895747809a33ab01016c111) Importer(2089858483,b0f066a214c2f5e87bad3c948f4d605d)
Start importing Assets/Sprites/Enemy_Explode_Sequence/EnemyTurnLeft0000_00039.png using Guid(8a6518b63895747809a33ab01016c111) Importer(2089858483,b0f066a214c2f5e87bad3c948f4d605d) (ScriptedImporter) -> (Import Result ID: '0626e8b6323ed94fe4468894aa9da56d') in 0.0115015 seconds [static and dynamic dependencies]. Details - ImportResultOutputID=7ad36970a8aa0bf9fc47f80204825a59 DependenciesID=7b2bbfbbd907e11f5d917b59b5bf9658 StaticDependenciesID=6f0837c3e8227a1cdf85dfee7cf380e4 
Number of updated asset objects reloaded before import = 0Number of asset objects unloaded after import = 3

========================================================================
Received Import Request.
  Time since last request: 0.000019 seconds.
  path: Assets/Sprites/Enemy_Explode_Sequence/EnemyTurnLeft0000_00038.png
  importAddress: Guid(02c5a4b748bf448068ce88ee258f80f2) Importer(2089858483,b0f066a214c2f5e87bad3c948f4d605d)
Start importing Assets/Sprites/Enemy_Explode_Sequence/EnemyTurnLeft0000_00038.png using Guid(02c5a4b748bf448068ce88ee258f80f2) Importer(2089858483,b0f066a214c2f5e87bad3c948f4d605d) (ScriptedImporter) -> (Import Result ID: '902aac32d3b571f87378544aa2fa7c7f') in 0.0134534 seconds [static and dynamic dependencies]. Details - ImportResultOutputID=e6d9c85ad95417f2eea88517e8753404 DependenciesID=329cf041f0535119348b3b55d3d1a14c StaticDependenciesID=dfd245776067be25e586f015682e4a37 
Number of updated asset objects reloaded before import = 0Number of asset objects unloaded after import = 3

========================================================================
Received Import Request.
  Time since last request: 0.000017 seconds.
  path: Assets/Sprites/Enemy_Explode_Sequence/EnemyTurnLeft0000_00010.png
  importAddress: Guid(bdae25617687d4961a3b7a6a1b99da80) Importer(2089858483,b0f066a214c2f5e87bad3c948f4d605d)
Start importing Assets/Sprites/Enemy_Explode_Sequence/EnemyTurnLeft0000_00010.png using Guid(bdae25617687d4961a3b7a6a1b99da80) Importer(2089858483,b0f066a214c2f5e87bad3c948f4d605d) (ScriptedImporter) -> (Import Result ID: 'af28c3400d429589a15520c098443349') in 0.0120887 seconds [static and dynamic dependencies]. Details - ImportResultOutputID=427e2aa9aed05804efbace78004204d2 DependenciesID=0e9542546d69ce6ff364ab1045b8c4cf StaticDependenciesID=cd4bb4c709d8a6a76f34e79a8092667e 
Number of updated asset objects reloaded before import = 0Number of asset objects unloaded after import = 3

========================================================================
Received Import Request.
  Time since last request: 0.000018 seconds.
  path: Assets/Sprites/laser.png
  importAddress: Guid(b030d335857201646be69703e678d6e5) Importer(2089858483,b0f066a214c2f5e87bad3c948f4d605d)
Start importing Assets/Sprites/laser.png using Guid(b030d335857201646be69703e678d6e5) Importer(2089858483,b0f066a214c2f5e87bad3c948f4d605d) (ScriptedImporter) -> (Import Result ID: '2fa672b92c0f777a9b050a7cd8a2af08') in 0.0122208 seconds [static and dynamic dependencies]. Details - ImportResultOutputID=17f53928a1464db61ed3615c823a6546 DependenciesID=1c5e74bfac88d79ba1d84ef3c4d74ee6 StaticDependenciesID=af41342d0def0dd3850ea4d9288adeb9 
Number of updated asset objects reloaded before import = 0Number of asset objects unloaded after import = 3

========================================================================
Received Import Request.
  Time since last request: 0.000029 seconds.
  path: Assets/Sprites/Enemy_Explode_Sequence/EnemyTurnLeft0000_00002.png
  importAddress: Guid(537930933d92c4333ae40c1d6d362b74) Importer(2089858483,b0f066a214c2f5e87bad3c948f4d605d)
Start importing Assets/Sprites/Enemy_Explode_Sequence/EnemyTurnLeft0000_00002.png using Guid(537930933d92c4333ae40c1d6d362b74) Importer(2089858483,b0f066a214c2f5e87bad3c948f4d605d) (ScriptedImporter) -> (Import Result ID: '8f97829c266956df680d832d62bd44cb') in 0.0121654 seconds [static and dynamic dependencies]. Details - ImportResultOutputID=101c613f81141a13b737b35ebddf5ac0 DependenciesID=0c0f7d0c2091328fd6ffeba7b051ce31 StaticDependenciesID=88e0eacae3e5598555fb6d4b2ec46e93 
Number of updated asset objects reloaded before import = 0Number of asset objects unloaded after import = 3

========================================================================
Received Import Request.
  Time since last request: 0.000020 seconds.
  path: Assets/Animations/Shield power up/Shiled_power_up_idle.anim
  importAddress: Guid(62f9952df51791c4192b43d8e162dc5c) Importer(2089858483,b0f066a214c2f5e87bad3c948f4d605d)
Start importing Assets/Animations/Shield power up/Shiled_power_up_idle.anim using Guid(62f9952df51791c4192b43d8e162dc5c) Importer(2089858483,b0f066a214c2f5e87bad3c948f4d605d) (ScriptedImporter) -> (Import Result ID: '6762eac660488eef70e0654a5a2472c9') in 0.0130525 seconds [static and dynamic dependencies]. Details - ImportResultOutputID=fbec34c45ad21771d0727d7a63ea655b DependenciesID=2d03f25e6a52680ff7e00a77fc8da8ef StaticDependenciesID=793417f6fb49f6e16becea7d43ff15fc 
Number of updated asset objects reloaded before import = 0Number of asset objects unloaded after import = 1

========================================================================
Received Import Request.
  Time since last request: 0.000037 seconds.
  path: Assets/Sprites/Enemy_Explode_Sequence/EnemyTurnLeft0000_00034.png
  importAddress: Guid(aadf01a7300604b1e86e60b72f2562b1) Importer(2089858483,b0f066a214c2f5e87bad3c948f4d605d)
Start importing Assets/Sprites/Enemy_Explode_Sequence/EnemyTurnLeft0000_00034.png using Guid(aadf01a7300604b1e86e60b72f2562b1) Importer(2089858483,b0f066a214c2f5e87bad3c948f4d605d) (ScriptedImporter) -> (Import Result ID: '1c0a3b146812fb71be8ebcc1df8a6255') in 0.0116864 seconds [static and dynamic dependencies]. Details - ImportResultOutputID=5afffe8428014bc24898d54718599146 DependenciesID=f3db5947c476ec377061c39595b3b19e StaticDependenciesID=569747d803d68b8ff854f8fa4c5ab987 
Number of updated asset objects reloaded before import = 0Number of asset objects unloaded after import = 3

========================================================================
Received Import Request.
  Time since last request: 0.000017 seconds.
  path: Assets/Sprites/Enemy_Explode_Sequence/EnemyTurnLeft0000_00011.png
  importAddress: Guid(6680d84ea14cd490d94fca00dd42d17c) Importer(2089858483,b0f066a214c2f5e87bad3c948f4d605d)
Start importing Assets/Sprites/Enemy_Explode_Sequence/EnemyTurnLeft0000_00011.png using Guid(6680d84ea14cd490d94fca00dd42d17c) Importer(2089858483,b0f066a214c2f5e87bad3c948f4d605d) (ScriptedImporter) -> (Import Result ID: '266c2419982a2981152a5bb02e5950ab') in 0.0118653 seconds [static and dynamic dependencies]. Details - ImportResultOutputID=69af1b69fb8898c502c9d120d234213c DependenciesID=4ac545d41480a5fdbbcb995a80213473 StaticDependenciesID=608881c9530e0e569b822c1450e4230a 
Number of updated asset objects reloaded before import = 0Number of asset objects unloaded after import = 3

========================================================================
Received Import Request.
  Time since last request: 0.000021 seconds.
  path: Assets/Animations/Tripple Shot power up/Tripple_Shot_power_up.controller
  importAddress: Guid(b6019925a24146f4f9b44bdb6ad70297) Importer(2089858483,b0f066a214c2f5e87bad3c948f4d605d)
Start importing Assets/Animations/Tripple Shot power up/Tripple_Shot_power_up.controller using Guid(b6019925a24146f4f9b44bdb6ad70297) Importer(2089858483,b0f066a214c2f5e87bad3c948f4d605d) (ScriptedImporter) -> (Import Result ID: '64278d28bb1d6b13fd7fafa040359f4e') in 0.0096545 seconds [static and dynamic dependencies]. Details - ImportResultOutputID=b0db697ab0786018eb2b02eb6b1496f8 DependenciesID=46ec52a0946590cdc1ebf53e0ae6c80c StaticDependenciesID=c88086c8985c90cc44d02222c346798f 
Number of updated asset objects reloaded before import = 0Number of asset objects unloaded after import = 4

========================================================================
Received Import Request.
  Time since last request: 0.000025 seconds.
  path: Assets/Sprites/Enemy_Explode_Sequence/EnemyTurnLeft0000_00019.png
  importAddress: Guid(4aad5b508acca4c28ab8297b99c80a38) Importer(2089858483,b0f066a214c2f5e87bad3c948f4d605d)
Start importing Assets/Sprites/Enemy_Explode_Sequence/EnemyTurnLeft0000_00019.png using Guid(4aad5b508acca4c28ab8297b99c80a38) Importer(2089858483,b0f066a214c2f5e87bad3c948f4d605d) (ScriptedImporter) -> (Import Result ID: '3ddee559d147e447f5de9c8db4881404') in 0.0170206 seconds [static and dynamic dependencies]. Details - ImportResultOutputID=87f17573b21b27f6e46fc78c26f619c0 DependenciesID=2d0b35c958927a88172261dd333d8794 StaticDependenciesID=db3ab61c3f1e2b6c31f87d2e3ef6f691 
Number of updated asset objects reloaded before import = 0Number of asset objects unloaded after import = 3

========================================================================
Received Import Request.
  Time since last request: 0.000019 seconds.
  path: Assets/Sprites/Enemy_Explode_Sequence/EnemyTurnLeft0000_00030.png
  importAddress: Guid(7b53d2e3915e84cf6bc46246ae29378a) Importer(2089858483,b0f066a214c2f5e87bad3c948f4d605d)
Start importing Assets/Sprites/Enemy_Explode_Sequence/EnemyTurnLeft0000_00030.png using Guid(7b53d2e3915e84cf6bc46246ae29378a) Importer(2089858483,b0f066a214c2f5e87bad3c948f4d605d) (ScriptedImporter) -> (Import Result ID: '2eaed501196ae5f4720deed6a79b2a5b') in 0.0128906 seconds [static and dynamic dependencies]. Details - ImportResultOutputID=e7da7645ccde34839273aa2364ac1da4 DependenciesID=6079de9b00e21dbf32ac5fb52ac93518 StaticDependenciesID=af51b3b8acf6d3c1eb4fa5519a523d96 
Number of updated asset objects reloaded before import = 0Number of asset objects unloaded after import = 3

========================================================================
Received Import Request.
  Time since last request: 0.000016 seconds.
  path: Assets/Animations/Player/Thruster.controller
  importAddress: Guid(e4d582895dc15a442b56f37b88e27bba) Importer(2089858483,b0f066a214c2f5e87bad3c948f4d605d)
Start importing Assets/Animations/Player/Thruster.controller using Guid(e4d582895dc15a442b56f37b88e27bba) Importer(2089858483,b0f066a214c2f5e87bad3c948f4d605d) (ScriptedImporter) -> (Import Result ID: '1b734079e037c9545162ba672d24f8ac') in 0.0093728 seconds [static and dynamic dependencies]. Details - ImportResultOutputID=c5e4082bd8c32623de104ea3dae2e24f DependenciesID=ea1ad62c8e2029b209c0d724833ea020 StaticDependenciesID=ee620e702ed2086fc188f65634334a6c 
Number of updated asset objects reloaded before import = 0Number of asset objects unloaded after import = 4

========================================================================
Received Import Request.
  Time since last request: 0.000016 seconds.
  path: Assets/Scenes/Game.unity
  importAddress: Guid(f140199eeb3b3ea4b91ab05aaab10aa1) Importer(2089858483,b0f066a214c2f5e87bad3c948f4d605d)
Start importing Assets/Scenes/Game.unity using Guid(f140199eeb3b3ea4b91ab05aaab10aa1) Importer(2089858483,b0f066a214c2f5e87bad3c948f4d605d) (ScriptedImporter) -> (Import Result ID: 'bddd23492be6697560d42133244caa00') in 0.0117319 seconds [static and dynamic dependencies]. Details - ImportResultOutputID=90b7220a6eee2173518772e98cd306d7 DependenciesID=ec20b97da9a530744cefa954a3223d74 StaticDependenciesID=37fa7f5e2ec9f8a2a5c3dd294f932491 
Number of updated asset objects reloaded before import = 0Number of asset objects unloaded after import = 1

========================================================================
Received Import Request.
  Time since last request: 0.000017 seconds.
  path: Assets/Sprites/Enemy_Explode_Sequence/EnemyTurnLeft0000_00020.png
  importAddress: Guid(f77bd938fdae34726a4d72c41253bfe3) Importer(2089858483,b0f066a214c2f5e87bad3c948f4d605d)
Start importing Assets/Sprites/Enemy_Explode_Sequence/EnemyTurnLeft0000_00020.png using Guid(f77bd938fdae34726a4d72c41253bfe3) Importer(2089858483,b0f066a214c2f5e87bad3c948f4d605d) (ScriptedImporter) -> (Import Result ID: 'cffe17c3e9a3a5b5198f8f9968b84fba') in 0.0113579 seconds [static and dynamic dependencies]. Details - ImportResultOutputID=75bb1249187c025939d7f5436281527c DependenciesID=e7740126d8afffa5134d381abb5abb0d StaticDependenciesID=9960aab6e3da6b0474c41cbe355f3f12 
Number of updated asset objects reloaded before import = 0Number of asset objects unloaded after import = 3

========================================================================
Received Import Request.
  Time since last request: 0.000018 seconds.
  path: Assets/Sprites/Enemy_Explode_Sequence/EnemyTurnLeft0000_00016.png
  importAddress: Guid(1290119f2b43a414f860b6224a41b855) Importer(2089858483,b0f066a214c2f5e87bad3c948f4d605d)
Start importing Assets/Sprites/Enemy_Explode_Sequence/EnemyTurnLeft0000_00016.png using Guid(1290119f2b43a414f860b6224a41b855) Importer(2089858483,b0f066a214c2f5e87bad3c948f4d605d) (ScriptedImporter) -> (Import Result ID: 'e368f0f9796f1a7957688d3002a2d0f3') in 0.0123386 seconds [static and dynamic dependencies]. Details - ImportResultOutputID=c420bed4992844bad14e43315b56dc6d DependenciesID=784aa6e031503384c4a5fffafe1f8576 StaticDependenciesID=08018aaa91e9a469a16677129c3def0d 
Number of updated asset objects reloaded before import = 0Number of asset objects unloaded after import = 3

========================================================================
Received Import Request.
  Time since last request: 0.000019 seconds.
  path: Assets/Sprites/Enemy_Explode_Sequence/EnemyTurnLeft0000_00027.png
  importAddress: Guid(d1faac70da014416ab21c4b5cdbbedf7) Importer(2089858483,b0f066a214c2f5e87bad3c948f4d605d)
Start importing Assets/Sprites/Enemy_Explode_Sequence/EnemyTurnLeft0000_00027.png using Guid(d1faac70da014416ab21c4b5cdbbedf7) Importer(2089858483,b0f066a214c2f5e87bad3c948f4d605d) (ScriptedImporter) -> (Import Result ID: '51558f38f70123668560273c1131cbec') in 0.0121977 seconds [static and dynamic dependencies]. Details - ImportResultOutputID=586a3ba3b57b36bc094febeccae42f7b DependenciesID=9457a95a481b55489cdc6b15fda95950 StaticDependenciesID=98a200caa14a29ac4a663ea376803d59 
Number of updated asset objects reloaded before import = 0Number of asset objects unloaded after import = 3

========================================================================
Received Import Request.
  Time since last request: 0.000018 seconds.
  path: Assets/Script/Manager/GameManager.cs
  importAddress: Guid(c08d45a1fe3ef1f42ad35fb71c3fe6d5) Importer(2089858483,b0f066a214c2f5e87bad3c948f4d605d)
Start importing Assets/Script/Manager/GameManager.cs using Guid(c08d45a1fe3ef1f42ad35fb71c3fe6d5) Importer(2089858483,b0f066a214c2f5e87bad3c948f4d605d) (ScriptedImporter) -> (Import Result ID: '4684cc47417a85f2bd38a92535c97da3') in 0.00772 seconds [static and dynamic dependencies]. Details - ImportResultOutputID=cf4247388c7b0d3dedd8e49530cb329e DependenciesID=bd40d40f6e4cd2a6bfde4e1249d328df StaticDependenciesID=d39845d1a88e75b63a1bfe60b07ef18d 
Number of updated asset objects reloaded before import = 0Number of asset objects unloaded after import = 0

========================================================================
Received Import Request.
  Time since last request: 0.000061 seconds.
  path: Assets/Sprites/Enemy_Explode_Sequence/EnemyTurnLeft0000_00014.png
  importAddress: Guid(b1956f496b6494ef0b7d7233c595f193) Importer(2089858483,b0f066a214c2f5e87bad3c948f4d605d)
Start importing Assets/Sprites/Enemy_Explode_Sequence/EnemyTurnLeft0000_00014.png using Guid(b1956f496b6494ef0b7d7233c595f193) Importer(2089858483,b0f066a214c2f5e87bad3c948f4d605d) (ScriptedImporter) -> (Import Result ID: 'db83d4e4d6cc82a6a3d24b15ff0c5d6e') in 0.0122548 seconds [static and dynamic dependencies]. Details - ImportResultOutputID=073c7dd67fc21b447a219a39309da3e6 DependenciesID=5bbb5d98f119144567799025a311fe67 StaticDependenciesID=b48e9898e27544070d688eafbf326b45 
Number of updated asset objects reloaded before import = 0Number of asset objects unloaded after import = 3

========================================================================
Received Import Request.
  Time since last request: 0.000022 seconds.
  path: Assets/Sprites/Enemy_Explode_Sequence/EnemyTurnLeft0000_00041.png
  importAddress: Guid(6b6248d611aa144fa8f77bf5e9710540) Importer(2089858483,b0f066a214c2f5e87bad3c948f4d605d)
Start importing Assets/Sprites/Enemy_Explode_Sequence/EnemyTurnLeft0000_00041.png using Guid(6b6248d611aa144fa8f77bf5e9710540) Importer(2089858483,b0f066a214c2f5e87bad3c948f4d605d) (ScriptedImporter) -> (Import Result ID: '9089214312af6fa3f4d647bc0fae9652') in 0.0129412 seconds [static and dynamic dependencies]. Details - ImportResultOutputID=48b82aa40a8c44ac9604375d5be07879 DependenciesID=b445e291706ed6f838e6b0d5d80cf1bf StaticDependenciesID=ad2e82c67a3abf22fca861b4aa43199e 
Number of updated asset objects reloaded before import = 0Number of asset objects unloaded after import = 3

========================================================================
Received Import Request.
  Time since last request: 0.000017 seconds.
  path: Assets/Animations/Enemy/Explosion.anim
  importAddress: Guid(66841a04a4c3b644aa0d0361001dc354) Importer(2089858483,b0f066a214c2f5e87bad3c948f4d605d)
Start importing Assets/Animations/Enemy/Explosion.anim using Guid(66841a04a4c3b644aa0d0361001dc354) Importer(2089858483,b0f066a214c2f5e87bad3c948f4d605d) (ScriptedImporter) -> (Import Result ID: 'a3a707f3b6627bfc801f9b82f064f0dd') in 0.0150699 seconds [static and dynamic dependencies]. Details - ImportResultOutputID=2f5570ea0fffe4adc66c7c8f455f0a52 DependenciesID=d4673bcc1935b5d202feb6a99ac80ddb StaticDependenciesID=8f204e7cbb3c6a7ce4a0d18d85ad7073 
Number of updated asset objects reloaded before import = 0Number of asset objects unloaded after import = 1

========================================================================
Received Import Request.
  Time since last request: 0.000018 seconds.
  path: Assets/Sprites/Enemy_Explode_Sequence/EnemyTurnLeft0000_00017.png
  importAddress: Guid(f6633d78a620e40ea8b3f0c1f7c0b8a2) Importer(2089858483,b0f066a214c2f5e87bad3c948f4d605d)
Start importing Assets/Sprites/Enemy_Explode_Sequence/EnemyTurnLeft0000_00017.png using Guid(f6633d78a620e40ea8b3f0c1f7c0b8a2) Importer(2089858483,b0f066a214c2f5e87bad3c948f4d605d) (ScriptedImporter) -> (Import Result ID: 'dc6c1dd5f3169b1846a4e3a482c4ee9a') in 0.0105958 seconds [static and dynamic dependencies]. Details - ImportResultOutputID=ac3d2a99cb76091715bd87591e48b7ef DependenciesID=1ab8b13fd83193cddc701bb155727b4c StaticDependenciesID=499537ac869a72b0595488a81221f1c3 
Number of updated asset objects reloaded before import = 0Number of asset objects unloaded after import = 3

========================================================================
Received Import Request.
  Time since last request: 0.000027 seconds.
  path: Assets/Sprites/Enemy_Explode_Sequence/EnemyTurnLeft0000_00042.png
  importAddress: Guid(faaa391c7b63142adbb8a89f20602b94) Importer(2089858483,b0f066a214c2f5e87bad3c948f4d605d)
Start importing Assets/Sprites/Enemy_Explode_Sequence/EnemyTurnLeft0000_00042.png using Guid(faaa391c7b63142adbb8a89f20602b94) Importer(2089858483,b0f066a214c2f5e87bad3c948f4d605d) (ScriptedImporter) -> (Import Result ID: 'f99c79577b54281dd68427ba1ef064e3') in 0.0108024 seconds [static and dynamic dependencies]. Details - ImportResultOutputID=236b792ba396d6f9c044160e48c6da0f DependenciesID=93c5690ae055e4d1af29e92ea4e410a0 StaticDependenciesID=5bb1862d9a2e67fa2c49d3d40f00d3bf 
Number of updated asset objects reloaded before import = 0Number of asset objects unloaded after import = 3

========================================================================
Received Import Request.
  Time since last request: 0.527809 seconds.
  path: Assets/Sprites/Enemy_Explode_Sequence/EnemyTurnLeft0000_00052.png
  importAddress: Guid(60d5ed7e416814a4aa9294515e67e0db) Importer(2089858483,b0f066a214c2f5e87bad3c948f4d605d)
Start importing Assets/Sprites/Enemy_Explode_Sequence/EnemyTurnLeft0000_00052.png using Guid(60d5ed7e416814a4aa9294515e67e0db) Importer(2089858483,b0f066a214c2f5e87bad3c948f4d605d) (ScriptedImporter) -> (Import Result ID: '386aa64b1b6d891399b16cd9791490c1') in 0.0127641 seconds [static and dynamic dependencies]. Details - ImportResultOutputID=5f6986d2bc4979a6d22b31000c5a15fe DependenciesID=c3586833f8a28fd4ebab9578c248a288 StaticDependenciesID=fd871e94721506dec481779168f2a1bd 
Number of updated asset objects reloaded before import = 0Number of asset objects unloaded after import = 3

========================================================================
Received Import Request.
  Time since last request: 0.000019 seconds.
  path: Assets/Sprites/Enemy_Explode_Sequence/EnemyTurnLeft0000_00065.png
  importAddress: Guid(8abc14a23d39040a488923e56a4c8234) Importer(2089858483,b0f066a214c2f5e87bad3c948f4d605d)
Start importing Assets/Sprites/Enemy_Explode_Sequence/EnemyTurnLeft0000_00065.png using Guid(8abc14a23d39040a488923e56a4c8234) Importer(2089858483,b0f066a214c2f5e87bad3c948f4d605d) (ScriptedImporter) -> (Import Result ID: '36123390a575104ea3820b22e44ca04e') in 0.0117217 seconds [static and dynamic dependencies]. Details - ImportResultOutputID=a98907fedf410a79ad4089b9530ee731 DependenciesID=eaa2ee4dc155d0186a5f2e8c7aed82ef StaticDependenciesID=6bbfd3b381451eceed11d55812e3c4ef 
Number of updated asset objects reloaded before import = 0Number of asset objects unloaded after import = 3

========================================================================
Received Import Request.
  Time since last request: 0.000019 seconds.
  path: Assets/Sprites/Enemy_Explode_Sequence/EnemyTurnLeft0000_00059.png
  importAddress: Guid(1557c12536b4041949a96067510ca924) Importer(2089858483,b0f066a214c2f5e87bad3c948f4d605d)
Start importing Assets/Sprites/Enemy_Explode_Sequence/EnemyTurnLeft0000_00059.png using Guid(1557c12536b4041949a96067510ca924) Importer(2089858483,b0f066a214c2f5e87bad3c948f4d605d) (ScriptedImporter) -> (Import Result ID: '96be6f21046224cb562e79fa695c81b9') in 0.0118282 seconds [static and dynamic dependencies]. Details - ImportResultOutputID=7b3814501fe36c7682bc469e99acda70 DependenciesID=7584fd9ac6b88d47f58a88e60b139251 StaticDependenciesID=7061e55bbeda46e4eb276a2a0370247f 
Number of updated asset objects reloaded before import = 0Number of asset objects unloaded after import = 3

========================================================================
Received Import Request.
  Time since last request: 0.000024 seconds.
  path: Assets/Sprites/Enemy_Explode_Sequence/EnemyTurnLeft0000_00127.png
  importAddress: Guid(f688a9a1039c64add9dc2efc955dcdfc) Importer(2089858483,b0f066a214c2f5e87bad3c948f4d605d)
Start importing Assets/Sprites/Enemy_Explode_Sequence/EnemyTurnLeft0000_00127.png using Guid(f688a9a1039c64add9dc2efc955dcdfc) Importer(2089858483,b0f066a214c2f5e87bad3c948f4d605d) (ScriptedImporter) -> (Import Result ID: 'e7779b2c622f0ac187e2d0ccd73c1577') in 0.0125756 seconds [static and dynamic dependencies]. Details - ImportResultOutputID=85da63f41e4abd185904984a45666e7f DependenciesID=b0efb387bb9f42a91e5d142aac72dcd9 StaticDependenciesID=e1de456d3d2bed8ff97dfa7b28cc8361 
Number of updated asset objects reloaded before import = 0Number of asset objects unloaded after import = 3

========================================================================
Received Import Request.
  Time since last request: 0.000020 seconds.
  path: Assets/Sprites/Enemy_Explode_Sequence/EnemyTurnLeft0000_00101.png
  importAddress: Guid(af1144ebb37084f718fe8f461ff82e79) Importer(2089858483,b0f066a214c2f5e87bad3c948f4d605d)
Start importing Assets/Sprites/Enemy_Explode_Sequence/EnemyTurnLeft0000_00101.png using Guid(af1144ebb37084f718fe8f461ff82e79) Importer(2089858483,b0f066a214c2f5e87bad3c948f4d605d) (ScriptedImporter) -> (Import Result ID: '921827a7817635736d01ad6cd134be68') in 0.0121979 seconds [static and dynamic dependencies]. Details - ImportResultOutputID=4e3b6ebcaee850499671b01bda611f54 DependenciesID=18e165442a0f44fa268833dbf9c360ed StaticDependenciesID=8581856df01c76184a2a6f6abc9ea1a5 
Number of updated asset objects reloaded before import = 0Number of asset objects unloaded after import = 3

========================================================================
Received Import Request.
  Time since last request: 0.000022 seconds.
  path: Assets/Sprites/Enemy_Explode_Sequence/EnemyTurnLeft0000_00080.png
  importAddress: Guid(32c2ea436317e4c43b983c79ea69a483) Importer(2089858483,b0f066a214c2f5e87bad3c948f4d605d)
Start importing Assets/Sprites/Enemy_Explode_Sequence/EnemyTurnLeft0000_00080.png using Guid(32c2ea436317e4c43b983c79ea69a483) Importer(2089858483,b0f066a214c2f5e87bad3c948f4d605d) (ScriptedImporter) -> (Import Result ID: '6a857071dc6daf754bce322d7ae00935') in 0.0117076 seconds [static and dynamic dependencies]. Details - ImportResultOutputID=6106d9fd7fbaca9348dea800e4aadf10 DependenciesID=b46b130df0e4b08227bde2c9cd8b4b3d StaticDependenciesID=7121e79c0fd431207cee651841d577d1 
Number of updated asset objects reloaded before import = 0Number of asset objects unloaded after import = 3

========================================================================
Received Import Request.
  Time since last request: 0.000020 seconds.
  path: Assets/Sprites/Enemy_Explode_Sequence/EnemyTurnLeft0000_00086.png
  importAddress: Guid(3080c3912b4aa48679391eaa83cabece) Importer(2089858483,b0f066a214c2f5e87bad3c948f4d605d)
Start importing Assets/Sprites/Enemy_Explode_Sequence/EnemyTurnLeft0000_00086.png using Guid(3080c3912b4aa48679391eaa83cabece) Importer(2089858483,b0f066a214c2f5e87bad3c948f4d605d) (ScriptedImporter) -> (Import Result ID: 'd6fb33c2c4d7035e0307b2b29c03e708') in 0.0123491 seconds [static and dynamic dependencies]. Details - ImportResultOutputID=6336e424a7a1ff6d24e429898b2ae21b DependenciesID=885e8b1502a126696462b68ad8acfbc6 StaticDependenciesID=6e311499a3c5fac013ef457756139534 
Number of updated asset objects reloaded before import = 0Number of asset objects unloaded after import = 3

========================================================================
Received Import Request.
  Time since last request: 0.000030 seconds.
  path: Assets/Sprites/Enemy_Explode_Sequence/EnemyTurnLeft0000_00057.png
  importAddress: Guid(cd1014039b11546b5838e814a4085a1c) Importer(2089858483,b0f066a214c2f5e87bad3c948f4d605d)
Start importing Assets/Sprites/Enemy_Explode_Sequence/EnemyTurnLeft0000_00057.png using Guid(cd1014039b11546b5838e814a4085a1c) Importer(2089858483,b0f066a214c2f5e87bad3c948f4d605d) (ScriptedImporter) -> (Import Result ID: '8b1c37da0a15daa001b9ffcd355d7a2e') in 0.0118015 seconds [static and dynamic dependencies]. Details - ImportResultOutputID=ec39b351b5702da49d206d9718481671 DependenciesID=b36059262ded4087ae5b47cfd3c08cec StaticDependenciesID=d6e3bc9624bb1ad6acf523655e3fa701 
Number of updated asset objects reloaded before import = 0Number of asset objects unloaded after import = 3

========================================================================
Received Import Request.
  Time since last request: 0.000017 seconds.
  path: Assets/Sprites/Enemy_Explode_Sequence/EnemyTurnLeft0000_00075.png
  importAddress: Guid(4accd28ae0535453b9f439e93b9c0570) Importer(2089858483,b0f066a214c2f5e87bad3c948f4d605d)
Start importing Assets/Sprites/Enemy_Explode_Sequence/EnemyTurnLeft0000_00075.png using Guid(4accd28ae0535453b9f439e93b9c0570) Importer(2089858483,b0f066a214c2f5e87bad3c948f4d605d) (ScriptedImporter) -> (Import Result ID: '8c19063ff3dbd44d36ec6ff957709340') in 0.012173 seconds [static and dynamic dependencies]. Details - ImportResultOutputID=e551f067905715d83b68d03421dbb391 DependenciesID=be317a91698b381112da7ab62bea1ab0 StaticDependenciesID=8bcde97988aa5e8694bdcc7913e97a51 
Number of updated asset objects reloaded before import = 0Number of asset objects unloaded after import = 3

========================================================================
Received Import Request.
  Time since last request: 0.000019 seconds.
  path: Assets/Sprites/Enemy_Explode_Sequence/EnemyTurnLeft0000_00116.png
  importAddress: Guid(c3e4898607a8d4fa2aef499aaeef35bf) Importer(2089858483,b0f066a214c2f5e87bad3c948f4d605d)
Start importing Assets/Sprites/Enemy_Explode_Sequence/EnemyTurnLeft0000_00116.png using Guid(c3e4898607a8d4fa2aef499aaeef35bf) Importer(2089858483,b0f066a214c2f5e87bad3c948f4d605d) (ScriptedImporter) -> (Import Result ID: '29442cf7bee87589b11eaaabcea6d80b') in 0.0115992 seconds [static and dynamic dependencies]. Details - ImportResultOutputID=fa45834348c16332e4bb827696991762 DependenciesID=afd2acab079c5c322e637f1877fea850 StaticDependenciesID=e8182909776ae9f5e60e214bafc17079 
Number of updated asset objects reloaded before import = 0Number of asset objects unloaded after import = 3

========================================================================
Received Import Request.
  Time since last request: 0.000019 seconds.
  path: Assets/Sprites/Enemy_Explode_Sequence/EnemyTurnLeft0000_00135.png
  importAddress: Guid(97b6ff619964d47f084862f447c9b737) Importer(2089858483,b0f066a214c2f5e87bad3c948f4d605d)
Start importing Assets/Sprites/Enemy_Explode_Sequence/EnemyTurnLeft0000_00135.png using Guid(97b6ff619964d47f084862f447c9b737) Importer(2089858483,b0f066a214c2f5e87bad3c948f4d605d) (ScriptedImporter) -> (Import Result ID: 'cc7cd05571b4ffc27a79fb7809be3ab3') in 0.0118829 seconds [static and dynamic dependencies]. Details - ImportResultOutputID=0976c6175df7040fc2dbc652a144c84f DependenciesID=701240df01ef1ab5a2f718822c027e31 StaticDependenciesID=1815cd5e71d879cecbeb0c5c0fd7f0e7 
Number of updated asset objects reloaded before import = 0Number of asset objects unloaded after import = 3

========================================================================
Received Import Request.
  Time since last request: 0.000016 seconds.
  path: Assets/Sprites/Enemy_Explode_Sequence/EnemyTurnLeft0000_00096.png
  importAddress: Guid(668162a062acf44dd893a50281735f81) Importer(2089858483,b0f066a214c2f5e87bad3c948f4d605d)
Start importing Assets/Sprites/Enemy_Explode_Sequence/EnemyTurnLeft0000_00096.png using Guid(668162a062acf44dd893a50281735f81) Importer(2089858483,b0f066a214c2f5e87bad3c948f4d605d) (ScriptedImporter) -> (Import Result ID: '863746249698375252f0f798accb4888') in 0.0175388 seconds [static and dynamic dependencies]. Details - ImportResultOutputID=4f909f2882cf86cbc4cf13c3d9dc970d DependenciesID=7828e14383cfe6df963b152e4e780a29 StaticDependenciesID=c1b05704aa423cd875fbaee8550346b2 
Number of updated asset objects reloaded before import = 0Number of asset objects unloaded after import = 3

========================================================================
Received Import Request.
  Time since last request: 0.000018 seconds.
  path: Assets/Sprites/Enemy_Explode_Sequence/EnemyTurnLeft0000_00076.png
  importAddress: Guid(d41ad13d659f84d1cac8ba0c4a0a26af) Importer(2089858483,b0f066a214c2f5e87bad3c948f4d605d)
Start importing Assets/Sprites/Enemy_Explode_Sequence/EnemyTurnLeft0000_00076.png using Guid(d41ad13d659f84d1cac8ba0c4a0a26af) Importer(2089858483,b0f066a214c2f5e87bad3c948f4d605d) (ScriptedImporter) -> (Import Result ID: '9d5dd4ba5c2cbd787725de4f782060d2') in 0.0101333 seconds [static and dynamic dependencies]. Details - ImportResultOutputID=43126f88bb6adc8be5f39a9d0b57b041 DependenciesID=7d61d2fef6d7e0436fb112465631bc11 StaticDependenciesID=0071cc9331d4524447e4e6c246f07d8d 
Number of updated asset objects reloaded before import = 0Number of asset objects unloaded after import = 3

========================================================================
Received Import Request.
  Time since last request: 0.000018 seconds.
  path: Assets/Sprites/Enemy_Explode_Sequence/EnemyTurnLeft0000_00073.png
  importAddress: Guid(0074fdee9a2fb4e63b6051589b555bc9) Importer(2089858483,b0f066a214c2f5e87bad3c948f4d605d)
Start importing Assets/Sprites/Enemy_Explode_Sequence/EnemyTurnLeft0000_00073.png using Guid(0074fdee9a2fb4e63b6051589b555bc9) Importer(2089858483,b0f066a214c2f5e87bad3c948f4d605d) (ScriptedImporter) -> (Import Result ID: '784a65215fee59251de72dcd03130c6d') in 0.0109858 seconds [static and dynamic dependencies]. Details - ImportResultOutputID=2d3557bbfd17596aa7025cb909a2e727 DependenciesID=f104ad3788bc508dfda3f7fc58246a72 StaticDependenciesID=48dd0839b1cc6348adae6561c3eabb73 
Number of updated asset objects reloaded before import = 0Number of asset objects unloaded after import = 3

========================================================================
Received Import Request.
  Time since last request: 0.000016 seconds.
  path: Assets/Sprites/Enemy_Explode_Sequence/EnemyTurnLeft0000_00144.png
  importAddress: Guid(afef5f3dfcf5b46dabc39a648574cf2e) Importer(2089858483,b0f066a214c2f5e87bad3c948f4d605d)
Start importing Assets/Sprites/Enemy_Explode_Sequence/EnemyTurnLeft0000_00144.png using Guid(afef5f3dfcf5b46dabc39a648574cf2e) Importer(2089858483,b0f066a214c2f5e87bad3c948f4d605d) (ScriptedImporter) -> (Import Result ID: 'e7e538da7f77e6260f14003a12e09913') in 0.0113938 seconds [static and dynamic dependencies]. Details - ImportResultOutputID=70f243209b875f7b2a6726033103e50f DependenciesID=3fcdc0db1a6421484b331bae45155df8 StaticDependenciesID=7437ae1dffb3ed0314f4407a0f19f58f 
Number of updated asset objects reloaded before import = 0Number of asset objects unloaded after import = 3

========================================================================
Received Import Request.
  Time since last request: 0.000015 seconds.
  path: Assets/Sprites/Enemy_Explode_Sequence/EnemyTurnLeft0000_00062.png
  importAddress: Guid(339d69d7a341a4614928138acac61f1a) Importer(2089858483,b0f066a214c2f5e87bad3c948f4d605d)
Start importing Assets/Sprites/Enemy_Explode_Sequence/EnemyTurnLeft0000_00062.png using Guid(339d69d7a341a4614928138acac61f1a) Importer(2089858483,b0f066a214c2f5e87bad3c948f4d605d) (ScriptedImporter) -> (Import Result ID: 'e13fb21cb5a213943e19fdbb642ba6a0') in 0.0117162 seconds [static and dynamic dependencies]. Details - ImportResultOutputID=6c1792b613a9499ca7571b0abd85efe8 DependenciesID=5ae0ad2083a7dc4c4aff0cf8f489eee1 StaticDependenciesID=956ccb25520214efcdaf3ef5dfc74f3a 
Number of updated asset objects reloaded before import = 0Number of asset objects unloaded after import = 3

========================================================================
Received Import Request.
  Time since last request: 0.000044 seconds.
  path: Assets/Sprites/Enemy_Explode_Sequence/EnemyTurnLeft0000_00118.png
  importAddress: Guid(4d1b489714fa543689153fc1c37a9479) Importer(2089858483,b0f066a214c2f5e87bad3c948f4d605d)
Start importing Assets/Sprites/Enemy_Explode_Sequence/EnemyTurnLeft0000_00118.png using Guid(4d1b489714fa543689153fc1c37a9479) Importer(2089858483,b0f066a214c2f5e87bad3c948f4d605d) (ScriptedImporter) -> (Import Result ID: '8f825e19a7b57ecac78a5381e060cf68') in 0.0132345 seconds [static and dynamic dependencies]. Details - ImportResultOutputID=22b314e7a48611549d48999791dfb178 DependenciesID=4d914c7a384a13e92c59d7734928eb0b StaticDependenciesID=f9ea7f81556dc21ecb3a2005f6ca7191 
Number of updated asset objects reloaded before import = 0Number of asset objects unloaded after import = 3

========================================================================
Received Import Request.
  Time since last request: 0.000020 seconds.
  path: Assets/Sprites/Enemy_Explode_Sequence/EnemyTurnLeft0000_00131.png
  importAddress: Guid(33a3eeb20308c4c789324a42ed6990eb) Importer(2089858483,b0f066a214c2f5e87bad3c948f4d605d)
Start importing Assets/Sprites/Enemy_Explode_Sequence/EnemyTurnLeft0000_00131.png using Guid(33a3eeb20308c4c789324a42ed6990eb) Importer(2089858483,b0f066a214c2f5e87bad3c948f4d605d) (ScriptedImporter) -> (Import Result ID: '9c65e4e75efb7dec226a17186d669f93') in 0.0119307 seconds [static and dynamic dependencies]. Details - ImportResultOutputID=ddd7c68c3f5f859b9833417e31edcb33 DependenciesID=2c20be91c3ea7fd27975299c0e006a06 StaticDependenciesID=5e626a623ffbe22c50d90d8cb729f595 
Number of updated asset objects reloaded before import = 0Number of asset objects unloaded after import = 3

========================================================================
Received Import Request.
  Time since last request: 0.000024 seconds.
  path: Assets/Sprites/Enemy_Explode_Sequence/EnemyTurnLeft0000_00106.png
  importAddress: Guid(7f359ba8c425c4e85b19b3bc000a892d) Importer(2089858483,b0f066a214c2f5e87bad3c948f4d605d)
Start importing Assets/Sprites/Enemy_Explode_Sequence/EnemyTurnLeft0000_00106.png using Guid(7f359ba8c425c4e85b19b3bc000a892d) Importer(2089858483,b0f066a214c2f5e87bad3c948f4d605d) (ScriptedImporter) -> (Import Result ID: 'dc58036a98c418647f9996a562f58f62') in 0.0146919 seconds [static and dynamic dependencies]. Details - ImportResultOutputID=018c48d2ae49248fc3c22ff8b4f5f6b4 DependenciesID=3b3eec57bf05d1ca03c4dfb98db5384b StaticDependenciesID=3865fd74817ee9b68610a71bf519d364 
Number of updated asset objects reloaded before import = 0Number of asset objects unloaded after import = 3

========================================================================
Received Import Request.
  Time since last request: 0.000023 seconds.
  path: Assets/Sprites/Enemy_Explode_Sequence/EnemyTurnLeft0000_00123.png
  importAddress: Guid(eb44280d0a1054ef3af7b2851fd1fe16) Importer(2089858483,b0f066a214c2f5e87bad3c948f4d605d)
Start importing Assets/Sprites/Enemy_Explode_Sequence/EnemyTurnLeft0000_00123.png using Guid(eb44280d0a1054ef3af7b2851fd1fe16) Importer(2089858483,b0f066a214c2f5e87bad3c948f4d605d) (ScriptedImporter) -> (Import Result ID: '9b97fdb257399db8f8e51f0d280d2e37') in 0.0121445 seconds [static and dynamic dependencies]. Details - ImportResultOutputID=f82325dac7a8395e1a3c0fa665a18e9b DependenciesID=168d7522ffe33a207b72688a018b15ea StaticDependenciesID=956d92b667918902d10b52d05019d4ab 
Number of updated asset objects reloaded before import = 0Number of asset objects unloaded after import = 3

========================================================================
Received Import Request.
  Time since last request: 0.000017 seconds.
  path: Assets/Sprites/Enemy_Explode_Sequence/EnemyTurnLeft0000_00105.png
  importAddress: Guid(786d05a5be1e349c68d9ee58c9f9d865) Importer(2089858483,b0f066a214c2f5e87bad3c948f4d605d)
Start importing Assets/Sprites/Enemy_Explode_Sequence/EnemyTurnLeft0000_00105.png using Guid(786d05a5be1e349c68d9ee58c9f9d865) Importer(2089858483,b0f066a214c2f5e87bad3c948f4d605d) (ScriptedImporter) -> (Import Result ID: 'e981f44d49c84763bf63371a1925633a') in 0.0104114 seconds [static and dynamic dependencies]. Details - ImportResultOutputID=9e9576fee4f8f7fe6dae3a74b9b2606c DependenciesID=a3454c3ff80170022664bd336b3f071d StaticDependenciesID=c2eb7969f48715af08c709e7858c6583 
Number of updated asset objects reloaded before import = 0Number of asset objects unloaded after import = 3

========================================================================
Received Import Request.
  Time since last request: 0.000017 seconds.
  path: Assets/Sprites/Enemy_Explode_Sequence/EnemyTurnLeft0000_00147.png
  importAddress: Guid(563d3f5cdcb084b09ae82ae4b9d719bb) Importer(2089858483,b0f066a214c2f5e87bad3c948f4d605d)
Start importing Assets/Sprites/Enemy_Explode_Sequence/EnemyTurnLeft0000_00147.png using Guid(563d3f5cdcb084b09ae82ae4b9d719bb) Importer(2089858483,b0f066a214c2f5e87bad3c948f4d605d) (ScriptedImporter) -> (Import Result ID: 'c369e7d3d0ae95b4a5112c2e384a1c88') in 0.0121353 seconds [static and dynamic dependencies]. Details - ImportResultOutputID=971c19e41d4a3d6dd0624159399e8ba3 DependenciesID=e95c883bfc032f4d88250a5838733a64 StaticDependenciesID=476527da6d19b9b57a83f2e8dc2f03c7 
Number of updated asset objects reloaded before import = 0Number of asset objects unloaded after import = 3

========================================================================
Received Import Request.
  Time since last request: 0.000022 seconds.
  path: Assets/Sprites/Enemy_Explode_Sequence/EnemyTurnLeft0000_00102.png
  importAddress: Guid(d365eab4b4040481e8e8fcbb22555f4a) Importer(2089858483,b0f066a214c2f5e87bad3c948f4d605d)
Start importing Assets/Sprites/Enemy_Explode_Sequence/EnemyTurnLeft0000_00102.png using Guid(d365eab4b4040481e8e8fcbb22555f4a) Importer(2089858483,b0f066a214c2f5e87bad3c948f4d605d) (ScriptedImporter) -> (Import Result ID: '64a65d033fa111f047e534a8a118be95') in 0.0125067 seconds [static and dynamic dependencies]. Details - ImportResultOutputID=3297e7c74ac21550a5672ab77309e5c6 DependenciesID=fbdbe0df4669213e392c5bfdb8ec626d StaticDependenciesID=cff6f66c415585c502409a009f0ad3c3 
Number of updated asset objects reloaded before import = 0Number of asset objects unloaded after import = 3

========================================================================
Received Import Request.
  Time since last request: 0.000017 seconds.
  path: Assets/Sprites/Enemy_Explode_Sequence/EnemyTurnLeft0000_00071.png
  importAddress: Guid(2f5d425c73b7346deb66ad43bc36553c) Importer(2089858483,b0f066a214c2f5e87bad3c948f4d605d)
Start importing Assets/Sprites/Enemy_Explode_Sequence/EnemyTurnLeft0000_00071.png using Guid(2f5d425c73b7346deb66ad43bc36553c) Importer(2089858483,b0f066a214c2f5e87bad3c948f4d605d) (ScriptedImporter) -> (Import Result ID: '2bd8aa866c6a4f37b25de8679cb6722a') in 0.0123028 seconds [static and dynamic dependencies]. Details - ImportResultOutputID=1ffbbaf06d805537f1d26a25828ae183 DependenciesID=6748c7c42765ff4569f0e56c57dd9fe0 StaticDependenciesID=9a3072050110f2782906249424bfc173 
Number of updated asset objects reloaded before import = 0Number of asset objects unloaded after import = 3

========================================================================
Received Import Request.
  Time since last request: 0.000022 seconds.
  path: Assets/Sprites/Enemy_Explode_Sequence/EnemyTurnLeft0000_00095.png
  importAddress: Guid(5838e75ba802b46c1a9b6dad283a9cb0) Importer(2089858483,b0f066a214c2f5e87bad3c948f4d605d)
Start importing Assets/Sprites/Enemy_Explode_Sequence/EnemyTurnLeft0000_00095.png using Guid(5838e75ba802b46c1a9b6dad283a9cb0) Importer(2089858483,b0f066a214c2f5e87bad3c948f4d605d) (ScriptedImporter) -> (Import Result ID: '79bd33d2bfd45a09df88b731649c3e5c') in 0.0113155 seconds [static and dynamic dependencies]. Details - ImportResultOutputID=cd1f2f5d33ddb9bdccddfdd0afc66762 DependenciesID=35009b3b34a204a9457f32b694c51e95 StaticDependenciesID=99b0ac093f80b0e058fc62e5b738012f 
Number of updated asset objects reloaded before import = 0Number of asset objects unloaded after import = 3

========================================================================
Received Import Request.
  Time since last request: 0.724567 seconds.
  path: Assets/Sprites/Enemy_Explode_Sequence/EnemyTurnLeft0000_00152.png
  importAddress: Guid(9cbfa30af0595438aa7f3ed039ddf5dd) Importer(2089858483,b0f066a214c2f5e87bad3c948f4d605d)
Start importing Assets/Sprites/Enemy_Explode_Sequence/EnemyTurnLeft0000_00152.png using Guid(9cbfa30af0595438aa7f3ed039ddf5dd) Importer(2089858483,b0f066a214c2f5e87bad3c948f4d605d) (ScriptedImporter) -> (Import Result ID: 'f1e36503df2f0e1cb992c1347844f0b2') in 0.0123347 seconds [static and dynamic dependencies]. Details - ImportResultOutputID=0fdadd7e6d4e2bba071484100bf00b32 DependenciesID=35b814c84f2dfd66a981e288decdb29e StaticDependenciesID=38d3ea94b071719a539ac1fb5a11b8c5 
Number of updated asset objects reloaded before import = 0Number of asset objects unloaded after import = 3

========================================================================
Received Import Request.
  Time since last request: 0.000017 seconds.
  path: Assets/Sprites/Explosion/Explosion_00073.png
  importAddress: Guid(4b2cbc006500d462c9863be57d6dd82e) Importer(2089858483,b0f066a214c2f5e87bad3c948f4d605d)
Start importing Assets/Sprites/Explosion/Explosion_00073.png using Guid(4b2cbc006500d462c9863be57d6dd82e) Importer(2089858483,b0f066a214c2f5e87bad3c948f4d605d) (ScriptedImporter) -> (Import Result ID: '2e108f3b149eee56ca2d3a9003acf300') in 0.0120064 seconds [static and dynamic dependencies]. Details - ImportResultOutputID=5b9b29e46d4052d58f37b1568a5a9024 DependenciesID=b947e06ce0399e9f5b11edd98188303c StaticDependenciesID=848edd7cee80be0f8b2eb187e78edc33 
Number of updated asset objects reloaded before import = 0Number of asset objects unloaded after import = 3

========================================================================
Received Import Request.
  Time since last request: 0.000017 seconds.
  path: Assets/Sprites/Explosion/Explosion_00001.png
  importAddress: Guid(7ad7bebb4d0144f5787ea12207572d55) Importer(2089858483,b0f066a214c2f5e87bad3c948f4d605d)
Start importing Assets/Sprites/Explosion/Explosion_00001.png using Guid(7ad7bebb4d0144f5787ea12207572d55) Importer(2089858483,b0f066a214c2f5e87bad3c948f4d605d) (ScriptedImporter) -> (Import Result ID: '6a57119c0a5ebb8541e2b652027398e8') in 0.0114715 seconds [static and dynamic dependencies]. Details - ImportResultOutputID=55f45896213e81a2443fa87ea762ef02 DependenciesID=e3a145f0573d9c989df4ec679a257faa StaticDependenciesID=bf4fb058e41803f2e1b013acad614969 
Number of updated asset objects reloaded before import = 0Number of asset objects unloaded after import = 3

========================================================================
Received Import Request.
  Time since last request: 0.000016 seconds.
  path: Assets/Sprites/Explosion/Explosion_00091.png
  importAddress: Guid(4a8b888222c304b78a95bc2d572970be) Importer(2089858483,b0f066a214c2f5e87bad3c948f4d605d)
Start importing Assets/Sprites/Explosion/Explosion_00091.png using Guid(4a8b888222c304b78a95bc2d572970be) Importer(2089858483,b0f066a214c2f5e87bad3c948f4d605d) (ScriptedImporter) -> (Import Result ID: 'da708024d9263de3b23466774402c678') in 0.0117511 seconds [static and dynamic dependencies]. Details - ImportResultOutputID=76b7f6ecce462fa05fe29ddf93032ca5 DependenciesID=975c3b0441f981c2bf659fa5967eea54 StaticDependenciesID=6022e4bd8e927b249c8b20ed1970296f 
Number of updated asset objects reloaded before import = 0Number of asset objects unloaded after import = 3

========================================================================
Received Import Request.
  Time since last request: 0.000019 seconds.
  path: Assets/Sprites/Explosion/Explosion_00057.png
  importAddress: Guid(796d1df4edfc74ff0b3fe588d7d8250a) Importer(2089858483,b0f066a214c2f5e87bad3c948f4d605d)
Start importing Assets/Sprites/Explosion/Explosion_00057.png using Guid(796d1df4edfc74ff0b3fe588d7d8250a) Importer(2089858483,b0f066a214c2f5e87bad3c948f4d605d) (ScriptedImporter) -> (Import Result ID: 'ebcf4d396c24bf42001c0df9200415e5') in 0.0109579 seconds [static and dynamic dependencies]. Details - ImportResultOutputID=370b0ae307a1dd8f417100c01cf4883b DependenciesID=f1921e9e89be29466483564d933818d0 StaticDependenciesID=c71fc060d2ccc2943aa3e4872f7becc7 
Number of updated asset objects reloaded before import = 0Number of asset objects unloaded after import = 3

========================================================================
Received Import Request.
  Time since last request: 0.000014 seconds.
  path: Assets/Sprites/Explosion/Explosion_00112.png
  importAddress: Guid(53037eb2c6f4e44fcb16d285e1494c84) Importer(2089858483,b0f066a214c2f5e87bad3c948f4d605d)
Start importing Assets/Sprites/Explosion/Explosion_00112.png using Guid(53037eb2c6f4e44fcb16d285e1494c84) Importer(2089858483,b0f066a214c2f5e87bad3c948f4d605d) (ScriptedImporter) -> (Import Result ID: '3852232d9f0dcd14b93428446951e085') in 0.0111792 seconds [static and dynamic dependencies]. Details - ImportResultOutputID=9251bea28f7b3ff4661a8b89dc4c620b DependenciesID=4360ce769c4ce271d816c6d593189136 StaticDependenciesID=6202563ea73e8639aa01f77e4226002b 
Number of updated asset objects reloaded before import = 0Number of asset objects unloaded after import = 3

========================================================================
Received Import Request.
  Time since last request: 0.000019 seconds.
  path: Assets/Sprites/Explosion/Explosion_00070.png
  importAddress: Guid(d9d007d9f2af3463eb59e7a83b85a6c6) Importer(2089858483,b0f066a214c2f5e87bad3c948f4d605d)
Start importing Assets/Sprites/Explosion/Explosion_00070.png using Guid(d9d007d9f2af3463eb59e7a83b85a6c6) Importer(2089858483,b0f066a214c2f5e87bad3c948f4d605d) (ScriptedImporter) -> (Import Result ID: 'd651f60d3e3701c1730749e50dc9deea') in 0.011775 seconds [static and dynamic dependencies]. Details - ImportResultOutputID=7b7e7330cdb1c97e4de924a9f49f3950 DependenciesID=5daa015f3d1483072a328620020b69a4 StaticDependenciesID=488980bd98e43ad5fc2a596ab48226a0 
Number of updated asset objects reloaded before import = 0Number of asset objects unloaded after import = 3

========================================================================
Received Import Request.
  Time since last request: 0.000022 seconds.
  path: Assets/Sprites/Explosion/Explosion_00075.png
  importAddress: Guid(73caabe4594544780a1796143beabf3c) Importer(2089858483,b0f066a214c2f5e87bad3c948f4d605d)
Start importing Assets/Sprites/Explosion/Explosion_00075.png using Guid(73caabe4594544780a1796143beabf3c) Importer(2089858483,b0f066a214c2f5e87bad3c948f4d605d) (ScriptedImporter) -> (Import Result ID: '0a35f4d586115c2a3f0b90d2c5cd74d1') in 0.0121554 seconds [static and dynamic dependencies]. Details - ImportResultOutputID=5d47e1f695fc0615daa9c0412182df37 DependenciesID=34fd446a2690a37a004397c5bf055b4e StaticDependenciesID=541c14167e6e9ad8d5e07493e3fb3dcc 
Number of updated asset objects reloaded before import = 0Number of asset objects unloaded after import = 3

========================================================================
Received Import Request.
  Time since last request: 0.000027 seconds.
  path: Assets/Sprites/Explosion/Explosion_00050.png
  importAddress: Guid(f9a70c5295d714cb6afc58c24ccb35db) Importer(2089858483,b0f066a214c2f5e87bad3c948f4d605d)
Start importing Assets/Sprites/Explosion/Explosion_00050.png using Guid(f9a70c5295d714cb6afc58c24ccb35db) Importer(2089858483,b0f066a214c2f5e87bad3c948f4d605d) (ScriptedImporter) -> (Import Result ID: '7df4fa4ccea74bacdd1f22cf2a038e52') in 0.0110369 seconds [static and dynamic dependencies]. Details - ImportResultOutputID=508778e42b7e2144bc3f9d7828e0d24e DependenciesID=45e93e006a5f072df783fb6495881e5b StaticDependenciesID=824ed0ee5b695aa9d1f28f97fee05def 
Number of updated asset objects reloaded before import = 0Number of asset objects unloaded after import = 3

========================================================================
Received Import Request.
  Time since last request: 0.000025 seconds.
  path: Assets/Sprites/Explosion/Explosion_00005.png
  importAddress: Guid(f725332a62c60433ea73daa985ae5448) Importer(2089858483,b0f066a214c2f5e87bad3c948f4d605d)
Start importing Assets/Sprites/Explosion/Explosion_00005.png using Guid(f725332a62c60433ea73daa985ae5448) Importer(2089858483,b0f066a214c2f5e87bad3c948f4d605d) (ScriptedImporter) -> (Import Result ID: '9758d403b711ce6f0d4c6299d8d4a89d') in 0.0121554 seconds [static and dynamic dependencies]. Details - ImportResultOutputID=121685fef2ac533f03bd4b48ac393184 DependenciesID=cd285a14029baf0fdf85a256dd9ba209 StaticDependenciesID=5cd03f8cc9435fb5b3bdf88a7e5c3204 
Number of updated asset objects reloaded before import = 0Number of asset objects unloaded after import = 3

========================================================================
Received Import Request.
  Time since last request: 0.000018 seconds.
  path: Assets/Sprites/Explosion/Explosion_00089.png
  importAddress: Guid(50f99bed7f3c8404baacc3459efea49d) Importer(2089858483,b0f066a214c2f5e87bad3c948f4d605d)
Start importing Assets/Sprites/Explosion/Explosion_00089.png using Guid(50f99bed7f3c8404baacc3459efea49d) Importer(2089858483,b0f066a214c2f5e87bad3c948f4d605d) (ScriptedImporter) -> (Import Result ID: 'f8e7ee210b053e762ead107eb5ebcfe1') in 0.0147684 seconds [static and dynamic dependencies]. Details - ImportResultOutputID=058564256e0dbe4ddedaadeb1be531c9 DependenciesID=96b33c64eefd498d762e2abbd4d84d12 StaticDependenciesID=f4c84e555db7b46f4cb48c477e1ece4c 
Number of updated asset objects reloaded before import = 0Number of asset objects unloaded after import = 3

========================================================================
Received Import Request.
  Time since last request: 0.000024 seconds.
  path: Assets/Sprites/Explosion/Explosion_00055.png
  importAddress: Guid(dcad79d3609c74ffbad9eef1f8bd998e) Importer(2089858483,b0f066a214c2f5e87bad3c948f4d605d)
Start importing Assets/Sprites/Explosion/Explosion_00055.png using Guid(dcad79d3609c74ffbad9eef1f8bd998e) Importer(2089858483,b0f066a214c2f5e87bad3c948f4d605d) (ScriptedImporter) -> (Import Result ID: '0edc0175ef847d93e4bb7542208012ad') in 0.0120273 seconds [static and dynamic dependencies]. Details - ImportResultOutputID=3eeac8305fdc9c34ab2c55b2f5ae9668 DependenciesID=deb86cbe7f08c9d9decd807d27c8e4ae StaticDependenciesID=6223f5b968806ef127ca6e464fafa3b9 
Number of updated asset objects reloaded before import = 0Number of asset objects unloaded after import = 3

========================================================================
Received Import Request.
  Time since last request: 0.000015 seconds.
  path: Assets/Sprites/Explosion/Explosion_00060.png
  importAddress: Guid(6f0742280bb794baeb9d837f1d821011) Importer(2089858483,b0f066a214c2f5e87bad3c948f4d605d)
Start importing Assets/Sprites/Explosion/Explosion_00060.png using Guid(6f0742280bb794baeb9d837f1d821011) Importer(2089858483,b0f066a214c2f5e87bad3c948f4d605d) (ScriptedImporter) -> (Import Result ID: '68f28f274ef3187d34859b60552dcfe4') in 0.0111783 seconds [static and dynamic dependencies]. Details - ImportResultOutputID=15bac4318665cd39622f5ad8e58ab619 DependenciesID=9f5396f9b9894eb0209cd483dbff6cdb StaticDependenciesID=cbac8730e52b2f03ca4cb3d41b4285d4 
Number of updated asset objects reloaded before import = 0Number of asset objects unloaded after import = 3

========================================================================
Received Import Request.
  Time since last request: 0.000020 seconds.
  path: Assets/Sprites/Explosion/Explosion_00041.png
  importAddress: Guid(93193b36e4c8c42609c1572375516c54) Importer(2089858483,b0f066a214c2f5e87bad3c948f4d605d)
Start importing Assets/Sprites/Explosion/Explosion_00041.png using Guid(93193b36e4c8c42609c1572375516c54) Importer(2089858483,b0f066a214c2f5e87bad3c948f4d605d) (ScriptedImporter) -> (Import Result ID: 'aaf7e5a939252829c68585963a402c8a') in 0.0132984 seconds [static and dynamic dependencies]. Details - ImportResultOutputID=a793a621c23454d7501f5a283acb5f44 DependenciesID=6b08cf83347b61588491b32797e1e105 StaticDependenciesID=0ec2838b259a44dfcda0b334411db7a4 
Number of updated asset objects reloaded before import = 0Number of asset objects unloaded after import = 3

========================================================================
Received Import Request.
  Time since last request: 0.000018 seconds.
  path: Assets/Sprites/Explosion/Explosion_00086.png
  importAddress: Guid(c1166bfef73b54f91af5b7d609f1b5f1) Importer(2089858483,b0f066a214c2f5e87bad3c948f4d605d)
Start importing Assets/Sprites/Explosion/Explosion_00086.png using Guid(c1166bfef73b54f91af5b7d609f1b5f1) Importer(2089858483,b0f066a214c2f5e87bad3c948f4d605d) (ScriptedImporter) -> (Import Result ID: 'cf133e663541846d9db206a9bd0fcd6c') in 0.010699 seconds [static and dynamic dependencies]. Details - ImportResultOutputID=527afebbc7a5fb1b4750b9db31fda12c DependenciesID=fc0f03927f5d93e0c873ab0794125830 StaticDependenciesID=827444ffce91b7fd10261606f2266203 
Number of updated asset objects reloaded before import = 0Number of asset objects unloaded after import = 3

========================================================================
Received Import Request.
  Time since last request: 0.000018 seconds.
  path: Assets/Sprites/Explosion/Explosion_00024.png
  importAddress: Guid(cee3a33e0c0d24f7183d86e8472b95fa) Importer(2089858483,b0f066a214c2f5e87bad3c948f4d605d)
Start importing Assets/Sprites/Explosion/Explosion_00024.png using Guid(cee3a33e0c0d24f7183d86e8472b95fa) Importer(2089858483,b0f066a214c2f5e87bad3c948f4d605d) (ScriptedImporter) -> (Import Result ID: 'fb057dbf6040b8e620ec93e0b238f478') in 0.0123958 seconds [static and dynamic dependencies]. Details - ImportResultOutputID=5d43dff073914e34a1743bddfd8d9932 DependenciesID=8db1aaae0cc2b7067fe4959a0789a0b8 StaticDependenciesID=7f76182aac14e803190ef68bdd9b8d82 
Number of updated asset objects reloaded before import = 0Number of asset objects unloaded after import = 3

========================================================================
Received Import Request.
  Time since last request: 0.000019 seconds.
  path: Assets/Sprites/Explosion/Explosion_00008.png
  importAddress: Guid(3f731ce2300ab4785a1be2c1a4251054) Importer(2089858483,b0f066a214c2f5e87bad3c948f4d605d)
Start importing Assets/Sprites/Explosion/Explosion_00008.png using Guid(3f731ce2300ab4785a1be2c1a4251054) Importer(2089858483,b0f066a214c2f5e87bad3c948f4d605d) (ScriptedImporter) -> (Import Result ID: '37e34cfaef2a727adaf093d8002e171b') in 0.0115653 seconds [static and dynamic dependencies]. Details - ImportResultOutputID=cddbbc3a3664933249bd0a009b8532bf DependenciesID=f55b501980c2bae8eaa6ab7f74b0e5a0 StaticDependenciesID=e56ac1fd826daa76b3c54923dece5909 
Number of updated asset objects reloaded before import = 0Number of asset objects unloaded after import = 3

========================================================================
Received Import Request.
  Time since last request: 0.000022 seconds.
  path: Assets/Sprites/Explosion/Explosion_00061.png
  importAddress: Guid(b935cae89070d4dddb8c018e077e9148) Importer(2089858483,b0f066a214c2f5e87bad3c948f4d605d)
Start importing Assets/Sprites/Explosion/Explosion_00061.png using Guid(b935cae89070d4dddb8c018e077e9148) Importer(2089858483,b0f066a214c2f5e87bad3c948f4d605d) (ScriptedImporter) -> (Import Result ID: '114f70497b0d6d163e59f8409d47f079') in 0.0108465 seconds [static and dynamic dependencies]. Details - ImportResultOutputID=cbd2e6b33b10ceb9d716d961e369c52a DependenciesID=8f89bd495f9abbc066ed53fb0444f2c7 StaticDependenciesID=f0cb3ffc7bd274d185c0c7df51a7c253 
Number of updated asset objects reloaded before import = 0Number of asset objects unloaded after import = 3

========================================================================
Received Import Request.
  Time since last request: 0.000016 seconds.
  path: Assets/Sprites/Explosion/Explosion_00010.png
  importAddress: Guid(7f5a7561fb7104302b9c43f14dc5db21) Importer(2089858483,b0f066a214c2f5e87bad3c948f4d605d)
Start importing Assets/Sprites/Explosion/Explosion_00010.png using Guid(7f5a7561fb7104302b9c43f14dc5db21) Importer(2089858483,b0f066a214c2f5e87bad3c948f4d605d) (ScriptedImporter) -> (Import Result ID: '9b0f725e8537078193f4b571d71bb483') in 0.0115386 seconds [static and dynamic dependencies]. Details - ImportResultOutputID=a4a28c1071c42b92b65f41665d0265d6 DependenciesID=74465a63a5cb742c33bde3ad5490f7d3 StaticDependenciesID=650b8552a7a0e5c7c73ff4cc97ca04fd 
Number of updated asset objects reloaded before import = 0Number of asset objects unloaded after import = 3

========================================================================
Received Import Request.
  Time since last request: 0.000015 seconds.
  path: Assets/Sprites/Explosion/Explosion_00084.png
  importAddress: Guid(4e89deb3fd9ec423db678b5eeb9dad3b) Importer(2089858483,b0f066a214c2f5e87bad3c948f4d605d)
Start importing Assets/Sprites/Explosion/Explosion_00084.png using Guid(4e89deb3fd9ec423db678b5eeb9dad3b) Importer(2089858483,b0f066a214c2f5e87bad3c948f4d605d) (ScriptedImporter) -> (Import Result ID: 'ee5fc23cfe20a1f2b81e360e63ca56cb') in 0.011802 seconds [static and dynamic dependencies]. Details - ImportResultOutputID=63538ab20c79378fcb03bd130beb577b DependenciesID=06a4ed83ed419d7c49fd80547fa96426 StaticDependenciesID=720a928aa50fd98af900c72870ab28cd 
Number of updated asset objects reloaded before import = 0Number of asset objects unloaded after import = 3

========================================================================
Received Import Request.
  Time since last request: 0.000017 seconds.
  path: Assets/Sprites/Explosion/Explosion_00106.png
  importAddress: Guid(11e0fac58e59f402582d09518c0b7e56) Importer(2089858483,b0f066a214c2f5e87bad3c948f4d605d)
Start importing Assets/Sprites/Explosion/Explosion_00106.png using Guid(11e0fac58e59f402582d09518c0b7e56) Importer(2089858483,b0f066a214c2f5e87bad3c948f4d605d) (ScriptedImporter) -> (Import Result ID: '7d39519bdf329cf575d952710aa28625') in 0.0123524 seconds [static and dynamic dependencies]. Details - ImportResultOutputID=34c36e30e8f54e31b50b766523985d4d DependenciesID=40a452393927ae648e30d48c87132f0d StaticDependenciesID=57e87618b8d817e78c7ec6736a2b7a5d 
Number of updated asset objects reloaded before import = 0Number of asset objects unloaded after import = 3

========================================================================
Received Import Request.
  Time since last request: 0.000019 seconds.
  path: Assets/Sprites/Explosion/Explosion_00023.png
  importAddress: Guid(91196a906389c471f8593f534e66a4f2) Importer(2089858483,b0f066a214c2f5e87bad3c948f4d605d)
Start importing Assets/Sprites/Explosion/Explosion_00023.png using Guid(91196a906389c471f8593f534e66a4f2) Importer(2089858483,b0f066a214c2f5e87bad3c948f4d605d) (ScriptedImporter) -> (Import Result ID: 'fc9aa6ceaa4315395c635685b4314035') in 0.0131875 seconds [static and dynamic dependencies]. Details - ImportResultOutputID=f95b2667d3d92c3056a9b0ebf05abfd9 DependenciesID=b2593551abee22b489021fc97d5552f0 StaticDependenciesID=56cc4cfae6b7ef7af6a795de2e301080 
Number of updated asset objects reloaded before import = 0Number of asset objects unloaded after import = 3

========================================================================
Received Import Request.
  Time since last request: 0.000020 seconds.
  path: Assets/Sprites/Explosion/Explosion_00080.png
  importAddress: Guid(950ecadb647534011a6b8632a848776b) Importer(2089858483,b0f066a214c2f5e87bad3c948f4d605d)
Start importing Assets/Sprites/Explosion/Explosion_00080.png using Guid(950ecadb647534011a6b8632a848776b) Importer(2089858483,b0f066a214c2f5e87bad3c948f4d605d) (ScriptedImporter) -> (Import Result ID: 'ac145654d6b7fb4ffc9df8971a0660fb') in 0.0131076 seconds [static and dynamic dependencies]. Details - ImportResultOutputID=150a62cd7cc9dc8d5416d39ee626b05c DependenciesID=67783958438fadcb6a996741a1f2e201 StaticDependenciesID=46a703966cb5e7ebcf029bfe44d0ff45 
Number of updated asset objects reloaded before import = 0Number of asset objects unloaded after import = 3

========================================================================
Received Import Request.
  Time since last request: 0.000019 seconds.
  path: Assets/Sprites/Explosion/Explosion_00026.png
  importAddress: Guid(63fa5fad1d86d4b0891ea2e4a3feeb60) Importer(2089858483,b0f066a214c2f5e87bad3c948f4d605d)
Start importing Assets/Sprites/Explosion/Explosion_00026.png using Guid(63fa5fad1d86d4b0891ea2e4a3feeb60) Importer(2089858483,b0f066a214c2f5e87bad3c948f4d605d) (ScriptedImporter) -> (Import Result ID: 'f3cae44cddb703cf0af28e00f33e7a05') in 0.0119479 seconds [static and dynamic dependencies]. Details - ImportResultOutputID=3ebaad3dd7ea80692d168559f7c4050b DependenciesID=d60b4106a2d94e5404bd9cd124bdf5e9 StaticDependenciesID=a93685c931749a2b781f960345bc2f06 
Number of updated asset objects reloaded before import = 0Number of asset objects unloaded after import = 3

========================================================================
Received Import Request.
  Time since last request: 0.000021 seconds.
  path: Assets/Sprites/Explosion/Explosion_00040.png
  importAddress: Guid(b660efbdf97964f6496f64297db827bd) Importer(2089858483,b0f066a214c2f5e87bad3c948f4d605d)
Start importing Assets/Sprites/Explosion/Explosion_00040.png using Guid(b660efbdf97964f6496f64297db827bd) Importer(2089858483,b0f066a214c2f5e87bad3c948f4d605d) (ScriptedImporter) -> (Import Result ID: 'f712851087b62e2d067f210a2c55d2a4') in 0.0118817 seconds [static and dynamic dependencies]. Details - ImportResultOutputID=4ae47d11895fe99fda0fee1c6676deb9 DependenciesID=1ea7f1b5362f051cbfe8f5c9dab644ae StaticDependenciesID=3f1d778a17ea45794820430ca1ed60b7 
Number of updated asset objects reloaded before import = 0Number of asset objects unloaded after import = 3

========================================================================
Received Import Request.
  Time since last request: 0.000024 seconds.
  path: Assets/Sprites/Explosion/Explosion_00066.png
  importAddress: Guid(ae91804d7ad3d40de8d510df026adc4d) Importer(2089858483,b0f066a214c2f5e87bad3c948f4d605d)
Start importing Assets/Sprites/Explosion/Explosion_00066.png using Guid(ae91804d7ad3d40de8d510df026adc4d) Importer(2089858483,b0f066a214c2f5e87bad3c948f4d605d) (ScriptedImporter) -> (Import Result ID: '0ed8d17ced21befe9617e0ed54a97060') in 0.0120224 seconds [static and dynamic dependencies]. Details - ImportResultOutputID=bf4902cd7f299e9faff52839bcbe6d99 DependenciesID=266a5ad71067234f6ab0f7e42c53a87c StaticDependenciesID=7f6755fdd6b09779c5bfa6f87bde27ed 
Number of updated asset objects reloaded before import = 0Number of asset objects unloaded after import = 3

========================================================================
Received Import Request.
  Time since last request: 0.000022 seconds.
  path: Assets/Sprites/Explosion/Explosion_00007.png
  importAddress: Guid(3c7b96fb5e28645ff84feb04f135489a) Importer(2089858483,b0f066a214c2f5e87bad3c948f4d605d)
Start importing Assets/Sprites/Explosion/Explosion_00007.png using Guid(3c7b96fb5e28645ff84feb04f135489a) Importer(2089858483,b0f066a214c2f5e87bad3c948f4d605d) (ScriptedImporter) -> (Import Result ID: '8229c0505f6c826030b77609ae9da640') in 0.0111812 seconds [static and dynamic dependencies]. Details - ImportResultOutputID=8c9b2dce36cb7ed62868c2f6f3535860 DependenciesID=e2093f71c71c6986142efbaa94d55e95 StaticDependenciesID=b45d7e65f6263d9c66b3ca4ad7a57f72 
Number of updated asset objects reloaded before import = 0Number of asset objects unloaded after import = 3

========================================================================
Received Import Request.
  Time since last request: 0.000017 seconds.
  path: Assets/Sprites/Explosion/Explosion_00030.png
  importAddress: Guid(e899bf50f8a004016aca9245c33d0a50) Importer(2089858483,b0f066a214c2f5e87bad3c948f4d605d)
Start importing Assets/Sprites/Explosion/Explosion_00030.png using Guid(e899bf50f8a004016aca9245c33d0a50) Importer(2089858483,b0f066a214c2f5e87bad3c948f4d605d) (ScriptedImporter) -> (Import Result ID: 'd8d4000ad7adce12f644583ffed8a4be') in 0.0158975 seconds [static and dynamic dependencies]. Details - ImportResultOutputID=2e6fd7cb1f81467893373a5e24072c46 DependenciesID=2029ed96be0f8f2ff0595ef114d6a964 StaticDependenciesID=b090d4d69e7ec7d6fe0c4d35d1791be5 
Number of updated asset objects reloaded before import = 0Number of asset objects unloaded after import = 3

========================================================================
Received Import Request.
  Time since last request: 0.000020 seconds.
  path: Assets/Sprites/Explosion/Explosion_00139.png
  importAddress: Guid(b28655d34842b4fffbb045a2e859872e) Importer(2089858483,b0f066a214c2f5e87bad3c948f4d605d)
Start importing Assets/Sprites/Explosion/Explosion_00139.png using Guid(b28655d34842b4fffbb045a2e859872e) Importer(2089858483,b0f066a214c2f5e87bad3c948f4d605d) (ScriptedImporter) -> (Import Result ID: '53cba903bb97e18e5579ae439fa0932a') in 0.0104775 seconds [static and dynamic dependencies]. Details - ImportResultOutputID=08d69b5d273a28a207ae2feb0dd61a40 DependenciesID=38fc25976fda220003d3c9b6ae7d825d StaticDependenciesID=bb4d3403554d32958c3346ec17efd3ed 
Number of updated asset objects reloaded before import = 0Number of asset objects unloaded after import = 3

========================================================================
Received Import Request.
  Time since last request: 0.000024 seconds.
  path: Assets/Sprites/Explosion/Explosion_00088.png
  importAddress: Guid(47877e4eb42054f5f8d4784272e73728) Importer(2089858483,b0f066a214c2f5e87bad3c948f4d605d)
Start importing Assets/Sprites/Explosion/Explosion_00088.png using Guid(47877e4eb42054f5f8d4784272e73728) Importer(2089858483,b0f066a214c2f5e87bad3c948f4d605d) (ScriptedImporter) -> (Import Result ID: 'c461af9374e4d6616c1666a1de9731a2') in 0.0110362 seconds [static and dynamic dependencies]. Details - ImportResultOutputID=e4f21b775a9474651085690527c91765 DependenciesID=5f75d7588545192a08fe0d299e9dbe5c StaticDependenciesID=00985006ba861a5c22f9dfb654bcf347 
Number of updated asset objects reloaded before import = 0Number of asset objects unloaded after import = 3

========================================================================
Received Import Request.
  Time since last request: 0.000016 seconds.
  path: Assets/Sprites/Explosion/Explosion_00068.png
  importAddress: Guid(9a9ea14cca8d848faa91e6d2c8c049e7) Importer(2089858483,b0f066a214c2f5e87bad3c948f4d605d)
Start importing Assets/Sprites/Explosion/Explosion_00068.png using Guid(9a9ea14cca8d848faa91e6d2c8c049e7) Importer(2089858483,b0f066a214c2f5e87bad3c948f4d605d) (ScriptedImporter) -> (Import Result ID: '0dba1aa721637548d4f375e33a9e3b28') in 0.0102761 seconds [static and dynamic dependencies]. Details - ImportResultOutputID=878039e59053faf83992fadab647d94a DependenciesID=ffe29000657a63bd0891a2085c8401c0 StaticDependenciesID=c35b01d21b907f7cf382c3bab9e8def0 
Number of updated asset objects reloaded before import = 0Number of asset objects unloaded after import = 3

========================================================================
Received Import Request.
  Time since last request: 0.000016 seconds.
  path: Assets/Sprites/Explosion/Explosion_00037.png
  importAddress: Guid(78abec5866bd848ef811a229b8b2fa76) Importer(2089858483,b0f066a214c2f5e87bad3c948f4d605d)
Start importing Assets/Sprites/Explosion/Explosion_00037.png using Guid(78abec5866bd848ef811a229b8b2fa76) Importer(2089858483,b0f066a214c2f5e87bad3c948f4d605d) (ScriptedImporter) -> (Import Result ID: 'ca26ffc2cb3b52bafda2afe9044ec4d5') in 0.0108271 seconds [static and dynamic dependencies]. Details - ImportResultOutputID=5c1f5b80898be09a7739246fbda26fd9 DependenciesID=e1af4f0e90a9c9a4c670fa156905dd2e StaticDependenciesID=75f77232e3ecd2f9814e9c918d3a688a 
Number of updated asset objects reloaded before import = 0Number of asset objects unloaded after import = 3

========================================================================
Received Import Request.
  Time since last request: 0.000068 seconds.
  path: Assets/Sprites/Explosion/Explosion_00097.png
  importAddress: Guid(8047be65cf8fd4ed598297afc737f852) Importer(2089858483,b0f066a214c2f5e87bad3c948f4d605d)
Start importing Assets/Sprites/Explosion/Explosion_00097.png using Guid(8047be65cf8fd4ed598297afc737f852) Importer(2089858483,b0f066a214c2f5e87bad3c948f4d605d) (ScriptedImporter) -> (Import Result ID: '9990f6eebe51910e812cd7559ea83287') in 0.0114315 seconds [static and dynamic dependencies]. Details - ImportResultOutputID=deb87eb6fb7f39ae3cbd4d03de076e19 DependenciesID=24e1529ddf6068d7a4c62abdced152aa StaticDependenciesID=7c3a707cbecee73a0db4b530105ae9d3 
Number of updated asset objects reloaded before import = 0Number of asset objects unloaded after import = 3

========================================================================
Received Import Request.
  Time since last request: 0.000019 seconds.
  path: Assets/Sprites/Explosion/Explosion_00035.png
  importAddress: Guid(1ee9cc02707fb4224a9c275dab761821) Importer(2089858483,b0f066a214c2f5e87bad3c948f4d605d)
Start importing Assets/Sprites/Explosion/Explosion_00035.png using Guid(1ee9cc02707fb4224a9c275dab761821) Importer(2089858483,b0f066a214c2f5e87bad3c948f4d605d) (ScriptedImporter) -> (Import Result ID: '41a491ebcc8370eff7a0a1c7225a30a8') in 0.0117419 seconds [static and dynamic dependencies]. Details - ImportResultOutputID=4dcefcb4be581fcccefd2fce48424b7a DependenciesID=7bc4c03f9ba08b729b80e68e6495986d StaticDependenciesID=10783adff91ff4cb52db695d3e7c8f80 
Number of updated asset objects reloaded before import = 0Number of asset objects unloaded after import = 3

========================================================================
Received Import Request.
  Time since last request: 0.000015 seconds.
  path: Assets/Sprites/Explosion/Explosion_00133.png
  importAddress: Guid(a723a29b4b73942c4b3971669e886593) Importer(2089858483,b0f066a214c2f5e87bad3c948f4d605d)
Start importing Assets/Sprites/Explosion/Explosion_00133.png using Guid(a723a29b4b73942c4b3971669e886593) Importer(2089858483,b0f066a214c2f5e87bad3c948f4d605d) (ScriptedImporter) -> (Import Result ID: '6d6882b3ef2ccacb5684d4a3b167a3a8') in 0.0112016 seconds [static and dynamic dependencies]. Details - ImportResultOutputID=d438b076a9ec807a27fe243c492d7b5c DependenciesID=3c24fc9ca32e0c10e41e84b04af66caf StaticDependenciesID=f05f5c68623b694a80f678761b20cf31 
Number of updated asset objects reloaded before import = 0Number of asset objects unloaded after import = 3

========================================================================
Received Import Request.
  Time since last request: 0.000019 seconds.
  path: Assets/Sprites/Explosion/Explosion_00124.png
  importAddress: Guid(47352f872e40b44d4ac675de934a583b) Importer(2089858483,b0f066a214c2f5e87bad3c948f4d605d)
Start importing Assets/Sprites/Explosion/Explosion_00124.png using Guid(47352f872e40b44d4ac675de934a583b) Importer(2089858483,b0f066a214c2f5e87bad3c948f4d605d) (ScriptedImporter) -> (Import Result ID: '06dcc4f66bb7fb5273b0e8ea0851049c') in 0.0130723 seconds [static and dynamic dependencies]. Details - ImportResultOutputID=bc59a25cd008e98cc7cf9620b9f9a47f DependenciesID=f9a6633f292a1eb6322fef3917f617be StaticDependenciesID=9c621ff7996fe72f1c067ac6186b014b 
Number of updated asset objects reloaded before import = 0Number of asset objects unloaded after import = 3

========================================================================
Received Import Request.
  Time since last request: 0.000019 seconds.
  path: Assets/Sprites/Explosion/Explosion_00042.png
  importAddress: Guid(e9a04f6310f2b46548307c3f6c9d969c) Importer(2089858483,b0f066a214c2f5e87bad3c948f4d605d)
Start importing Assets/Sprites/Explosion/Explosion_00042.png using Guid(e9a04f6310f2b46548307c3f6c9d969c) Importer(2089858483,b0f066a214c2f5e87bad3c948f4d605d) (ScriptedImporter) -> (Import Result ID: '2ff9d356eef12c7b915f06704b31548c') in 0.012342 seconds [static and dynamic dependencies]. Details - ImportResultOutputID=cbe7d6723b092e0e4b95e9877bcd4e70 DependenciesID=ca479a8eb0a4163e050999be72b28944 StaticDependenciesID=c3323011b3793947630a92391dc117b2 
Number of updated asset objects reloaded before import = 0Number of asset objects unloaded after import = 3

========================================================================
Received Import Request.
  Time since last request: 0.000018 seconds.
  path: Assets/Sprites/Explosion/Explosion_00123.png
  importAddress: Guid(9bba6c462b8a244b686490602f71c297) Importer(2089858483,b0f066a214c2f5e87bad3c948f4d605d)
Start importing Assets/Sprites/Explosion/Explosion_00123.png using Guid(9bba6c462b8a244b686490602f71c297) Importer(2089858483,b0f066a214c2f5e87bad3c948f4d605d) (ScriptedImporter) -> (Import Result ID: 'e4cda6e159a8acda4148c25d5ef2af17') in 0.0105857 seconds [static and dynamic dependencies]. Details - ImportResultOutputID=a471443374aca0a65b590588ce1e2ce8 DependenciesID=33122384aa391aa73800187ffc42c760 StaticDependenciesID=9abcdc76f5a3e7c945c7973b56371100 
Number of updated asset objects reloaded before import = 0Number of asset objects unloaded after import = 3

========================================================================
Received Import Request.
  Time since last request: 0.461192 seconds.
  path: Assets/Sprites/Explosion/Explosion_00143.png
  importAddress: Guid(b2185a6e9684145cfaddb935abed604e) Importer(2089858483,b0f066a214c2f5e87bad3c948f4d605d)
Start importing Assets/Sprites/Explosion/Explosion_00143.png using Guid(b2185a6e9684145cfaddb935abed604e) Importer(2089858483,b0f066a214c2f5e87bad3c948f4d605d) (ScriptedImporter) -> (Import Result ID: 'a6bc8f4be299388c9086e41078d12d9f') in 0.0122707 seconds [static and dynamic dependencies]. Details - ImportResultOutputID=48568bc597ac3951e9364e1a07330d1f DependenciesID=692d96a936a02ad23fac2303c30ade63 StaticDependenciesID=5f2786647c13cdfa759dcb7db14a2b00 
Number of updated asset objects reloaded before import = 0Number of asset objects unloaded after import = 3

========================================================================
Received Import Request.
  Time since last request: 0.000018 seconds.
  path: Assets/Sprites/Player_Shield/Shields_00015.png
  importAddress: Guid(562e97a09d273471d8c6e9e7f9eb2143) Importer(2089858483,b0f066a214c2f5e87bad3c948f4d605d)
Start importing Assets/Sprites/Player_Shield/Shields_00015.png using Guid(562e97a09d273471d8c6e9e7f9eb2143) Importer(2089858483,b0f066a214c2f5e87bad3c948f4d605d) (ScriptedImporter) -> (Import Result ID: 'b8d4368799e4353d07284420e73d620f') in 0.0121694 seconds [static and dynamic dependencies]. Details - ImportResultOutputID=33aebbcae7d96ad4e22f66ed049e915f DependenciesID=732f936a33a46d08db422d5fcdda8a7b StaticDependenciesID=cc5ff813ebf76b388e05ace9af09e896 
Number of updated asset objects reloaded before import = 0Number of asset objects unloaded after import = 3

========================================================================
Received Import Request.
  Time since last request: 0.000015 seconds.
  path: Assets/Sprites/Player_Hurt/Fire_00024.png
  importAddress: Guid(e8e2896cc975648b7adf47a617864e2c) Importer(2089858483,b0f066a214c2f5e87bad3c948f4d605d)
Start importing Assets/Sprites/Player_Hurt/Fire_00024.png using Guid(e8e2896cc975648b7adf47a617864e2c) Importer(2089858483,b0f066a214c2f5e87bad3c948f4d605d) (ScriptedImporter) -> (Import Result ID: 'f44c123085c03b0f00aecdd8c19fba55') in 0.0127311 seconds [static and dynamic dependencies]. Details - ImportResultOutputID=3eafdfed8153bc6dfa9fcbcf455741d9 DependenciesID=e0bbb067dda779c9313cbbf8ada55045 StaticDependenciesID=19f0df40447cbcba1e97f505dc01119c 
Number of updated asset objects reloaded before import = 0Number of asset objects unloaded after import = 3

========================================================================
Received Import Request.
  Time since last request: 0.000020 seconds.
  path: Assets/Sprites/Player_Hurt/Fire_00000.png
  importAddress: Guid(371fa23a16c2b470dbbdf50d24a9c247) Importer(2089858483,b0f066a214c2f5e87bad3c948f4d605d)
Start importing Assets/Sprites/Player_Hurt/Fire_00000.png using Guid(371fa23a16c2b470dbbdf50d24a9c247) Importer(2089858483,b0f066a214c2f5e87bad3c948f4d605d) (ScriptedImporter) -> (Import Result ID: '0ba2d755bc11175de80377a47700b526') in 0.0099597 seconds [static and dynamic dependencies]. Details - ImportResultOutputID=7b5fc74d8b5d3094a73cca2fca0e372d DependenciesID=8d68e7600ea1704aa475be5785b1aef1 StaticDependenciesID=b2c7113e46cf7c44746f18ef572d2721 
Number of updated asset objects reloaded before import = 0Number of asset objects unloaded after import = 3

========================================================================
Received Import Request.
  Time since last request: 0.000017 seconds.
  path: Assets/Sprites/Player_Hurt/Fire_00023.png
  importAddress: Guid(85f8eff109860470380608e2e9ab2455) Importer(2089858483,b0f066a214c2f5e87bad3c948f4d605d)
Start importing Assets/Sprites/Player_Hurt/Fire_00023.png using Guid(85f8eff109860470380608e2e9ab2455) Importer(2089858483,b0f066a214c2f5e87bad3c948f4d605d) (ScriptedImporter) -> (Import Result ID: '2a1dd27290179169000c0b18feaccf5d') in 0.0110348 seconds [static and dynamic dependencies]. Details - ImportResultOutputID=bdf22718c7729530e8cd279ae08c76a6 DependenciesID=3c7648293f729e3bca5bf7fc4ff4309b StaticDependenciesID=88c2ec9ecfe8a9de0e1b607fc93c62fd 
Number of updated asset objects reloaded before import = 0Number of asset objects unloaded after import = 3

========================================================================
Received Import Request.
  Time since last request: 0.000015 seconds.
  path: Assets/Sprites/Player_Hurt/Fire_00002.png
  importAddress: Guid(65658a241f9eb44868d1dd25fbe45567) Importer(2089858483,b0f066a214c2f5e87bad3c948f4d605d)
Start importing Assets/Sprites/Player_Hurt/Fire_00002.png using Guid(65658a241f9eb44868d1dd25fbe45567) Importer(2089858483,b0f066a214c2f5e87bad3c948f4d605d) (ScriptedImporter) -> (Import Result ID: 'c801a3ebab6547978523092cd639cedf') in 0.0112848 seconds [static and dynamic dependencies]. Details - ImportResultOutputID=77fffdd176de497530f1c6295b474404 DependenciesID=2a616937a4f18bfc553e36a631aaa4fe StaticDependenciesID=d175128b33ea99dd5c0bafc3566092fc 
Number of updated asset objects reloaded before import = 0Number of asset objects unloaded after import = 3

========================================================================
Received Import Request.
  Time since last request: 0.000018 seconds.
  path: Assets/Sprites/Player_Hurt/Fire_00007.png
  importAddress: Guid(b37409cf2b45a4d51ab5b6dbe749dfb5) Importer(2089858483,b0f066a214c2f5e87bad3c948f4d605d)
Start importing Assets/Sprites/Player_Hurt/Fire_00007.png using Guid(b37409cf2b45a4d51ab5b6dbe749dfb5) Importer(2089858483,b0f066a214c2f5e87bad3c948f4d605d) (ScriptedImporter) -> (Import Result ID: 'be24b6fd68d5a11b7fa46e4c1fcd7a58') in 0.0107552 seconds [static and dynamic dependencies]. Details - ImportResultOutputID=c5245e69ed08615cbba45e50d271dd51 DependenciesID=5920fc320aafbee80faffef788976a20 StaticDependenciesID=191539b673626b7239e7be39a41d02ba 
Number of updated asset objects reloaded before import = 0Number of asset objects unloaded after import = 3

========================================================================
Received Import Request.
  Time since last request: 0.000018 seconds.
  path: Assets/Sprites/Explosion/Explosion_00146.png
  importAddress: Guid(9f5baae5bc65c493aad490c91754942f) Importer(2089858483,b0f066a214c2f5e87bad3c948f4d605d)
Start importing Assets/Sprites/Explosion/Explosion_00146.png using Guid(9f5baae5bc65c493aad490c91754942f) Importer(2089858483,b0f066a214c2f5e87bad3c948f4d605d) (ScriptedImporter) -> (Import Result ID: '6a995d7bbe6307abe7624c6be0912e32') in 0.0098198 seconds [static and dynamic dependencies]. Details - ImportResultOutputID=1e85657df0f5e771b11f1f4b8ab10862 DependenciesID=0016b077a374e3afa747b78122bc6c87 StaticDependenciesID=e8b2d7856c8e4c8b400d844350bd01b0 
Number of updated asset objects reloaded before import = 0Number of asset objects unloaded after import = 3

========================================================================
Received Import Request.
  Time since last request: 0.000020 seconds.
  path: Assets/Sprites/Player_Shield/Shields_00004.png
  importAddress: Guid(fd5a2d175736b42c6b5dcab90172ceb1) Importer(2089858483,b0f066a214c2f5e87bad3c948f4d605d)
Start importing Assets/Sprites/Player_Shield/Shields_00004.png using Guid(fd5a2d175736b42c6b5dcab90172ceb1) Importer(2089858483,b0f066a214c2f5e87bad3c948f4d605d) (ScriptedImporter) -> (Import Result ID: '4df88f188c5c61abb1a344d7e490f8f7') in 0.0118017 seconds [static and dynamic dependencies]. Details - ImportResultOutputID=be99eca5563288243c61d3f72a1b86d8 DependenciesID=100a271e324e521737816949b7818f05 StaticDependenciesID=c9eb1bd8b934ecf861fd26d0b6c18694 
Number of updated asset objects reloaded before import = 0Number of asset objects unloaded after import = 3

========================================================================
Received Import Request.
  Time since last request: 0.000016 seconds.
  path: Assets/Sprites/Player_Shield/Shields_00013.png
  importAddress: Guid(af42f47c843f240ebb2447ea18ed910c) Importer(2089858483,b0f066a214c2f5e87bad3c948f4d605d)
Start importing Assets/Sprites/Player_Shield/Shields_00013.png using Guid(af42f47c843f240ebb2447ea18ed910c) Importer(2089858483,b0f066a214c2f5e87bad3c948f4d605d) (ScriptedImporter) -> (Import Result ID: '79a849ef08a56321939c60e50858efe4') in 0.0115572 seconds [static and dynamic dependencies]. Details - ImportResultOutputID=97e7d183a98da6e5ddf6388d40cb502f DependenciesID=182318d5080ceace577a6f8ab4f13dc4 StaticDependenciesID=43f1f6f8d99e8fe1ee86a3f0daef1783 
Number of updated asset objects reloaded before import = 0Number of asset objects unloaded after import = 3

========================================================================
Received Import Request.
  Time since last request: 0.000022 seconds.
  path: Assets/Sprites/Player_Turn_Left/Player Turn Left0001.png
  importAddress: Guid(9284343f055144054b5d7f5a72d1dbb1) Importer(2089858483,b0f066a214c2f5e87bad3c948f4d605d)
Start importing Assets/Sprites/Player_Turn_Left/Player Turn Left0001.png using Guid(9284343f055144054b5d7f5a72d1dbb1) Importer(2089858483,b0f066a214c2f5e87bad3c948f4d605d) (ScriptedImporter) -> (Import Result ID: 'a362f036f48b694505fa3a29383d387a') in 0.0113938 seconds [static and dynamic dependencies]. Details - ImportResultOutputID=1eba752fbbfe69b9da25cd49a2fa19b9 DependenciesID=5cb5b60c6c531d910c0bf4737d9eb14d StaticDependenciesID=e00df25b107b59b2dfa5fc9eebae6387 
Number of updated asset objects reloaded before import = 0Number of asset objects unloaded after import = 3

========================================================================
Received Import Request.
  Time since last request: 0.000021 seconds.
  path: Assets/Sprites/Thruster/Thruster_00008.png
  importAddress: Guid(77b45aa57bb8644d294034eead38844e) Importer(2089858483,b0f066a214c2f5e87bad3c948f4d605d)
Start importing Assets/Sprites/Thruster/Thruster_00008.png using Guid(77b45aa57bb8644d294034eead38844e) Importer(2089858483,b0f066a214c2f5e87bad3c948f4d605d) (ScriptedImporter) -> (Import Result ID: 'c7a7dcf3afe56e3d2e5e520cb1988fae') in 0.0117772 seconds [static and dynamic dependencies]. Details - ImportResultOutputID=8e3a9fbc47482dc097621e186275adc1 DependenciesID=5f87366b6101b89d0b357a1ca96f7234 StaticDependenciesID=1b3de71672333372f672ff6d92c8c821 
Number of updated asset objects reloaded before import = 0Number of asset objects unloaded after import = 3

========================================================================
Received Import Request.
  Time since last request: 0.000017 seconds.
  path: Assets/Sprites/Player_Hurt/Fire_00031.png
  importAddress: Guid(fe043de436dc54045aa0e28dfa8c7b3b) Importer(2089858483,b0f066a214c2f5e87bad3c948f4d605d)
Start importing Assets/Sprites/Player_Hurt/Fire_00031.png using Guid(fe043de436dc54045aa0e28dfa8c7b3b) Importer(2089858483,b0f066a214c2f5e87bad3c948f4d605d) (ScriptedImporter) -> (Import Result ID: 'fb8a1b752def2170e1071bbc445e7353') in 0.012269 seconds [static and dynamic dependencies]. Details - ImportResultOutputID=980e33d46d4753acd5760290c10fe38d DependenciesID=e186dee42069e69f6bdc702826683d8d StaticDependenciesID=20b198d578e5babc6ecb5b1df888b8ca 
Number of updated asset objects reloaded before import = 0Number of asset objects unloaded after import = 3

========================================================================
Received Import Request.
  Time since last request: 0.000017 seconds.
  path: Assets/Sprites/Player_Hurt/Fire_00016.png
  importAddress: Guid(722a3c01e00aa43119d64afdf55c050a) Importer(2089858483,b0f066a214c2f5e87bad3c948f4d605d)
Start importing Assets/Sprites/Player_Hurt/Fire_00016.png using Guid(722a3c01e00aa43119d64afdf55c050a) Importer(2089858483,b0f066a214c2f5e87bad3c948f4d605d) (ScriptedImporter) -> (Import Result ID: '149cb34d1105bcff69a0dc4a4c9979f2') in 0.0160918 seconds [static and dynamic dependencies]. Details - ImportResultOutputID=a65a8015947fa0460c2ce438243b70b5 DependenciesID=6ee075d56695031ff608eb920d074ec3 StaticDependenciesID=5d2ea4b2fdee6c271d1e9d2ae376b8e9 
Number of updated asset objects reloaded before import = 0Number of asset objects unloaded after import = 3

========================================================================
Received Import Request.
  Time since last request: 0.000022 seconds.
  path: Assets/Sprites/Player_Turn_Left/Player Turn Left0004.png
  importAddress: Guid(053a77bc50ed441899c0d5a4bf34cb74) Importer(2089858483,b0f066a214c2f5e87bad3c948f4d605d)
Start importing Assets/Sprites/Player_Turn_Left/Player Turn Left0004.png using Guid(053a77bc50ed441899c0d5a4bf34cb74) Importer(2089858483,b0f066a214c2f5e87bad3c948f4d605d) (ScriptedImporter) -> (Import Result ID: '867ef088ca5535769d889578cbf20dfd') in 0.0123178 seconds [static and dynamic dependencies]. Details - ImportResultOutputID=91eb93e4c2b97faf798cd75e2da4d7f0 DependenciesID=84691f542785226186112b5e5bff5010 StaticDependenciesID=f64684379ccf522f1fbb207bc6d293b0 
Number of updated asset objects reloaded before import = 0Number of asset objects unloaded after import = 3

========================================================================
Received Import Request.
  Time since last request: 0.000022 seconds.
  path: Assets/Sprites/Thruster/Thruster_00011.png
  importAddress: Guid(c10f06b274a164bbb8316cd6555e1803) Importer(2089858483,b0f066a214c2f5e87bad3c948f4d605d)
Start importing Assets/Sprites/Thruster/Thruster_00011.png using Guid(c10f06b274a164bbb8316cd6555e1803) Importer(2089858483,b0f066a214c2f5e87bad3c948f4d605d) (ScriptedImporter) -> (Import Result ID: 'bb283cf9a70d86e669960dfc08dd0e80') in 0.0102078 seconds [static and dynamic dependencies]. Details - ImportResultOutputID=98a372546c4b6e3e5da47a58b35556fe DependenciesID=60be9b676b85071e269ee37f25f10fb0 StaticDependenciesID=7b26337370ded189bf96fda956e2c3d3 
Number of updated asset objects reloaded before import = 0Number of asset objects unloaded after import = 3

========================================================================
Received Import Request.
  Time since last request: 0.000017 seconds.
  path: Assets/Sprites/Player_Hurt/Fire_00041.png
  importAddress: Guid(202c49498b8ac45f49821c6b4e6af44e) Importer(2089858483,b0f066a214c2f5e87bad3c948f4d605d)
Start importing Assets/Sprites/Player_Hurt/Fire_00041.png using Guid(202c49498b8ac45f49821c6b4e6af44e) Importer(2089858483,b0f066a214c2f5e87bad3c948f4d605d) (ScriptedImporter) -> (Import Result ID: '16aaf9056ae5288e59084aba563a8e1d') in 0.0132045 seconds [static and dynamic dependencies]. Details - ImportResultOutputID=bd6d0ce92693f8de3142328c2b306629 DependenciesID=498be14b556d9f470aa59b95df3ad533 StaticDependenciesID=716c50dd2c6129a6d1a264cac38d2837 
Number of updated asset objects reloaded before import = 0Number of asset objects unloaded after import = 3

========================================================================
Received Import Request.
  Time since last request: 0.000019 seconds.
  path: Assets/Sprites/Player_Hurt/Fire_00049.png
  importAddress: Guid(83d054dcc582b4d6eb36b4ed9bad218c) Importer(2089858483,b0f066a214c2f5e87bad3c948f4d605d)
Start importing Assets/Sprites/Player_Hurt/Fire_00049.png using Guid(83d054dcc582b4d6eb36b4ed9bad218c) Importer(2089858483,b0f066a214c2f5e87bad3c948f4d605d) (ScriptedImporter) -> (Import Result ID: '038c576521b17ea19b612eb433c350af') in 0.0115369 seconds [static and dynamic dependencies]. Details - ImportResultOutputID=e1464a3c0449c43124a7b27dcd75695d DependenciesID=5777f648efd4aa484e8cbe82f964e788 StaticDependenciesID=6503a40af0fcc1879b795582a4cfc281 
Number of updated asset objects reloaded before import = 0Number of asset objects unloaded after import = 3

========================================================================
Received Import Request.
  Time since last request: 0.000016 seconds.
  path: Assets/Sprites/Thruster/Thruster_00010.png
  importAddress: Guid(fad9cbeb1f3cd4ceca8fb7e82249f82f) Importer(2089858483,b0f066a214c2f5e87bad3c948f4d605d)
Start importing Assets/Sprites/Thruster/Thruster_00010.png using Guid(fad9cbeb1f3cd4ceca8fb7e82249f82f) Importer(2089858483,b0f066a214c2f5e87bad3c948f4d605d) (ScriptedImporter) -> (Import Result ID: '362105dda8d5c48c18b66108a1225e32') in 0.0116691 seconds [static and dynamic dependencies]. Details - ImportResultOutputID=82d63fb4ca9fd5096327046b466c9056 DependenciesID=a8c89066fc897a0611350a93c58adbdc StaticDependenciesID=27072ddca9e8fe9942d11481810e59c3 
Number of updated asset objects reloaded before import = 0Number of asset objects unloaded after import = 3

========================================================================
Received Import Request.
  Time since last request: 0.000018 seconds.
  path: Assets/Sprites/Thruster/Thruster_00007.png
  importAddress: Guid(f5578adaef9d34a9bab586db8a9188bd) Importer(2089858483,b0f066a214c2f5e87bad3c948f4d605d)
Start importing Assets/Sprites/Thruster/Thruster_00007.png using Guid(f5578adaef9d34a9bab586db8a9188bd) Importer(2089858483,b0f066a214c2f5e87bad3c948f4d605d) (ScriptedImporter) -> (Import Result ID: 'ff151d349af446b4b4c8591004b01011') in 0.0111066 seconds [static and dynamic dependencies]. Details - ImportResultOutputID=ca335958641891e5229a18e4fa7a88dc DependenciesID=4d40d78312ddf34604680a7cb1ef7a33 StaticDependenciesID=ac80901c379ec1ed6d2cfad22d132927 
Number of updated asset objects reloaded before import = 0Number of asset objects unloaded after import = 3

========================================================================
Received Import Request.
  Time since last request: 0.000015 seconds.
  path: Assets/Sprites/Player_Hurt/Fire_00020.png
  importAddress: Guid(c3baf7f072a6e4a31b5c6885a925689f) Importer(2089858483,b0f066a214c2f5e87bad3c948f4d605d)
Start importing Assets/Sprites/Player_Hurt/Fire_00020.png using Guid(c3baf7f072a6e4a31b5c6885a925689f) Importer(2089858483,b0f066a214c2f5e87bad3c948f4d605d) (ScriptedImporter) -> (Import Result ID: 'd18e31dfd2495da8b0ff54aa98cbef51') in 0.0109353 seconds [static and dynamic dependencies]. Details - ImportResultOutputID=fa59be41c87e92f19ddefe573ebc04d4 DependenciesID=dd9bf996ed38ecaf65aa089beaa7903c StaticDependenciesID=c1f15666f1dab533a5c0815bff9b387c 
Number of updated asset objects reloaded before import = 0Number of asset objects unloaded after import = 3

========================================================================
Received Import Request.
  Time since last request: 0.000019 seconds.
  path: Assets/Sprites/Thruster/Thruster_00015.png
  importAddress: Guid(34f0ba354cf444e7b8901d28cbfb869b) Importer(2089858483,b0f066a214c2f5e87bad3c948f4d605d)
Start importing Assets/Sprites/Thruster/Thruster_00015.png using Guid(34f0ba354cf444e7b8901d28cbfb869b) Importer(2089858483,b0f066a214c2f5e87bad3c948f4d605d) (ScriptedImporter) -> (Import Result ID: 'c447710b54b2b54c88b687bd0c39d12f') in 0.0115718 seconds [static and dynamic dependencies]. Details - ImportResultOutputID=29368f2577b49d9d710a0cf1619f6302 DependenciesID=4129ba2dcfc43e453f4bf0f5906bd466 StaticDependenciesID=a8fbaa3f449589f95799900f9bb2f174 
Number of updated asset objects reloaded before import = 0Number of asset objects unloaded after import = 3

========================================================================
Received Import Request.
  Time since last request: 0.000020 seconds.
  path: Assets/Sprites/Player_Hurt/Fire_00039.png
  importAddress: Guid(952813c5180e94f4b88216986b694abc) Importer(2089858483,b0f066a214c2f5e87bad3c948f4d605d)
Start importing Assets/Sprites/Player_Hurt/Fire_00039.png using Guid(952813c5180e94f4b88216986b694abc) Importer(2089858483,b0f066a214c2f5e87bad3c948f4d605d) (ScriptedImporter) -> (Import Result ID: '6f5364ba1a042034361bd049e49c9ec9') in 0.0114478 seconds [static and dynamic dependencies]. Details - ImportResultOutputID=060a9c38b0b933f218fea1a41e3bc64d DependenciesID=449d5a04e4b60f1af786a4b5f442c87f StaticDependenciesID=91c81c60161c5591091676d0cb231f29 
Number of updated asset objects reloaded before import = 0Number of asset objects unloaded after import = 3

========================================================================
Received Import Request.
  Time since last request: 0.000016 seconds.
  path: Assets/Sprites/Player_Hurt/Fire_00011.png
  importAddress: Guid(7ce49c16c0e13450997e287915015be7) Importer(2089858483,b0f066a214c2f5e87bad3c948f4d605d)
Start importing Assets/Sprites/Player_Hurt/Fire_00011.png using Guid(7ce49c16c0e13450997e287915015be7) Importer(2089858483,b0f066a214c2f5e87bad3c948f4d605d) (ScriptedImporter) -> (Import Result ID: '847a35f8824889dd0b8f5490d0446de7') in 0.011317 seconds [static and dynamic dependencies]. Details - ImportResultOutputID=209d71518618990217bff2be8a943553 DependenciesID=88aefe94e9ee46b87cb637357a89ea1a StaticDependenciesID=54ecc9f4f3fd80e5cd227baf849edd68 
Number of updated asset objects reloaded before import = 0Number of asset objects unloaded after import = 3

========================================================================
Received Import Request.
  Time since last request: 0.000020 seconds.
  path: Assets/Sprites/Player_Hurt/Fire_00043.png
  importAddress: Guid(27642d106d1bd45579b85da9127236ab) Importer(2089858483,b0f066a214c2f5e87bad3c948f4d605d)
Start importing Assets/Sprites/Player_Hurt/Fire_00043.png using Guid(27642d106d1bd45579b85da9127236ab) Importer(2089858483,b0f066a214c2f5e87bad3c948f4d605d) (ScriptedImporter) -> (Import Result ID: '5128f9e78a5026d1c048c4df4216f854') in 0.0112874 seconds [static and dynamic dependencies]. Details - ImportResultOutputID=2c9b4619fcff5f395cbdafbdf2df45af DependenciesID=3a0b57cf2dd5cb0d20fdb723d4468bd1 StaticDependenciesID=a81b3178257a419dc7c78ce717fe3ece 
Number of updated asset objects reloaded before import = 0Number of asset objects unloaded after import = 3

========================================================================
Received Import Request.
  Time since last request: 0.000014 seconds.
  path: Assets/Sprites/Player_Turn_Right/Player Turn Right0003.png
  importAddress: Guid(642f2ccf679e74095a9a13fa5e839005) Importer(2089858483,b0f066a214c2f5e87bad3c948f4d605d)
Start importing Assets/Sprites/Player_Turn_Right/Player Turn Right0003.png using Guid(642f2ccf679e74095a9a13fa5e839005) Importer(2089858483,b0f066a214c2f5e87bad3c948f4d605d) (ScriptedImporter) -> (Import Result ID: 'd5ad5c5134f19dd616ea11002b41b1be') in 0.0110089 seconds [static and dynamic dependencies]. Details - ImportResultOutputID=ca6b91025b6f37ecdb5179e0601afc1d DependenciesID=b7e22d59068f073af33f7a8c5785a335 StaticDependenciesID=06d82ccbc3c26c2988f08f6fec23b167 
Number of updated asset objects reloaded before import = 0Number of asset objects unloaded after import = 3

========================================================================
Received Import Request.
  Time since last request: 0.000015 seconds.
  path: Assets/Sprites/Player_Hurt/Fire_00028.png
  importAddress: Guid(6cb37fc16ab2947838824fe5e8699f5b) Importer(2089858483,b0f066a214c2f5e87bad3c948f4d605d)
Start importing Assets/Sprites/Player_Hurt/Fire_00028.png using Guid(6cb37fc16ab2947838824fe5e8699f5b) Importer(2089858483,b0f066a214c2f5e87bad3c948f4d605d) (ScriptedImporter) -> (Import Result ID: '8b1193f442ee8b88e20795b425aa2b5d') in 0.0113513 seconds [static and dynamic dependencies]. Details - ImportResultOutputID=d367d20c443109da6a10290d34d55e8d DependenciesID=b6ecd934f92a8653dd730ffee7216021 StaticDependenciesID=a509e7c28782496eb3dcb53fe09f87c2 
Number of updated asset objects reloaded before import = 0Number of asset objects unloaded after import = 3

========================================================================
Received Import Request.
  Time since last request: 0.000027 seconds.
  path: Assets/Sprites/Player_Hurt/Fire_00014.png
  importAddress: Guid(9a5e85981da1341a3b0be48ac9018850) Importer(2089858483,b0f066a214c2f5e87bad3c948f4d605d)
Start importing Assets/Sprites/Player_Hurt/Fire_00014.png using Guid(9a5e85981da1341a3b0be48ac9018850) Importer(2089858483,b0f066a214c2f5e87bad3c948f4d605d) (ScriptedImporter) -> (Import Result ID: '674daddb54c40a4322cd2999b48b2c20') in 0.0100275 seconds [static and dynamic dependencies]. Details - ImportResultOutputID=c392f38c0afde68ee06af47d636cc72f DependenciesID=f6e207b06f01aa76a0b2e4003280e43e StaticDependenciesID=2c9f8ba223e67f511b75707f6a71c2cc 
Number of updated asset objects reloaded before import = 0Number of asset objects unloaded after import = 3

========================================================================
Received Import Request.
  Time since last request: 0.000018 seconds.
  path: Assets/Sprites/Player_Turn_Right/Player Turn Right0005.png
  importAddress: Guid(783c36011820c44b99ac90932d536fd4) Importer(2089858483,b0f066a214c2f5e87bad3c948f4d605d)
Start importing Assets/Sprites/Player_Turn_Right/Player Turn Right0005.png using Guid(783c36011820c44b99ac90932d536fd4) Importer(2089858483,b0f066a214c2f5e87bad3c948f4d605d) (ScriptedImporter) -> (Import Result ID: '1cdb70d6b7ab000a768549a22e58914a') in 0.0105949 seconds [static and dynamic dependencies]. Details - ImportResultOutputID=4a6892f590f02d3d7eb130b58a06d0ca DependenciesID=04c0fdbda1757e670ef375f40faa8c08 StaticDependenciesID=7f428611c45e96cb9637243199d5a813 
Number of updated asset objects reloaded before import = 0Number of asset objects unloaded after import = 3

========================================================================
Received Import Request.
  Time since last request: 0.000017 seconds.
  path: Assets/Sprites/Player_Hurt/Fire_00032.png
  importAddress: Guid(6b490e43963724ea9b9cd1556828132d) Importer(2089858483,b0f066a214c2f5e87bad3c948f4d605d)
Start importing Assets/Sprites/Player_Hurt/Fire_00032.png using Guid(6b490e43963724ea9b9cd1556828132d) Importer(2089858483,b0f066a214c2f5e87bad3c948f4d605d) (ScriptedImporter) -> (Import Result ID: 'b5586f4d419c16bf8099781b1a887025') in 0.0112262 seconds [static and dynamic dependencies]. Details - ImportResultOutputID=1d6509d148d62ebe46a067f87c2dc7b7 DependenciesID=b0125c6b71bb3aa3881480e03b784688 StaticDependenciesID=a23a95ad4ac819981c913255f69a31eb 
Number of updated asset objects reloaded before import = 0Number of asset objects unloaded after import = 3

========================================================================
Received Import Request.
  Time since last request: 0.000017 seconds.
  path: Assets/Sprites/Player_Turn_Right/Player Turn Right0002.png
  importAddress: Guid(c7a5b907897124d63a1b3d00415f44f1) Importer(2089858483,b0f066a214c2f5e87bad3c948f4d605d)
Start importing Assets/Sprites/Player_Turn_Right/Player Turn Right0002.png using Guid(c7a5b907897124d63a1b3d00415f44f1) Importer(2089858483,b0f066a214c2f5e87bad3c948f4d605d) (ScriptedImporter) -> (Import Result ID: '57a432e3c70241dd5484e7700643ce08') in 0.0116877 seconds [static and dynamic dependencies]. Details - ImportResultOutputID=b4ee9bdb967e3e102348bc3d07117230 DependenciesID=acbb0c959576e5271120e46a24684b8c StaticDependenciesID=d8d2c9c1b60e317853f436f49d0b5ee2 
Number of updated asset objects reloaded before import = 0Number of asset objects unloaded after import = 3

========================================================================
Received Import Request.
  Time since last request: 0.000017 seconds.
  path: Assets/Sprites/Player_Hurt/Fire_00047.png
  importAddress: Guid(efe1c96d5ad364cb1b8b269684f99bda) Importer(2089858483,b0f066a214c2f5e87bad3c948f4d605d)
Start importing Assets/Sprites/Player_Hurt/Fire_00047.png using Guid(efe1c96d5ad364cb1b8b269684f99bda) Importer(2089858483,b0f066a214c2f5e87bad3c948f4d605d) (ScriptedImporter) -> (Import Result ID: '9efbf0a2609e9b0284d2123aad204f17') in 0.0115448 seconds [static and dynamic dependencies]. Details - ImportResultOutputID=4e1d0717da6bc84dc018bf789b841131 DependenciesID=22e0b13d7b400ceef158e4744614b338 StaticDependenciesID=835fadd6c714a8b3c44555f063dfb5dc 
Number of updated asset objects reloaded before import = 0Number of asset objects unloaded after import = 3

========================================================================
Received Import Request.
  Time since last request: 0.000022 seconds.
  path: Assets/Sprites/Player_Hurt/Fire_00022.png
  importAddress: Guid(c7fc4a7c32ed244a7b332d7f47f69338) Importer(2089858483,b0f066a214c2f5e87bad3c948f4d605d)
Start importing Assets/Sprites/Player_Hurt/Fire_00022.png using Guid(c7fc4a7c32ed244a7b332d7f47f69338) Importer(2089858483,b0f066a214c2f5e87bad3c948f4d605d) (ScriptedImporter) -> (Import Result ID: 'fb38ad33251c04975a3463e311b9f9ff') in 0.010916 seconds [static and dynamic dependencies]. Details - ImportResultOutputID=e8f9ff1ba994323f76ebd50cdb4be9e3 DependenciesID=ed399b55fca2c5ff9a525fa719c6050c StaticDependenciesID=37778d2671811463de410ee0c3e4ee04 
Number of updated asset objects reloaded before import = 0Number of asset objects unloaded after import = 3

========================================================================
Received Import Request.
  Time since last request: 0.000028 seconds.
  path: Assets/Sprites/Explosion/Explosion_00154.png
  importAddress: Guid(4f919d68f9ccb46b99ea3df7d2d8ed5f) Importer(2089858483,b0f066a214c2f5e87bad3c948f4d605d)
Start importing Assets/Sprites/Explosion/Explosion_00154.png using Guid(4f919d68f9ccb46b99ea3df7d2d8ed5f) Importer(2089858483,b0f066a214c2f5e87bad3c948f4d605d) (ScriptedImporter) -> (Import Result ID: '41f5f0b4eff969853f3dca797203e445') in 0.0115338 seconds [static and dynamic dependencies]. Details - ImportResultOutputID=bb4fdeb9e6a8b7a2554ebbc03595b6a7 DependenciesID=d750f0e717893f51c69a0ef2c0ba917d StaticDependenciesID=3e7a70be2f6ddd565b1c35cd7515d84b 
Number of updated asset objects reloaded before import = 0Number of asset objects unloaded after import = 3

========================================================================
Received Import Request.
  Time since last request: 0.000018 seconds.
  path: Assets/Sprites/Player_Shield/Shields_00003.png
  importAddress: Guid(89aeb0633734b4526bf102717d52a39b) Importer(2089858483,b0f066a214c2f5e87bad3c948f4d605d)
Start importing Assets/Sprites/Player_Shield/Shields_00003.png using Guid(89aeb0633734b4526bf102717d52a39b) Importer(2089858483,b0f066a214c2f5e87bad3c948f4d605d) (ScriptedImporter) -> (Import Result ID: '7002495253fc0c0c571772a6a6eefe25') in 0.0111264 seconds [static and dynamic dependencies]. Details - ImportResultOutputID=839751c089adf1bc742d6ead294309ba DependenciesID=6fe21abb1cf9b8c0c5ffdc789374b416 StaticDependenciesID=61d765b2b8c2fe705b4e79fd6afc34d4 
Number of updated asset objects reloaded before import = 0Number of asset objects unloaded after import = 3

========================================================================
Received Import Request.
  Time since last request: 0.000015 seconds.
  path: Assets/Sprites/Explosion/Explosion_00155.png
  importAddress: Guid(bc0b4e46959244221b24de8833420178) Importer(2089858483,b0f066a214c2f5e87bad3c948f4d605d)
Start importing Assets/Sprites/Explosion/Explosion_00155.png using Guid(bc0b4e46959244221b24de8833420178) Importer(2089858483,b0f066a214c2f5e87bad3c948f4d605d) (ScriptedImporter) -> (Import Result ID: '39cb47e9826242088c3032aacdb4df51') in 0.0107776 seconds [static and dynamic dependencies]. Details - ImportResultOutputID=a8812a23744374cac1e7378e34c48722 DependenciesID=364c9467895af017d7cc3d3bf55f4f75 StaticDependenciesID=514f35ed7625f195f6b1729637add2b0 
Number of updated asset objects reloaded before import = 0Number of asset objects unloaded after import = 3

========================================================================
Received Import Request.
  Time since last request: 0.000017 seconds.
  path: Assets/Sprites/Player_Hurt/Fire_00059.png
  importAddress: Guid(991f1fe0ea5d94e65a4e6e2412eb4771) Importer(2089858483,b0f066a214c2f5e87bad3c948f4d605d)
Start importing Assets/Sprites/Player_Hurt/Fire_00059.png using Guid(991f1fe0ea5d94e65a4e6e2412eb4771) Importer(2089858483,b0f066a214c2f5e87bad3c948f4d605d) (ScriptedImporter) -> (Import Result ID: 'f0d49f2c45dcb6da4d66cf17634ff6f0') in 0.010993 seconds [static and dynamic dependencies]. Details - ImportResultOutputID=a19f549ea7befa7b4df3c798770a988e DependenciesID=05cdb928d9a4679e150be608b791ea8a StaticDependenciesID=1db03bd4fdb35f86e2017765c36e7d29 
Number of updated asset objects reloaded before import = 0Number of asset objects unloaded after import = 3

========================================================================
Received Import Request.
  Time since last request: 0.346424 seconds.
  path: Assets/Standard Assets/Utility/DragRigidbody.cs
  importAddress: Guid(58650e15a2607e44daa0f150e0061d89) Importer(2089858483,b0f066a214c2f5e87bad3c948f4d605d)
Start importing Assets/Standard Assets/Utility/DragRigidbody.cs using Guid(58650e15a2607e44daa0f150e0061d89) Importer(2089858483,b0f066a214c2f5e87bad3c948f4d605d) (ScriptedImporter) -> (Import Result ID: '4e73b83a81690ae3afce566033922d11') in 0.0076409 seconds [static and dynamic dependencies]. Details - ImportResultOutputID=77f63ac4d3b8cc2677f0c6773edc91a6 DependenciesID=6e1b3abfc91d906314b1fae9c844b10e StaticDependenciesID=837fe38f705d8ab804cd83161fc8826e 
Number of updated asset objects reloaded before import = 0Number of asset objects unloaded after import = 0

========================================================================
Received Import Request.
  Time since last request: 0.000027 seconds.
  path: Assets/Sprites/Power_Ups/Triple_Shot/Powerup3_0008_00011.png
  importAddress: Guid(b2cdea34ebf3d9a4ebc57de48bbd1a14) Importer(2089858483,b0f066a214c2f5e87bad3c948f4d605d)
Start importing Assets/Sprites/Power_Ups/Triple_Shot/Powerup3_0008_00011.png using Guid(b2cdea34ebf3d9a4ebc57de48bbd1a14) Importer(2089858483,b0f066a214c2f5e87bad3c948f4d605d) (ScriptedImporter) -> (Import Result ID: '63a1d340eca6ab7daee5acf1d7f84a70') in 0.0137356 seconds [static and dynamic dependencies]. Details - ImportResultOutputID=0d47ba40f08ccda6110c108069d1f091 DependenciesID=9f556e9a13317d09468872c34c7d8926 StaticDependenciesID=4b1094331e745fee2757c97a76d1907b 
Number of updated asset objects reloaded before import = 0Number of asset objects unloaded after import = 3

========================================================================
Received Import Request.
  Time since last request: 0.000016 seconds.
  path: Assets/Standard Assets/ParticleSystems/Materials/ParticleGlow.mat
  importAddress: Guid(c10b1630d5621ec48a17223c3c102023) Importer(2089858483,b0f066a214c2f5e87bad3c948f4d605d)
Start importing Assets/Standard Assets/ParticleSystems/Materials/ParticleGlow.mat using Guid(c10b1630d5621ec48a17223c3c102023) Importer(2089858483,b0f066a214c2f5e87bad3c948f4d605d) (ScriptedImporter) -> (Import Result ID: 'ad850037f1c85ec2b6a91eec7f647aaa') in 0.0130003 seconds [static and dynamic dependencies]. Details - ImportResultOutputID=5e0a5fc0d4ac5598a2b102a6596f25fe DependenciesID=ef5cef23b9dbc8415b8f2e5ac4dc7631 StaticDependenciesID=5014886cc0ee945eeca7e22c3a4d0e83 
Number of updated asset objects reloaded before import = 0Number of asset objects unloaded after import = 1

========================================================================
Received Import Request.
  Time since last request: 0.000015 seconds.
  path: Assets/Standard Assets/2D/Prefabs/Platform16x01.prefab
  importAddress: Guid(ba4eef1c1bb56b444b143beb8d3e30d5) Importer(2089858483,b0f066a214c2f5e87bad3c948f4d605d)
Start importing Assets/Standard Assets/2D/Prefabs/Platform16x01.prefab using Guid(ba4eef1c1bb56b444b143beb8d3e30d5) Importer(2089858483,b0f066a214c2f5e87bad3c948f4d605d) (ScriptedImporter) -> (Import Result ID: '739b80443a3b4b133a4deb384f53df90') in 0.013431 seconds [static and dynamic dependencies]. Details - ImportResultOutputID=b6abcd1e7cb2349bc488df2e212f6578 DependenciesID=0b613b124cf73ebee5b489f3e09e68b0 StaticDependenciesID=67b43a69c69d73fbb98f9be961cfc8b9 
Number of updated asset objects reloaded before import = 0Number of asset objects unloaded after import = 27

========================================================================
Received Import Request.
  Time since last request: 0.000015 seconds.
  path: Assets/Standard Assets/CrossPlatformInput/Prefabs/DualTouchControls.prefab
  importAddress: Guid(2169821f0567671499a5c10104c69c24) Importer(2089858483,b0f066a214c2f5e87bad3c948f4d605d)
Start importing Assets/Standard Assets/CrossPlatformInput/Prefabs/DualTouchControls.prefab using Guid(2169821f0567671499a5c10104c69c24) Importer(2089858483,b0f066a214c2f5e87bad3c948f4d605d) (ScriptedImporter) -> (Import Result ID: '0edc2ea6be4cbfeb11ace2e9bcc95caa') in 0.0338989 seconds [static and dynamic dependencies]. Details - ImportResultOutputID=99d3529abd89c433be457cbba251528d DependenciesID=4ad0151535107523349ac68885a36ded StaticDependenciesID=706d55cfa270dde05a34857613cf8560 
Number of updated asset objects reloaded before import = 0Number of asset objects unloaded after import = 41

========================================================================
Received Import Request.
  Time since last request: 0.000018 seconds.
  path: Assets/Standard Assets/2D/Animations/RobotBoyJump04.anim
  importAddress: Guid(bffb643e1be1ea84387be9145bc4e150) Importer(2089858483,b0f066a214c2f5e87bad3c948f4d605d)
Start importing Assets/Standard Assets/2D/Animations/RobotBoyJump04.anim using Guid(bffb643e1be1ea84387be9145bc4e150) Importer(2089858483,b0f066a214c2f5e87bad3c948f4d605d) (ScriptedImporter) -> (Import Result ID: '05b5a2b11826af43152d5192f1dfa9df') in 0.0087782 seconds [static and dynamic dependencies]. Details - ImportResultOutputID=83ddfee1fad79976ac768f1275d2cabc DependenciesID=a93508630db2dd43300656aebec51e35 StaticDependenciesID=7d916a7b8ccec1864d2be398d94cadc5 
Number of updated asset objects reloaded before import = 0Number of asset objects unloaded after import = 1

========================================================================
Received Import Request.
  Time since last request: 0.000019 seconds.
  path: Assets/Standard Assets/2D/Prefabs/PlatformRamp.prefab
  importAddress: Guid(47d3e747b2e87de4c8358aaa436365ea) Importer(2089858483,b0f066a214c2f5e87bad3c948f4d605d)
Start importing Assets/Standard Assets/2D/Prefabs/PlatformRamp.prefab using Guid(47d3e747b2e87de4c8358aaa436365ea) Importer(2089858483,b0f066a214c2f5e87bad3c948f4d605d) (ScriptedImporter) -> (Import Result ID: '8bbc9a676e1d58893db735729ca76eb8') in 0.0092302 seconds [static and dynamic dependencies]. Details - ImportResultOutputID=3d3978d4c48f532a270f2f49e8ffbba1 DependenciesID=1cd906d171c77e9aecb334f22a349308 StaticDependenciesID=4804a1a68108b3876161a87fbca57cc8 
Number of updated asset objects reloaded before import = 0Number of asset objects unloaded after import = 45

========================================================================
Received Import Request.
  Time since last request: 0.000019 seconds.
  path: Assets/Standard Assets/ParticleSystems/Prefabs/Fireworks.prefab
  importAddress: Guid(180149b1a35449044a27b451e816d2de) Importer(2089858483,b0f066a214c2f5e87bad3c948f4d605d)
Start importing Assets/Standard Assets/ParticleSystems/Prefabs/Fireworks.prefab using Guid(180149b1a35449044a27b451e816d2de) Importer(2089858483,b0f066a214c2f5e87bad3c948f4d605d) (ScriptedImporter) -> (Import Result ID: 'f5eebf49fa6f42668d1c5a7e079059e3') in 0.0635343 seconds [static and dynamic dependencies]. Details - ImportResultOutputID=743d191c5cd960e923b3a9d82e0d0dbc DependenciesID=3c1330d374eda18c48bca5a322c2d4b3 StaticDependenciesID=8ad311e1d03f31acabaf72f04adbb749 
Number of updated asset objects reloaded before import = 0Number of asset objects unloaded after import = 30

========================================================================
Received Import Request.
  Time since last request: 0.000020 seconds.
  path: Assets/Standard Assets/Utility/EventSystemChecker.cs
  importAddress: Guid(9c0578910bbe00d43919a92c7b9893fe) Importer(2089858483,b0f066a214c2f5e87bad3c948f4d605d)
Start importing Assets/Standard Assets/Utility/EventSystemChecker.cs using Guid(9c0578910bbe00d43919a92c7b9893fe) Importer(2089858483,b0f066a214c2f5e87bad3c948f4d605d) (ScriptedImporter) -> (Import Result ID: '1138678d092675f9cea4ab15c728043d') in 0.0072436 seconds [static and dynamic dependencies]. Details - ImportResultOutputID=30fb23a09793915ba8284c4fe02b04c6 DependenciesID=c21ab23e235c8c61f5f9b313dbb1bea8 StaticDependenciesID=9a367aff020186d1e3ede42689e8e78f 
Number of updated asset objects reloaded before import = 0Number of asset objects unloaded after import = 0

========================================================================
Received Import Request.
  Time since last request: 0.000057 seconds.
  path: Assets/Standard Assets/2D/Prefabs/Platform08x01.prefab
  importAddress: Guid(674c23718320e9d498cdad2a5bcd576a) Importer(2089858483,b0f066a214c2f5e87bad3c948f4d605d)
Start importing Assets/Standard Assets/2D/Prefabs/Platform08x01.prefab using Guid(674c23718320e9d498cdad2a5bcd576a) Importer(2089858483,b0f066a214c2f5e87bad3c948f4d605d) (ScriptedImporter) -> (Import Result ID: '94073b31b708329841c8f99eb219fe0c') in 0.0095487 seconds [static and dynamic dependencies]. Details - ImportResultOutputID=ac77bba14d6a6947348b0bcaa0918666 DependenciesID=86b764fe5e39d5e56fefd8bc15d0cc37 StaticDependenciesID=7f86ad1fc3b99d489f928d06643a4d81 
Number of updated asset objects reloaded before import = 0Number of asset objects unloaded after import = 21

========================================================================
Received Import Request.
  Time since last request: 0.000020 seconds.
  path: Assets/Standard Assets/Cameras/Prefabs/MultipurposeCameraRig.prefab
  importAddress: Guid(baec086904791744185aaa07a6cf55c2) Importer(2089858483,b0f066a214c2f5e87bad3c948f4d605d)
Start importing Assets/Standard Assets/Cameras/Prefabs/MultipurposeCameraRig.prefab using Guid(baec086904791744185aaa07a6cf55c2) Importer(2089858483,b0f066a214c2f5e87bad3c948f4d605d) (ScriptedImporter) -> (Import Result ID: 'e80d0643bbe359bf5e61ca06cb0f0eff') in 0.019826 seconds [static and dynamic dependencies]. Details - ImportResultOutputID=9fced95a44c64064d7244f181dbb20f0 DependenciesID=7e183cde7948b29f4014c99c344d0298 StaticDependenciesID=6cb3277391e2f75534d159d4f1d01c1f 
Number of updated asset objects reloaded before import = 0Number of asset objects unloaded after import = 14

========================================================================
Received Import Request.
  Time since last request: 0.000021 seconds.
  path: Assets/Standard Assets/ParticleSystems/Prefabs/DustStormMobile.prefab
  importAddress: Guid(ed1c797ec3736704db03a0d64d010e33) Importer(2089858483,b0f066a214c2f5e87bad3c948f4d605d)
Start importing Assets/Standard Assets/ParticleSystems/Prefabs/DustStormMobile.prefab using Guid(ed1c797ec3736704db03a0d64d010e33) Importer(2089858483,b0f066a214c2f5e87bad3c948f4d605d) (ScriptedImporter) -> (Import Result ID: 'c026f571d621956394d7e28e4262d17f') in 0.0265772 seconds [static and dynamic dependencies]. Details - ImportResultOutputID=e240d51fcd85cea536766e68e7f50cf9 DependenciesID=875ebbb41f20c0efdd6798a69fa8f2ad StaticDependenciesID=42caa4de8529ec13763f94634eddff0a 
Number of updated asset objects reloaded before import = 0Number of asset objects unloaded after import = 6

========================================================================
Received Import Request.
  Time since last request: 0.000023 seconds.
  path: Assets/Standard Assets/ParticleSystems/Materials/ParticleSmokeWhite.mat
  importAddress: Guid(c50d77affeb31e14c9c062c282f13fc8) Importer(2089858483,b0f066a214c2f5e87bad3c948f4d605d)
Start importing Assets/Standard Assets/ParticleSystems/Materials/ParticleSmokeWhite.mat using Guid(c50d77affeb31e14c9c062c282f13fc8) Importer(2089858483,b0f066a214c2f5e87bad3c948f4d605d) (ScriptedImporter) -> (Import Result ID: '55a8882a62248caa46aecf83aa09f85e') in 0.0106841 seconds [static and dynamic dependencies]. Details - ImportResultOutputID=b061a458eb6cc6e267e967f6c2cbd8d4 DependenciesID=83ff66959186bee1d637a41614ff3343 StaticDependenciesID=91aa100a0ea2ad45fadb14912f4a7cf5 
Number of updated asset objects reloaded before import = 0Number of asset objects unloaded after import = 2

========================================================================
Received Import Request.
  Time since last request: 0.000015 seconds.
  path: Assets/Standard Assets/Fonts/OpenSans/OpenSansRegular.ttf
  importAddress: Guid(b51a3e520f9164da198dc59c8acfccd6) Importer(2089858483,b0f066a214c2f5e87bad3c948f4d605d)
Start importing Assets/Standard Assets/Fonts/OpenSans/OpenSansRegular.ttf using Guid(b51a3e520f9164da198dc59c8acfccd6) Importer(2089858483,b0f066a214c2f5e87bad3c948f4d605d) (ScriptedImporter) -> (Import Result ID: 'b9e85bc4392f9b858d04f11c3b3ec18c') in 0.0143296 seconds [static and dynamic dependencies]. Details - ImportResultOutputID=5ff0745fbb3ecc404e5f66d070734205 DependenciesID=2da7928bec9e2149203ff3852d79a70b StaticDependenciesID=6f0588172d3707b58e3aa0ce4565003f 
Number of updated asset objects reloaded before import = 0Number of asset objects unloaded after import = 3

========================================================================
Received Import Request.
  Time since last request: 0.000021 seconds.
  path: Assets/TextMesh Pro/Documentation/TextMesh Pro User Guide 2016.pdf
  importAddress: Guid(1b8d251f9af63b746bf2f7ffe00ebb9b) Importer(2089858483,b0f066a214c2f5e87bad3c948f4d605d)
Start importing Assets/TextMesh Pro/Documentation/TextMesh Pro User Guide 2016.pdf using Guid(1b8d251f9af63b746bf2f7ffe00ebb9b) Importer(2089858483,b0f066a214c2f5e87bad3c948f4d605d) (ScriptedImporter) -> (Import Result ID: 'c2095a5a1d89a63a38d3205d40a09373') in 0.0072624 seconds [static and dynamic dependencies]. Details - ImportResultOutputID=790e84f2b4f3bf6012bf15dc8664366b DependenciesID=f658f89709d3f9e184a63c7a3af050cf StaticDependenciesID=e08ce0f1c89b6dec5bb3622edfa50882 
Number of updated asset objects reloaded before import = 0Number of asset objects unloaded after import = 1

========================================================================
Received Import Request.
  Time since last request: 0.000020 seconds.
  path: Assets/TextMesh Pro/Fonts/LiberationSans - OFL.txt
  importAddress: Guid(6e59c59b81ab47f9b6ec5781fa725d2c) Importer(2089858483,b0f066a214c2f5e87bad3c948f4d605d)
Start importing Assets/TextMesh Pro/Fonts/LiberationSans - OFL.txt using Guid(6e59c59b81ab47f9b6ec5781fa725d2c) Importer(2089858483,b0f066a214c2f5e87bad3c948f4d605d) (ScriptedImporter) -> (Import Result ID: '8edd34cf464146ffff13345d74d279cb') in 0.00831 seconds [static and dynamic dependencies]. Details - ImportResultOutputID=e486ac043db2cf16f358bceead0fdcbd DependenciesID=e7e0d5dcff99f4622da03a5e62bbf4be StaticDependenciesID=3fcaa1bd93857266124d16b183464309 
Number of updated asset objects reloaded before import = 0Number of asset objects unloaded after import = 1

========================================================================
Received Import Request.
  Time since last request: 0.000027 seconds.
  path: Assets/Standard Assets/CrossPlatformInput/Sprites/TouchpadSprite.png
  importAddress: Guid(e4f1fee3de32377429fd1348fae62b10) Importer(2089858483,b0f066a214c2f5e87bad3c948f4d605d)
Start importing Assets/Standard Assets/CrossPlatformInput/Sprites/TouchpadSprite.png using Guid(e4f1fee3de32377429fd1348fae62b10) Importer(2089858483,b0f066a214c2f5e87bad3c948f4d605d) (ScriptedImporter) -> (Import Result ID: 'e623c396f72861e3def90f257ed21e6d') in 0.0121671 seconds [static and dynamic dependencies]. Details - ImportResultOutputID=d293f02319764f936eb4fd2dac2a8269 DependenciesID=6035c9d230a84ba961415b34247bdb4d StaticDependenciesID=54160fe65880b049e91473a0d018f942 
Number of updated asset objects reloaded before import = 0Number of asset objects unloaded after import = 3

========================================================================
Received Import Request.
  Time since last request: 0.000018 seconds.
  path: Assets/Standard Assets/2D/Materials/SpriteLit.mat
  importAddress: Guid(272ba847f100d4251bb8260575189042) Importer(2089858483,b0f066a214c2f5e87bad3c948f4d605d)
Start importing Assets/Standard Assets/2D/Materials/SpriteLit.mat using Guid(272ba847f100d4251bb8260575189042) Importer(2089858483,b0f066a214c2f5e87bad3c948f4d605d) (ScriptedImporter) -> (Import Result ID: '96d02b2c5cdb53e3d91aa42165634a93') in 0.0164633 seconds [static and dynamic dependencies]. Details - ImportResultOutputID=11135d2b62602856d3c83545547a4e6c DependenciesID=a82d1640f3b29694253d9c443cef215e StaticDependenciesID=42015440c630de5ecfbbde39ecb26e6b 
Number of updated asset objects reloaded before import = 0Number of asset objects unloaded after import = 1

========================================================================
Received Import Request.
  Time since last request: 0.000020 seconds.
  path: Assets/Sprites/Power_Ups/Shield/Powerup2_0008_00001.png
  importAddress: Guid(d4c04a6e02a3c4a41b8a8c547a881c44) Importer(2089858483,b0f066a214c2f5e87bad3c948f4d605d)
Start importing Assets/Sprites/Power_Ups/Shield/Powerup2_0008_00001.png using Guid(d4c04a6e02a3c4a41b8a8c547a881c44) Importer(2089858483,b0f066a214c2f5e87bad3c948f4d605d) (ScriptedImporter) -> (Import Result ID: '3310a696b762e252ddea1150ae32c8b0') in 0.0120995 seconds [static and dynamic dependencies]. Details - ImportResultOutputID=b2a8c1a1757b1e59af851046a246b9a0 DependenciesID=822175ad04f0bec6bab24048c463f7fd StaticDependenciesID=d80978bd9e6ffc141f5b0019fb58054c 
Number of updated asset objects reloaded before import = 0Number of asset objects unloaded after import = 3

========================================================================
Received Import Request.
  Time since last request: 0.000017 seconds.
  path: Assets/Standard Assets/Utility/PlatformSpecificContent.cs
  importAddress: Guid(b27507c5d0efbbd47ac8c1de9a1a0a35) Importer(2089858483,b0f066a214c2f5e87bad3c948f4d605d)
Start importing Assets/Standard Assets/Utility/PlatformSpecificContent.cs using Guid(b27507c5d0efbbd47ac8c1de9a1a0a35) Importer(2089858483,b0f066a214c2f5e87bad3c948f4d605d) (ScriptedImporter) -> (Import Result ID: '6cd411c657e881adabe17e06737e290e') in 0.0083075 seconds [static and dynamic dependencies]. Details - ImportResultOutputID=1ca477eace5c083a3b1e3d695b0b6984 DependenciesID=3dd29c8ae32b91a0aabffade4e23000f StaticDependenciesID=6146798d25be9bc49bbd44d2dcdf7940 
Number of updated asset objects reloaded before import = 0Number of asset objects unloaded after import = 0

========================================================================
Received Import Request.
  Time since last request: 0.000055 seconds.
  path: Assets/Standard Assets/ParticleSystems/Prefabs/WildFire.prefab
  importAddress: Guid(2c32987c2bc01844a94adfb917dd677d) Importer(2089858483,b0f066a214c2f5e87bad3c948f4d605d)
Start importing Assets/Standard Assets/ParticleSystems/Prefabs/WildFire.prefab using Guid(2c32987c2bc01844a94adfb917dd677d) Importer(2089858483,b0f066a214c2f5e87bad3c948f4d605d) (ScriptedImporter) -> (Import Result ID: '2dab49b719e28e798c4c8983e94947ed') in 0.0371274 seconds [static and dynamic dependencies]. Details - ImportResultOutputID=cf4bcea332dd043060037658bbabd9da DependenciesID=5e05bd2ac629119215dc9f4482770452 StaticDependenciesID=185fee026282cd3a96adf06d31817204 
Number of updated asset objects reloaded before import = 0Number of asset objects unloaded after import = 18

========================================================================
Received Import Request.
  Time since last request: 0.000017 seconds.
  path: Assets/Standard Assets/Cameras/Prefabs/FreeLookCameraRig.prefab
  importAddress: Guid(49a0e923d39ec3c4c8bb97699e2f2903) Importer(2089858483,b0f066a214c2f5e87bad3c948f4d605d)
Start importing Assets/Standard Assets/Cameras/Prefabs/FreeLookCameraRig.prefab using Guid(49a0e923d39ec3c4c8bb97699e2f2903) Importer(2089858483,b0f066a214c2f5e87bad3c948f4d605d) (ScriptedImporter) -> (Import Result ID: '7bc66f921503fc1bc2ab42fe7e3b49c5') in 0.0188566 seconds [static and dynamic dependencies]. Details - ImportResultOutputID=07d343af89d14c682d202c69e72c7ba4 DependenciesID=f87051a72f8a6c0b9eec10ee181e42fa StaticDependenciesID=400249ec07422fcab256e6439f76f86a 
Number of updated asset objects reloaded before import = 0Number of asset objects unloaded after import = 14

========================================================================
Received Import Request.
  Time since last request: 0.000020 seconds.
  path: Assets/Standard Assets/2D/Sprites/BackgroundNavyGridSprite.png
  importAddress: Guid(1d0c184845252df44a655359de388cb8) Importer(2089858483,b0f066a214c2f5e87bad3c948f4d605d)
Start importing Assets/Standard Assets/2D/Sprites/BackgroundNavyGridSprite.png using Guid(1d0c184845252df44a655359de388cb8) Importer(2089858483,b0f066a214c2f5e87bad3c948f4d605d) (ScriptedImporter) -> (Import Result ID: '87f9476a4a631fdf6ebf62544ee19e3d') in 0.0115838 seconds [static and dynamic dependencies]. Details - ImportResultOutputID=1abd09cd39e0b5d544fc96f1d7a10f85 DependenciesID=086112306c286a35eb9980b8ec50b402 StaticDependenciesID=a62612ad5d1247160d6e1e0b71ccc848 
Number of updated asset objects reloaded before import = 0Number of asset objects unloaded after import = 3

========================================================================
Received Import Request.
  Time since last request: 0.000020 seconds.
  path: Assets/TextMesh Pro/Resources/LineBreaking Following Characters.txt
  importAddress: Guid(fade42e8bc714b018fac513c043d323b) Importer(2089858483,b0f066a214c2f5e87bad3c948f4d605d)
Start importing Assets/TextMesh Pro/Resources/LineBreaking Following Characters.txt using Guid(fade42e8bc714b018fac513c043d323b) Importer(2089858483,b0f066a214c2f5e87bad3c948f4d605d) (ScriptedImporter) -> (Import Result ID: 'b604a9978baee885a283c78a19e0dcf6') in 0.0074384 seconds [static and dynamic dependencies]. Details - ImportResultOutputID=eeef2f4f23997636d4fd7e6ef9dc9403 DependenciesID=1ddd06222cc58f11be1011d6e2dc7f1a StaticDependenciesID=61c782e1da5d1ad2f75307915ca7e1f2 
Number of updated asset objects reloaded before import = 0Number of asset objects unloaded after import = 1

========================================================================
Received Import Request.
  Time since last request: 0.000029 seconds.
  path: Assets/Standard Assets/CrossPlatformInput/Scripts/TouchPad.cs
  importAddress: Guid(1caf40fc8bebb6b43b2550c05ca791d6) Importer(2089858483,b0f066a214c2f5e87bad3c948f4d605d)
Start importing Assets/Standard Assets/CrossPlatformInput/Scripts/TouchPad.cs using Guid(1caf40fc8bebb6b43b2550c05ca791d6) Importer(2089858483,b0f066a214c2f5e87bad3c948f4d605d) (ScriptedImporter) -> (Import Result ID: 'c60d485d8e237b427f07fad3621cf0b4') in 0.00747 seconds [static and dynamic dependencies]. Details - ImportResultOutputID=71b34e9e7d5af373131cb0c26777cc98 DependenciesID=2d0f09ba6485479ebd07386899eed53d StaticDependenciesID=b83eae969da5a722e8ad0c5635a959ba 
Number of updated asset objects reloaded before import = 0Number of asset objects unloaded after import = 0

========================================================================
Received Import Request.
  Time since last request: 0.000036 seconds.
  path: Assets/Standard Assets/2D/PhysicsMaterials/BouncyBox.physicsMaterial2D
  importAddress: Guid(8be6341e1ce3f4cec9902bc34f72d20a) Importer(2089858483,b0f066a214c2f5e87bad3c948f4d605d)
Start importing Assets/Standard Assets/2D/PhysicsMaterials/BouncyBox.physicsMaterial2D using Guid(8be6341e1ce3f4cec9902bc34f72d20a) Importer(2089858483,b0f066a214c2f5e87bad3c948f4d605d) (ScriptedImporter) -> (Import Result ID: 'bc76daba32694acdda68c9f01496b208') in 0.0103567 seconds [static and dynamic dependencies]. Details - ImportResultOutputID=55c741820b741d5aa5198c31f668329a DependenciesID=c04256640c37f2a19465a28c7256a12d StaticDependenciesID=4a75a8c6b633a5602e730e867445ed4a 
Number of updated asset objects reloaded before import = 0Number of asset objects unloaded after import = 1

========================================================================
Received Import Request.
  Time since last request: 0.000019 seconds.
  path: Assets/Standard Assets/2D/Animations/RobotBoyJump07.anim
  importAddress: Guid(e21ceef391a4b284a9ac47a7961c0c1a) Importer(2089858483,b0f066a214c2f5e87bad3c948f4d605d)
Start importing Assets/Standard Assets/2D/Animations/RobotBoyJump07.anim using Guid(e21ceef391a4b284a9ac47a7961c0c1a) Importer(2089858483,b0f066a214c2f5e87bad3c948f4d605d) (ScriptedImporter) -> (Import Result ID: 'af58e01b24d33eb6d5e1961bc93f5eb8') in 0.0093668 seconds [static and dynamic dependencies]. Details - ImportResultOutputID=91f97823f0814633ac5af060c7d6f00c DependenciesID=e2fb121258d61875472a1a4623e57ed4 StaticDependenciesID=fcdcf656110da975069acf208e391b2a 
Number of updated asset objects reloaded before import = 0Number of asset objects unloaded after import = 1

========================================================================
Received Import Request.
  Time since last request: 0.000043 seconds.
  path: Assets/Sprites/Power_Ups/Speed/Powerup1_0008_00006.psd
  importAddress: Guid(a3bd87442a1340045bdc9d4f68f020bf) Importer(2089858483,b0f066a214c2f5e87bad3c948f4d605d)
Start importing Assets/Sprites/Power_Ups/Speed/Powerup1_0008_00006.psd using Guid(a3bd87442a1340045bdc9d4f68f020bf) Importer(2089858483,b0f066a214c2f5e87bad3c948f4d605d) (ScriptedImporter) -> (Import Result ID: '94b26f811b6c4eec33acf59a3ead2b5c') in 0.0122149 seconds [static and dynamic dependencies]. Details - ImportResultOutputID=c2262209c6e5d343ff9075cafa92f89a DependenciesID=96392a2cc25b8bc169fc53c025e0b9bc StaticDependenciesID=718804a02c07085d97fe0ccd6b4f16e6 
Number of updated asset objects reloaded before import = 0Number of asset objects unloaded after import = 3

========================================================================
Received Import Request.
  Time since last request: 0.000019 seconds.
  path: Assets/Sprites/Power_Ups/Shield/Powerup2_0008_00010.png
  importAddress: Guid(962f1aafaa24df44ca9130cedfa4bd67) Importer(2089858483,b0f066a214c2f5e87bad3c948f4d605d)
Start importing Assets/Sprites/Power_Ups/Shield/Powerup2_0008_00010.png using Guid(962f1aafaa24df44ca9130cedfa4bd67) Importer(2089858483,b0f066a214c2f5e87bad3c948f4d605d) (ScriptedImporter) -> (Import Result ID: '17fd94f0632b603ff14d8a0a511480c7') in 0.0118406 seconds [static and dynamic dependencies]. Details - ImportResultOutputID=50356ed79ddcc859a971ffbdafe69e6a DependenciesID=c37ae33ef96c9a6aa5a7a39a8e0fd436 StaticDependenciesID=3fc5b8762e46b89ec9201ebb4c26254b 
Number of updated asset objects reloaded before import = 0Number of asset objects unloaded after import = 3

========================================================================
Received Import Request.
  Time since last request: 0.000020 seconds.
  path: Assets/Sprites/Power_Ups/Speed/Powerup1_0008_00001.psd
  importAddress: Guid(25813c6fe10cf6c43b92057c55fe21bd) Importer(2089858483,b0f066a214c2f5e87bad3c948f4d605d)
Start importing Assets/Sprites/Power_Ups/Speed/Powerup1_0008_00001.psd using Guid(25813c6fe10cf6c43b92057c55fe21bd) Importer(2089858483,b0f066a214c2f5e87bad3c948f4d605d) (ScriptedImporter) -> (Import Result ID: '124d9f33e5ce8025c2ccbeae8e6eeb73') in 0.0113742 seconds [static and dynamic dependencies]. Details - ImportResultOutputID=5eb3055c2853130699abb9775d298924 DependenciesID=0da601918bdca7d1949d338500378bdf StaticDependenciesID=dedbc6215e5a3f292ed4792b0a364142 
Number of updated asset objects reloaded before import = 0Number of asset objects unloaded after import = 3

========================================================================
Received Import Request.
  Time since last request: 0.000017 seconds.
  path: Assets/Standard Assets/Utility/WaypointProgressTracker.cs
  importAddress: Guid(c5cb22d331ef7d64796f917c6a455a32) Importer(2089858483,b0f066a214c2f5e87bad3c948f4d605d)
Start importing Assets/Standard Assets/Utility/WaypointProgressTracker.cs using Guid(c5cb22d331ef7d64796f917c6a455a32) Importer(2089858483,b0f066a214c2f5e87bad3c948f4d605d) (ScriptedImporter) -> (Import Result ID: '71b7e9240f4729061b0089748919fbd6') in 0.0086175 seconds [static and dynamic dependencies]. Details - ImportResultOutputID=f4f2c68df5b14fa622cf29b6c70cd02c DependenciesID=2cae7b5b96d4880d3cfdcb51429d79a0 StaticDependenciesID=47e2d1b759946907700bd1954ce2f206 
Number of updated asset objects reloaded before import = 0Number of asset objects unloaded after import = 0

========================================================================
Received Import Request.
  Time since last request: 0.000063 seconds.
  path: Assets/Standard Assets/Environment/Water (Basic)/DO_NOT_WORK_IN_VR.txt
  importAddress: Guid(d7077f5297a2049489eb2880778a6a3f) Importer(2089858483,b0f066a214c2f5e87bad3c948f4d605d)
Start importing Assets/Standard Assets/Environment/Water (Basic)/DO_NOT_WORK_IN_VR.txt using Guid(d7077f5297a2049489eb2880778a6a3f) Importer(2089858483,b0f066a214c2f5e87bad3c948f4d605d) (ScriptedImporter) -> (Import Result ID: '412ab2c2ce6dbd4cf17de20338f546bf') in 0.0087045 seconds [static and dynamic dependencies]. Details - ImportResultOutputID=15fd84136e207aab8ab492e427a01da4 DependenciesID=ab7bfc8594d81b6471a45d91710ede88 StaticDependenciesID=68145f570f59c1dde8cc305afb8baf9f 
Number of updated asset objects reloaded before import = 0Number of asset objects unloaded after import = 1

========================================================================
Received Import Request.
  Time since last request: 0.000052 seconds.
  path: Assets/Standard Assets/2D/Animations/RobotBoyCrouch.anim
  importAddress: Guid(19bf9c5d4c01a864baffb3ac0dc54a9b) Importer(2089858483,b0f066a214c2f5e87bad3c948f4d605d)
Start importing Assets/Standard Assets/2D/Animations/RobotBoyCrouch.anim using Guid(19bf9c5d4c01a864baffb3ac0dc54a9b) Importer(2089858483,b0f066a214c2f5e87bad3c948f4d605d) (ScriptedImporter) -> (Import Result ID: '0e2db387bd8e5e784c623d99b9e7f36f') in 0.0093868 seconds [static and dynamic dependencies]. Details - ImportResultOutputID=a05d4f1540ecd2c999418edd30aede12 DependenciesID=bd2769178f64d8f67ec10165dbc86e86 StaticDependenciesID=bcb81eea51b01a2bbd58f896452d0aba 
Number of updated asset objects reloaded before import = 0Number of asset objects unloaded after import = 1

========================================================================
Received Import Request.
  Time since last request: 0.000047 seconds.
  path: Assets/Standard Assets/2D/Scripts/PlatformerCharacter2D.cs
  importAddress: Guid(d08f91df3bd212f429df17f53ce2f364) Importer(2089858483,b0f066a214c2f5e87bad3c948f4d605d)
Start importing Assets/Standard Assets/2D/Scripts/PlatformerCharacter2D.cs using Guid(d08f91df3bd212f429df17f53ce2f364) Importer(2089858483,b0f066a214c2f5e87bad3c948f4d605d) (ScriptedImporter) -> (Import Result ID: '0906425c5c36af106b2a0cc88795090e') in 0.0072554 seconds [static and dynamic dependencies]. Details - ImportResultOutputID=47633e354dca8893c2e92e2f7cf92cf6 DependenciesID=dc3c08d65df7d3fef784bdfd37b53a54 StaticDependenciesID=29c3e14000ff0706eff02dbd4b4cf05f 
Number of updated asset objects reloaded before import = 0Number of asset objects unloaded after import = 0

========================================================================
Received Import Request.
  Time since last request: 0.000045 seconds.
  path: Assets/Standard Assets/2D/Prefabs/Platform04x01.prefab
  importAddress: Guid(57977547c59abb546bbb1501e3c417db) Importer(2089858483,b0f066a214c2f5e87bad3c948f4d605d)
Start importing Assets/Standard Assets/2D/Prefabs/Platform04x01.prefab using Guid(57977547c59abb546bbb1501e3c417db) Importer(2089858483,b0f066a214c2f5e87bad3c948f4d605d) (ScriptedImporter) -> (Import Result ID: 'dfec12ca634db0df549312d3ef587211') in 0.009956 seconds [static and dynamic dependencies]. Details - ImportResultOutputID=204cbf2b03e5d84e94b46be3d5c13b27 DependenciesID=5dfb6177e0cc2ceae9beb3267379d84e StaticDependenciesID=8953ed71a0831a292850032c744c55fe 
Number of updated asset objects reloaded before import = 0Number of asset objects unloaded after import = 18

========================================================================
Received Import Request.
  Time since last request: 0.000017 seconds.
  path: Assets/Sprites/Power_Ups/Triple_Shot/Powerup3_0008_00005.png
  importAddress: Guid(c08087d4d2986fe468456f3736b55019) Importer(2089858483,b0f066a214c2f5e87bad3c948f4d605d)
Start importing Assets/Sprites/Power_Ups/Triple_Shot/Powerup3_0008_00005.png using Guid(c08087d4d2986fe468456f3736b55019) Importer(2089858483,b0f066a214c2f5e87bad3c948f4d605d) (ScriptedImporter) -> (Import Result ID: 'd41e06fe06ce15906cf97ad1ef4e7a84') in 0.0117839 seconds [static and dynamic dependencies]. Details - ImportResultOutputID=7939a6ffed51c9ccda2910af5d9dd17e DependenciesID=0734e6c84e7a2713a9392a311676e41e StaticDependenciesID=eeabd3cd873a819cb7ed60c41dd8cccc 
Number of updated asset objects reloaded before import = 0Number of asset objects unloaded after import = 3

========================================================================
Received Import Request.
  Time since last request: 0.000017 seconds.
  path: Assets/Standard Assets/2D/Animations/RobotBoyWalk.anim
  importAddress: Guid(5f88bded061933e41a9ed57ae1d07946) Importer(2089858483,b0f066a214c2f5e87bad3c948f4d605d)
Start importing Assets/Standard Assets/2D/Animations/RobotBoyWalk.anim using Guid(5f88bded061933e41a9ed57ae1d07946) Importer(2089858483,b0f066a214c2f5e87bad3c948f4d605d) (ScriptedImporter) -> (Import Result ID: '43266f45aadd1e85b67ad8a0f41f4cd0') in 0.0089037 seconds [static and dynamic dependencies]. Details - ImportResultOutputID=236ba8d8a1318954f46a03e397f0432f DependenciesID=88c3379b3a831f2566cd5765909c7d80 StaticDependenciesID=acaab6e497750899789a21135ea42fe2 
Number of updated asset objects reloaded before import = 0Number of asset objects unloaded after import = 1

========================================================================
Received Import Request.
  Time since last request: 0.000034 seconds.
  path: Assets/Standard Assets/2D/Scripts/Platformer2DUserControl.cs
  importAddress: Guid(c3d7b34a3bb2d4e4b926e7e729d3d410) Importer(2089858483,b0f066a214c2f5e87bad3c948f4d605d)
Start importing Assets/Standard Assets/2D/Scripts/Platformer2DUserControl.cs using Guid(c3d7b34a3bb2d4e4b926e7e729d3d410) Importer(2089858483,b0f066a214c2f5e87bad3c948f4d605d) (ScriptedImporter) -> (Import Result ID: '86423c9ef6c5a68d1382d0e9c3e65c61') in 0.0082497 seconds [static and dynamic dependencies]. Details - ImportResultOutputID=cc1c16afc1fe35142c26bacc1603aa08 DependenciesID=1cdb4ad781bd1dc8484d98a6f573cd5d StaticDependenciesID=c1e3b27eb99694154f9b3eb0f563c5f1 
Number of updated asset objects reloaded before import = 0Number of asset objects unloaded after import = 0

========================================================================
Received Import Request.
  Time since last request: 0.000073 seconds.
  path: Assets/TextMesh Pro/Resources/LineBreaking Leading Characters.txt
  importAddress: Guid(d82c1b31c7e74239bff1220585707d2b) Importer(2089858483,b0f066a214c2f5e87bad3c948f4d605d)
Start importing Assets/TextMesh Pro/Resources/LineBreaking Leading Characters.txt using Guid(d82c1b31c7e74239bff1220585707d2b) Importer(2089858483,b0f066a214c2f5e87bad3c948f4d605d) (ScriptedImporter) -> (Import Result ID: '81a01a3c93d5d43f59845574a3b5ea6c') in 0.008347 seconds [static and dynamic dependencies]. Details - ImportResultOutputID=019ec949deeaa7f211ff166a93cebf59 DependenciesID=52471f51b0a7e641cd76dc71d0f9c944 StaticDependenciesID=49829e473ffa7bd8515bcaeb377c56f5 
Number of updated asset objects reloaded before import = 0Number of asset objects unloaded after import = 1

========================================================================
Received Import Request.
  Time since last request: 0.000029 seconds.
  path: Assets/Standard Assets/Cameras/Scripts/ProtectCameraFromWallClip.cs
  importAddress: Guid(94b04ec3bda6b7747aa53936ef3b0ae2) Importer(2089858483,b0f066a214c2f5e87bad3c948f4d605d)
Start importing Assets/Standard Assets/Cameras/Scripts/ProtectCameraFromWallClip.cs using Guid(94b04ec3bda6b7747aa53936ef3b0ae2) Importer(2089858483,b0f066a214c2f5e87bad3c948f4d605d) (ScriptedImporter) -> (Import Result ID: '06121c512216fe0b7ee163048dc3e8c2') in 0.0088362 seconds [static and dynamic dependencies]. Details - ImportResultOutputID=5b2cb07229777bd7e5545d0894b1b41f DependenciesID=91c668210df90a8143d58df41f463a66 StaticDependenciesID=efe0c48cc2c219eef8a2e2841902f038 
Number of updated asset objects reloaded before import = 0Number of asset objects unloaded after import = 0

========================================================================
Received Import Request.
  Time since last request: 0.000076 seconds.
  path: Assets/Sprites/Power_Ups/Speed/Powerup1_0008_00000.psd
  importAddress: Guid(5b8849e8703cd2a48856f693a7ce5940) Importer(2089858483,b0f066a214c2f5e87bad3c948f4d605d)
Start importing Assets/Sprites/Power_Ups/Speed/Powerup1_0008_00000.psd using Guid(5b8849e8703cd2a48856f693a7ce5940) Importer(2089858483,b0f066a214c2f5e87bad3c948f4d605d) (ScriptedImporter) -> (Import Result ID: '39c495ea89968fca778907fc5324f182') in 0.0124321 seconds [static and dynamic dependencies]. Details - ImportResultOutputID=30fe777a21b53c39745125385f5e420a DependenciesID=e7fc97494bf725d87e25dabd0227e96d StaticDependenciesID=cebc613f8868773a7c4e8ebf47ef412a 
Number of updated asset objects reloaded before import = 0Number of asset objects unloaded after import = 3

========================================================================
Received Import Request.
  Time since last request: 0.000022 seconds.
  path: Assets/Standard Assets/CrossPlatformInput/Scripts/MobileControlRig.cs
  importAddress: Guid(71398ce7fbc3a5b4fa50b50bd54317a7) Importer(2089858483,b0f066a214c2f5e87bad3c948f4d605d)
Start importing Assets/Standard Assets/CrossPlatformInput/Scripts/MobileControlRig.cs using Guid(71398ce7fbc3a5b4fa50b50bd54317a7) Importer(2089858483,b0f066a214c2f5e87bad3c948f4d605d) (ScriptedImporter) -> (Import Result ID: 'a5f1cb6c7381ef5c2c4c6d60826dfd33') in 0.0090622 seconds [static and dynamic dependencies]. Details - ImportResultOutputID=27171f93dcad526772279109bb57379f DependenciesID=800f704874623b50983714a3b2424c8c StaticDependenciesID=3342d4df7b382968fae0b2eb43472623 
Number of updated asset objects reloaded before import = 0Number of asset objects unloaded after import = 0

========================================================================
Received Import Request.
  Time since last request: 0.000041 seconds.
  path: Assets/Sprites/Power_Ups/Triple_Shot/Powerup3_0008_00008.png
  importAddress: Guid(d371d99a043ff16448c9dc33862f94f9) Importer(2089858483,b0f066a214c2f5e87bad3c948f4d605d)
Start importing Assets/Sprites/Power_Ups/Triple_Shot/Powerup3_0008_00008.png using Guid(d371d99a043ff16448c9dc33862f94f9) Importer(2089858483,b0f066a214c2f5e87bad3c948f4d605d) (ScriptedImporter) -> (Import Result ID: '139be531eca17aa8f7ddded9ba570674') in 0.0099188 seconds [static and dynamic dependencies]. Details - ImportResultOutputID=f5736b543fb3d867863384004aab170d DependenciesID=1eede941fe6eafd5a2c3f26cd60be346 StaticDependenciesID=6670e3a04496aa251df5f08af834f0c1 
Number of updated asset objects reloaded before import = 0Number of asset objects unloaded after import = 3

========================================================================
Received Import Request.
  Time since last request: 0.000016 seconds.
  path: Assets/Standard Assets/2D/Prefabs/ExtentsLeft.prefab
  importAddress: Guid(0eb16b4b3e362ef4f97494dd0e686c46) Importer(2089858483,b0f066a214c2f5e87bad3c948f4d605d)
Start importing Assets/Standard Assets/2D/Prefabs/ExtentsLeft.prefab using Guid(0eb16b4b3e362ef4f97494dd0e686c46) Importer(2089858483,b0f066a214c2f5e87bad3c948f4d605d) (ScriptedImporter) -> (Import Result ID: '155d71efec290d4bb890d27dcfade72d') in 0.0074294 seconds [static and dynamic dependencies]. Details - ImportResultOutputID=fa4c02722f438e554485fbec5fd22a88 DependenciesID=ade3cdc2d65a8996b3a7d29492003f1c StaticDependenciesID=ba6b6163821c93c30c75d1bac6c31514 
Number of updated asset objects reloaded before import = 0Number of asset objects unloaded after import = 33

========================================================================
Received Import Request.
  Time since last request: 0.000018 seconds.
  path: Assets/Standard Assets/Fonts/OpenSans/License!.txt
  importAddress: Guid(cf1acff8cf98a440dba907e79fd30ebc) Importer(2089858483,b0f066a214c2f5e87bad3c948f4d605d)
Start importing Assets/Standard Assets/Fonts/OpenSans/License!.txt using Guid(cf1acff8cf98a440dba907e79fd30ebc) Importer(2089858483,b0f066a214c2f5e87bad3c948f4d605d) (ScriptedImporter) -> (Import Result ID: '7d69739e36532209bbe6f53eb64e92d5') in 0.0077387 seconds [static and dynamic dependencies]. Details - ImportResultOutputID=eed067209069a7bd9ee87a573e628005 DependenciesID=edfabe0de55764fb999961a544170c34 StaticDependenciesID=c2e88f809cb49bbea6bea71766defad7 
Number of updated asset objects reloaded before import = 0Number of asset objects unloaded after import = 1

========================================================================
Received Import Request.
  Time since last request: 0.000035 seconds.
  path: Assets/Standard Assets/Fonts/OpenSans/OpenSansSemibold.ttf
  importAddress: Guid(01cd679a1b9ee48bf9c546f6ce2cb97e) Importer(2089858483,b0f066a214c2f5e87bad3c948f4d605d)
Start importing Assets/Standard Assets/Fonts/OpenSans/OpenSansSemibold.ttf using Guid(01cd679a1b9ee48bf9c546f6ce2cb97e) Importer(2089858483,b0f066a214c2f5e87bad3c948f4d605d) (ScriptedImporter) -> (Import Result ID: '989dbe162da3d1f98912fea710b99c31') in 0.0097947 seconds [static and dynamic dependencies]. Details - ImportResultOutputID=9b439cbbe3a5f0b0018a2c5e86071be9 DependenciesID=505fc10e7b6cc6adcc14e515213eafaa StaticDependenciesID=1111eba68146cbfb4a8d6304697ca6cd 
Number of updated asset objects reloaded before import = 0Number of asset objects unloaded after import = 3

========================================================================
Received Import Request.
  Time since last request: 0.000017 seconds.
  path: Assets/Sprites/Power_Ups/Triple_Shot/Powerup3_0008_00007.png
  importAddress: Guid(f669da5eb59644649bd06f1af0e73349) Importer(2089858483,b0f066a214c2f5e87bad3c948f4d605d)
Start importing Assets/Sprites/Power_Ups/Triple_Shot/Powerup3_0008_00007.png using Guid(f669da5eb59644649bd06f1af0e73349) Importer(2089858483,b0f066a214c2f5e87bad3c948f4d605d) (ScriptedImporter) -> (Import Result ID: '76118ec5c3f8e1cf0e135bfc10ccda16') in 0.010876 seconds [static and dynamic dependencies]. Details - ImportResultOutputID=719ad856d46f52536fb6aa2379f549c2 DependenciesID=5296f6ece2e257b175cece6af55f27b8 StaticDependenciesID=ca40fffa7be04e45df3ad71121babe7f 
Number of updated asset objects reloaded before import = 0Number of asset objects unloaded after import = 3

========================================================================
Received Import Request.
  Time since last request: 0.000019 seconds.
  path: Assets/Standard Assets/2D/Prefabs/Platform12x01.prefab
  importAddress: Guid(0ce4cbc241d3aca4da0b94a0ffa0d51f) Importer(2089858483,b0f066a214c2f5e87bad3c948f4d605d)
Start importing Assets/Standard Assets/2D/Prefabs/Platform12x01.prefab using Guid(0ce4cbc241d3aca4da0b94a0ffa0d51f) Importer(2089858483,b0f066a214c2f5e87bad3c948f4d605d) (ScriptedImporter) -> (Import Result ID: '7c2d38888a259acfa790b4ea3f7ab77f') in 0.0088446 seconds [static and dynamic dependencies]. Details - ImportResultOutputID=341d2ec74091506c9c89a5e23b3a63e7 DependenciesID=b0d801ec6a7c3ba8257c68e63a334b98 StaticDependenciesID=38f25610e29da795d3290fb2f07bae02 
Number of updated asset objects reloaded before import = 0Number of asset objects unloaded after import = 24

========================================================================
Received Import Request.
  Time since last request: 0.000022 seconds.
  path: Assets/Standard Assets/Effects/Projectors/Textures/Shadow.psd
  importAddress: Guid(68386fc9897223346a683105b4dc1662) Importer(2089858483,b0f066a214c2f5e87bad3c948f4d605d)
Start importing Assets/Standard Assets/Effects/Projectors/Textures/Shadow.psd using Guid(68386fc9897223346a683105b4dc1662) Importer(2089858483,b0f066a214c2f5e87bad3c948f4d605d) (ScriptedImporter) -> (Import Result ID: 'f2aa41b5bddbe122b3079679473bf3a4') in 0.0100726 seconds [static and dynamic dependencies]. Details - ImportResultOutputID=b42e84d7cef3499330926864682fb5d4 DependenciesID=f2f89e5651945f9088f1161ac734244c StaticDependenciesID=f989fafdab53a308a4984b66376cfc99 
Number of updated asset objects reloaded before import = 0Number of asset objects unloaded after import = 1

========================================================================
Received Import Request.
  Time since last request: 0.000015 seconds.
  path: Assets/Standard Assets/Characters/ThirdPersonCharacter/Scripts/ThirdPersonCharacter.cs
  importAddress: Guid(ce7a80d520cacc042b5fe14f373d8173) Importer(2089858483,b0f066a214c2f5e87bad3c948f4d605d)
Start importing Assets/Standard Assets/Characters/ThirdPersonCharacter/Scripts/ThirdPersonCharacter.cs using Guid(ce7a80d520cacc042b5fe14f373d8173) Importer(2089858483,b0f066a214c2f5e87bad3c948f4d605d) (ScriptedImporter) -> (Import Result ID: 'b359a58f212e2b7da2afa96a205220e8') in 0.0070495 seconds [static and dynamic dependencies]. Details - ImportResultOutputID=17d1c5718e721b71550508bf6db2f370 DependenciesID=fab570fc0d30640e807f22c22faf87a3 StaticDependenciesID=2807d351ad676b02ac99805f1f0f59c9 
Number of updated asset objects reloaded before import = 0Number of asset objects unloaded after import = 0

========================================================================
Received Import Request.
  Time since last request: 0.000063 seconds.
  path: Assets/Standard Assets/Prototyping/Models/CubePrototype04x04x04.fbx
  importAddress: Guid(3f79402ff4ca9c54d96a09d1a77540d5) Importer(2089858483,b0f066a214c2f5e87bad3c948f4d605d)
Start importing Assets/Standard Assets/Prototyping/Models/CubePrototype04x04x04.fbx using Guid(3f79402ff4ca9c54d96a09d1a77540d5) Importer(2089858483,b0f066a214c2f5e87bad3c948f4d605d) (ScriptedImporter) -> (Import Result ID: '3c5fc829aa8084c1b4a9ed995b125447') in 0.0291918 seconds [static and dynamic dependencies]. Details - ImportResultOutputID=ee2e92eda0f37ed710ecd32f16d27364 DependenciesID=f5809051ebb0e98473af91800310b5a4 StaticDependenciesID=5101ebac6f937583294ab1da2574cf2d 
Number of updated asset objects reloaded before import = 0Number of asset objects unloaded after import = 8

========================================================================
Received Import Request.
  Time since last request: 0.000029 seconds.
  path: Assets/Standard Assets/Prototyping/Models/BlockPrototype04x04x04.fbx
  importAddress: Guid(622a87b3379022740be7e2efea3ebd33) Importer(2089858483,b0f066a214c2f5e87bad3c948f4d605d)
Start importing Assets/Standard Assets/Prototyping/Models/BlockPrototype04x04x04.fbx using Guid(622a87b3379022740be7e2efea3ebd33) Importer(2089858483,b0f066a214c2f5e87bad3c948f4d605d) (ScriptedImporter) -> (Import Result ID: '26e79cfd0b53c8c46c97fa29e5b1bb2a') in 0.0135883 seconds [static and dynamic dependencies]. Details - ImportResultOutputID=9791a26ce9881e0a1919cef5b48699a0 DependenciesID=da189e0c3dd94192c63fb19d6a5fce12 StaticDependenciesID=96141a5f078dd5e9c50369193c0083de 
Number of updated asset objects reloaded before import = 0Number of asset objects unloaded after import = 8

========================================================================
Received Import Request.
  Time since last request: 0.000017 seconds.
  path: Assets/Standard Assets/Effects/LightFlares/Textures/FlareStar.psd
  importAddress: Guid(51dc82ef9d11c594d000e7c9e39e7c39) Importer(2089858483,b0f066a214c2f5e87bad3c948f4d605d)
Start importing Assets/Standard Assets/Effects/LightFlares/Textures/FlareStar.psd using Guid(51dc82ef9d11c594d000e7c9e39e7c39) Importer(2089858483,b0f066a214c2f5e87bad3c948f4d605d) (ScriptedImporter) -> (Import Result ID: '0835421f2522e719df628210e49388e6') in 0.0109047 seconds [static and dynamic dependencies]. Details - ImportResultOutputID=a5f7b9a770fb5645d92afa6cad4b3ae5 DependenciesID=7e5c5cbd43f437987746f062dbb238c3 StaticDependenciesID=039fa6b1b5c532e1d4dd5228fa3a953e 
Number of updated asset objects reloaded before import = 0Number of asset objects unloaded after import = 1

========================================================================
Received Import Request.
  Time since last request: 0.000017 seconds.
  path: Assets/Standard Assets/Prototyping/Prefabs/RampPrototype04x02x02.prefab
  importAddress: Guid(4e11ef4f39bc65e44a4b0755ecac6ea1) Importer(2089858483,b0f066a214c2f5e87bad3c948f4d605d)
Start importing Assets/Standard Assets/Prototyping/Prefabs/RampPrototype04x02x02.prefab using Guid(4e11ef4f39bc65e44a4b0755ecac6ea1) Importer(2089858483,b0f066a214c2f5e87bad3c948f4d605d) (ScriptedImporter) -> (Import Result ID: 'fa75d12cc34832c58839d296c22511ca') in 0.0146972 seconds [static and dynamic dependencies]. Details - ImportResultOutputID=92dc9b63ca8650b852072bfa805afbd0 DependenciesID=f0325f9cadb6695c7455e00d1b5e56e0 StaticDependenciesID=f67b4cb028c6b22028bf3dd10afb7f62 
Number of updated asset objects reloaded before import = 0Number of asset objects unloaded after import = 9

========================================================================
Received Import Request.
  Time since last request: 0.000018 seconds.
  path: Assets/Standard Assets/Prototyping/Prefabs/CubePrototype02x02x02.prefab
  importAddress: Guid(2b127815fd0f2074eae3a0c6a4786d0b) Importer(2089858483,b0f066a214c2f5e87bad3c948f4d605d)
Start importing Assets/Standard Assets/Prototyping/Prefabs/CubePrototype02x02x02.prefab using Guid(2b127815fd0f2074eae3a0c6a4786d0b) Importer(2089858483,b0f066a214c2f5e87bad3c948f4d605d) (ScriptedImporter) -> (Import Result ID: '1c8da1629e45cf14e770bea9e7070c6c') in 0.0137649 seconds [static and dynamic dependencies]. Details - ImportResultOutputID=f20efbf55623406d3dd1e8da0cb46663 DependenciesID=142d366bf9917b9de2430d2466e1a580 StaticDependenciesID=655a7c3b7ed1e27bd4a823972dbfb6ed 
Number of updated asset objects reloaded before import = 0Number of asset objects unloaded after import = 9

========================================================================
Received Import Request.
  Time since last request: 0.000015 seconds.
  path: Assets/Standard Assets/ParticleSystems/Textures/ParticleFirecloud.png
  importAddress: Guid(c3d66a8056f9db345b1ea380aa7e815d) Importer(2089858483,b0f066a214c2f5e87bad3c948f4d605d)
Start importing Assets/Standard Assets/ParticleSystems/Textures/ParticleFirecloud.png using Guid(c3d66a8056f9db345b1ea380aa7e815d) Importer(2089858483,b0f066a214c2f5e87bad3c948f4d605d) (ScriptedImporter) -> (Import Result ID: 'd54c398236544141bb40737c6ee140b9') in 0.0118024 seconds [static and dynamic dependencies]. Details - ImportResultOutputID=8934a4cecf66ff592d10e7e49620b1fa DependenciesID=59be1dbd6f8e7ed4e6840ef08979098d StaticDependenciesID=c729cdab343f0e4725e70793ec399f21 
Number of updated asset objects reloaded before import = 0Number of asset objects unloaded after import = 1

========================================================================
Received Import Request.
  Time since last request: 0.000019 seconds.
  path: Assets/Standard Assets/CrossPlatformInput/Scripts/PlatformSpecific/MobileInput.cs
  importAddress: Guid(9703d53e47195aa4190acd11369ccd1b) Importer(2089858483,b0f066a214c2f5e87bad3c948f4d605d)
Start importing Assets/Standard Assets/CrossPlatformInput/Scripts/PlatformSpecific/MobileInput.cs using Guid(9703d53e47195aa4190acd11369ccd1b) Importer(2089858483,b0f066a214c2f5e87bad3c948f4d605d) (ScriptedImporter) -> (Import Result ID: '110eb3b079a648e8d147882c48dfe7ef') in 0.0070271 seconds [static and dynamic dependencies]. Details - ImportResultOutputID=b0da6a7cf076e0e399eeb9ccd8533e70 DependenciesID=f133fa4f01d0c7cabcecb7f2843a5341 StaticDependenciesID=ef52ad189d3ead3987de6b6965272a96 
Number of updated asset objects reloaded before import = 0Number of asset objects unloaded after import = 0

========================================================================
Received Import Request.
  Time since last request: 0.000017 seconds.
  path: Assets/Standard Assets/Prototyping/Textures/SwatchNavyDarkAlbedo.png
  importAddress: Guid(a336ccf90791f9841b7e680c010d1e88) Importer(2089858483,b0f066a214c2f5e87bad3c948f4d605d)
Start importing Assets/Standard Assets/Prototyping/Textures/SwatchNavyDarkAlbedo.png using Guid(a336ccf90791f9841b7e680c010d1e88) Importer(2089858483,b0f066a214c2f5e87bad3c948f4d605d) (ScriptedImporter) -> (Import Result ID: '6a36fefa4937910783bf6c2647e78155') in 0.01017 seconds [static and dynamic dependencies]. Details - ImportResultOutputID=fc378052a31e245ed2b5e5dfc931245a DependenciesID=4d9791d139d304d613512cddbc4418ff StaticDependenciesID=f9cad57d17c25312ac80acb7ad8a86d6 
Number of updated asset objects reloaded before import = 0Number of asset objects unloaded after import = 1

========================================================================
Received Import Request.
  Time since last request: 0.000016 seconds.
  path: Assets/Standard Assets/Characters/ThirdPersonCharacter/Textures/EthanOcclusion.png
  importAddress: Guid(4e2f32e9a1fefc24092337ae061f3dbc) Importer(2089858483,b0f066a214c2f5e87bad3c948f4d605d)
Start importing Assets/Standard Assets/Characters/ThirdPersonCharacter/Textures/EthanOcclusion.png using Guid(4e2f32e9a1fefc24092337ae061f3dbc) Importer(2089858483,b0f066a214c2f5e87bad3c948f4d605d) (ScriptedImporter) -> (Import Result ID: '1ddb1c3c6f608e181c6399853dba54d9') in 0.0156047 seconds [static and dynamic dependencies]. Details - ImportResultOutputID=d0a820dc3121f560eafcf779317411ce DependenciesID=d335eb3c2a46f8d3ca527859b28d72e2 StaticDependenciesID=c84195a87c640797ec8b053d59d069c5 
Number of updated asset objects reloaded before import = 0Number of asset objects unloaded after import = 1

========================================================================
Received Import Request.
  Time since last request: 0.000019 seconds.
  path: Assets/Standard Assets/Prototyping/Prefabs/BlockPrototype04x04x04.prefab
  importAddress: Guid(ab33e6080ae416b4d899f39fa8951b98) Importer(2089858483,b0f066a214c2f5e87bad3c948f4d605d)
Start importing Assets/Standard Assets/Prototyping/Prefabs/BlockPrototype04x04x04.prefab using Guid(ab33e6080ae416b4d899f39fa8951b98) Importer(2089858483,b0f066a214c2f5e87bad3c948f4d605d) (ScriptedImporter) -> (Import Result ID: 'ce8c71af8836face1bcafb201dc1fc3d') in 0.0114645 seconds [static and dynamic dependencies]. Details - ImportResultOutputID=b812a2397943c5afc72a9820ff0b0103 DependenciesID=b6f49c8b65ee31bb81d92b7eaf358eeb StaticDependenciesID=558c7601e613078325cb2985bdc7341a 
Number of updated asset objects reloaded before import = 0Number of asset objects unloaded after import = 9

========================================================================
Received Import Request.
  Time since last request: 0.000017 seconds.
  path: Assets/TextMesh Pro/Resources/Shaders/TMP_SDF-Mobile Masking.shader
  importAddress: Guid(bc1ede39bf3643ee8e493720e4259791) Importer(2089858483,b0f066a214c2f5e87bad3c948f4d605d)
Start importing Assets/TextMesh Pro/Resources/Shaders/TMP_SDF-Mobile Masking.shader using Guid(bc1ede39bf3643ee8e493720e4259791) Importer(2089858483,b0f066a214c2f5e87bad3c948f4d605d) (ScriptedImporter) -> (Import Result ID: 'a742b80ba81874f9e143ac52f13a0ae0') in 0.0121722 seconds [static and dynamic dependencies]. Details - ImportResultOutputID=f8136771e266713753db858c59bf3b78 DependenciesID=656cff6295f16eb63568bf1dc14f05f5 StaticDependenciesID=f5d71b757d33aed792ebd1132b03233c 
Number of updated asset objects reloaded before import = 0Number of asset objects unloaded after import = 1

========================================================================
Received Import Request.
  Time since last request: 0.000020 seconds.
  path: Assets/Standard Assets/Prototyping/Models/StepsPrototype04x02x02.fbx
  importAddress: Guid(900e53dd850c9cc4281be6fa21bdfea5) Importer(2089858483,b0f066a214c2f5e87bad3c948f4d605d)
Start importing Assets/Standard Assets/Prototyping/Models/StepsPrototype04x02x02.fbx using Guid(900e53dd850c9cc4281be6fa21bdfea5) Importer(2089858483,b0f066a214c2f5e87bad3c948f4d605d) (ScriptedImporter) -> (Import Result ID: '1878e76be515c045b8cfea05c3f1fe9a') in 0.0140188 seconds [static and dynamic dependencies]. Details - ImportResultOutputID=6f409a2f0619b8bc164712efef7ecc78 DependenciesID=1576e1a074dd92f2ac8fade46dd63f06 StaticDependenciesID=0bf03220c3b0773a5a64a8bfbe05f9cd 
Number of updated asset objects reloaded before import = 0Number of asset objects unloaded after import = 8

========================================================================
Received Import Request.
  Time since last request: 0.000019 seconds.
  path: Assets/Standard Assets/Effects/Projectors/Textures/Light.psd
  importAddress: Guid(b1d7fee26e54cc3498f6267f072a45b9) Importer(2089858483,b0f066a214c2f5e87bad3c948f4d605d)
Start importing Assets/Standard Assets/Effects/Projectors/Textures/Light.psd using Guid(b1d7fee26e54cc3498f6267f072a45b9) Importer(2089858483,b0f066a214c2f5e87bad3c948f4d605d) (ScriptedImporter) -> (Import Result ID: '466cf57e94e5c6f92487bc4c76268051') in 0.0118891 seconds [static and dynamic dependencies]. Details - ImportResultOutputID=64bdf627f94572540beb81043c205777 DependenciesID=2bb79cb1ac955be77cc43cbb5eea4918 StaticDependenciesID=6b3cbe505ab44e31a7b31d488433a069 
Number of updated asset objects reloaded before import = 0Number of asset objects unloaded after import = 1

========================================================================
Received Import Request.
  Time since last request: 0.000020 seconds.
  path: Assets/Standard Assets/Characters/FirstPersonCharacter/Prefabs/RigidBodyFPSController.prefab
  importAddress: Guid(c6453f8e1f814744d8b94e5a6d1f9942) Importer(2089858483,b0f066a214c2f5e87bad3c948f4d605d)
Start importing Assets/Standard Assets/Characters/FirstPersonCharacter/Prefabs/RigidBodyFPSController.prefab using Guid(c6453f8e1f814744d8b94e5a6d1f9942) Importer(2089858483,b0f066a214c2f5e87bad3c948f4d605d) (ScriptedImporter) -> (Import Result ID: 'd6e416ec401c6a6ad067ce33d3585986') in 0.0170309 seconds [static and dynamic dependencies]. Details - ImportResultOutputID=76bde4a994c11278a4766bb3dcfaa231 DependenciesID=455d18a1542bdfb80d9df9de9e09ae69 StaticDependenciesID=ecb102710a7044351f062865bd114ea5 
Number of updated asset objects reloaded before import = 0Number of asset objects unloaded after import = 14

========================================================================
Received Import Request.
  Time since last request: 0.000037 seconds.
  path: Assets/Standard Assets/Characters/ThirdPersonCharacter/Prefabs/ThirdPersonController.prefab
  importAddress: Guid(7737647c22c1fc64a88d5cd030c352ce) Importer(2089858483,b0f066a214c2f5e87bad3c948f4d605d)
Start importing Assets/Standard Assets/Characters/ThirdPersonCharacter/Prefabs/ThirdPersonController.prefab using Guid(7737647c22c1fc64a88d5cd030c352ce) Importer(2089858483,b0f066a214c2f5e87bad3c948f4d605d) (ScriptedImporter) -> (Import Result ID: '6a4d74b1a10a8dcc9ece2877bca26b4f') in 0.0317462 seconds [static and dynamic dependencies]. Details - ImportResultOutputID=d192c7d75f809a1c9ad064e006a13e48 DependenciesID=9f83062c727d0f70ec4349c694a90811 StaticDependenciesID=8bdfcb53829c5a37cef67bdbd6edeb88 
Number of updated asset objects reloaded before import = 0Number of asset objects unloaded after import = 221

========================================================================
Received Import Request.
  Time since last request: 0.000019 seconds.
  path: Assets/Standard Assets/ParticleSystems/Textures/Spark.png
  importAddress: Guid(269490de66e33a34dad45a50e3d4c168) Importer(2089858483,b0f066a214c2f5e87bad3c948f4d605d)
Start importing Assets/Standard Assets/ParticleSystems/Textures/Spark.png using Guid(269490de66e33a34dad45a50e3d4c168) Importer(2089858483,b0f066a214c2f5e87bad3c948f4d605d) (ScriptedImporter) -> (Import Result ID: '4a41d253c52a429ead2d22d27921d113') in 0.0106035 seconds [static and dynamic dependencies]. Details - ImportResultOutputID=5d1259311c84d6e8c76145827f7918ca DependenciesID=61ec6883c97e41893c65c2f633dba314 StaticDependenciesID=d14c15eb0f5eb7509dccc50a0b26a651 
Number of updated asset objects reloaded before import = 0Number of asset objects unloaded after import = 1

========================================================================
Received Import Request.
  Time since last request: 0.000018 seconds.
  path: Assets/Standard Assets/Effects/LightFlares/Flares/50mmZoom.flare
  importAddress: Guid(54fbbf098d116effa00081aba8ad6659) Importer(2089858483,b0f066a214c2f5e87bad3c948f4d605d)
Start importing Assets/Standard Assets/Effects/LightFlares/Flares/50mmZoom.flare using Guid(54fbbf098d116effa00081aba8ad6659) Importer(2089858483,b0f066a214c2f5e87bad3c948f4d605d) (ScriptedImporter) -> (Import Result ID: '7354c06fedd0efdd807dc2b01a608d51') in 0.0101187 seconds [static and dynamic dependencies]. Details - ImportResultOutputID=743fe04f416a7d5ffa57ade993d92886 DependenciesID=596eadb167c3dac1d9528551a9a7cb96 StaticDependenciesID=11a779651b6ee94efd59b85be43e6c1f 
Number of updated asset objects reloaded before import = 0Number of asset objects unloaded after import = 2

========================================================================
Received Import Request.
  Time since last request: 0.000019 seconds.
  path: Assets/Standard Assets/Prototyping/Models/PickupPrototype01x01x01.fbx
  importAddress: Guid(00718395eefb6084bb25555f962f25c0) Importer(2089858483,b0f066a214c2f5e87bad3c948f4d605d)
Start importing Assets/Standard Assets/Prototyping/Models/PickupPrototype01x01x01.fbx using Guid(00718395eefb6084bb25555f962f25c0) Importer(2089858483,b0f066a214c2f5e87bad3c948f4d605d) (ScriptedImporter) -> (Import Result ID: '1f1a3caa54bbc6e2d0b59360a767be9e') in 0.0124899 seconds [static and dynamic dependencies]. Details - ImportResultOutputID=ca0ea2dd597cc5df053b615c5716e1b9 DependenciesID=dcb1d8e7df35f41be8e01f7750d04100 StaticDependenciesID=8ea6e23eb988a7df3014fc30387f50b4 
Number of updated asset objects reloaded before import = 0Number of asset objects unloaded after import = 8

========================================================================
Received Import Request.
  Time since last request: 0.000019 seconds.
  path: Assets/Standard Assets/Characters/ThirdPersonCharacter/Animation/HumanoidRunTurnSharp.fbx
  importAddress: Guid(f2bed5dc5afacff44a00de8daae9703b) Importer(2089858483,b0f066a214c2f5e87bad3c948f4d605d)
Start importing Assets/Standard Assets/Characters/ThirdPersonCharacter/Animation/HumanoidRunTurnSharp.fbx using Guid(f2bed5dc5afacff44a00de8daae9703b) Importer(2089858483,b0f066a214c2f5e87bad3c948f4d605d) (ScriptedImporter) -> (Import Result ID: '02b55b5d2312b0a10ae7563b920c6d8a') in 0.0176216 seconds [static and dynamic dependencies]. Details - ImportResultOutputID=d9b1486a67013074967c789481f79613 DependenciesID=51ab3c9b5e7367638e0e03a0d4fecba6 StaticDependenciesID=7ed5fb73e69bd70005688d6943d40e82 
Number of updated asset objects reloaded before import = 0Number of asset objects unloaded after import = 158

========================================================================
Received Import Request.
  Time since last request: 0.000017 seconds.
  path: Assets/Standard Assets/Effects/TessellationShaders/Models/LowPolySphere.fbx
  importAddress: Guid(103612e5e1ff43a4e896c567a2cb3ae1) Importer(2089858483,b0f066a214c2f5e87bad3c948f4d605d)
Start importing Assets/Standard Assets/Effects/TessellationShaders/Models/LowPolySphere.fbx using Guid(103612e5e1ff43a4e896c567a2cb3ae1) Importer(2089858483,b0f066a214c2f5e87bad3c948f4d605d) (ScriptedImporter) -> (Import Result ID: '74a561506f1fdff9555303a4b45969d3') in 0.0134637 seconds [static and dynamic dependencies]. Details - ImportResultOutputID=b60f1c54ee82b1b20ee8cc3fef5fbbad DependenciesID=5d64b1897acf830f6ff66dd277b341f2 StaticDependenciesID=dac5a1939de13929bb02e20e12e1852f 
Number of updated asset objects reloaded before import = 0Number of asset objects unloaded after import = 8

========================================================================
Received Import Request.
  Time since last request: 0.000018 seconds.
  path: Assets/Standard Assets/Effects/GlassRefraction/Shaders/GlassStainedBumpDistort.shader
  importAddress: Guid(963484209d11fd7f110076aa44295342) Importer(2089858483,b0f066a214c2f5e87bad3c948f4d605d)
Start importing Assets/Standard Assets/Effects/GlassRefraction/Shaders/GlassStainedBumpDistort.shader using Guid(963484209d11fd7f110076aa44295342) Importer(2089858483,b0f066a214c2f5e87bad3c948f4d605d) (ScriptedImporter) -> (Import Result ID: '1b8f9c875d6852330920c14b00531b33') in 0.0100335 seconds [static and dynamic dependencies]. Details - ImportResultOutputID=013bfd4227108a278290fb6b67a6e35d DependenciesID=fc8abdf8c13e0752646db485d0891cc5 StaticDependenciesID=3231d58da4c813dc855594cd55cfc931 
Number of updated asset objects reloaded before import = 0Number of asset objects unloaded after import = 1

========================================================================
Received Import Request.
  Time since last request: 0.000018 seconds.
  path: Assets/Standard Assets/Characters/ThirdPersonCharacter/Animation/HumanoidMidAir.fbx
  importAddress: Guid(f03e10c73f30b4ab4aa8ea8f1cc16d36) Importer(2089858483,b0f066a214c2f5e87bad3c948f4d605d)
Start importing Assets/Standard Assets/Characters/ThirdPersonCharacter/Animation/HumanoidMidAir.fbx using Guid(f03e10c73f30b4ab4aa8ea8f1cc16d36) Importer(2089858483,b0f066a214c2f5e87bad3c948f4d605d) (ScriptedImporter) -> (Import Result ID: '4333c2e207af0469832e78a985cffe60') in 0.0146959 seconds [static and dynamic dependencies]. Details - ImportResultOutputID=68b843fe81e9165802fde9b1a3b1de0a DependenciesID=32884139cd7ff2cf82804a40752c5684 StaticDependenciesID=123de29aa28c7046a26f2ce03ce6538d 
Number of updated asset objects reloaded before import = 0Number of asset objects unloaded after import = 184

========================================================================
Received Import Request.
  Time since last request: 0.000022 seconds.
  path: Assets/Standard Assets/Effects/Projectors/Shaders/ProjectorMultiply.shader
  importAddress: Guid(01a668cc78047034a8a0c5ca2d24c6f7) Importer(2089858483,b0f066a214c2f5e87bad3c948f4d605d)
Start importing Assets/Standard Assets/Effects/Projectors/Shaders/ProjectorMultiply.shader using Guid(01a668cc78047034a8a0c5ca2d24c6f7) Importer(2089858483,b0f066a214c2f5e87bad3c948f4d605d) (ScriptedImporter) -> (Import Result ID: 'cf49d96f3932bb6d01844f49fb3a357e') in 0.0213266 seconds [static and dynamic dependencies]. Details - ImportResultOutputID=c71bdbcaaac280b2b0507f994586daf7 DependenciesID=f45e6274a04552b2dcd906fb41bdc480 StaticDependenciesID=b66638855340272700f06049ec820e30 
Number of updated asset objects reloaded before import = 0Number of asset objects unloaded after import = 1

========================================================================
Received Import Request.
  Time since last request: 0.000061 seconds.
  path: Assets/Standard Assets/ParticleSystems/Textures/ParticleCloudBlack.png
  importAddress: Guid(830884c18cf5e7a4895ee02c2dcd8e12) Importer(2089858483,b0f066a214c2f5e87bad3c948f4d605d)
Start importing Assets/Standard Assets/ParticleSystems/Textures/ParticleCloudBlack.png using Guid(830884c18cf5e7a4895ee02c2dcd8e12) Importer(2089858483,b0f066a214c2f5e87bad3c948f4d605d) (ScriptedImporter) -> (Import Result ID: '167ae32819b5ecbb869454ad8fb400b9') in 0.0117261 seconds [static and dynamic dependencies]. Details - ImportResultOutputID=152cac45803ffd02c3eda08a54c46736 DependenciesID=8ce878ff22f4d1dc2d3350e71cc15837 StaticDependenciesID=c4a292b95026e9976753fcebbbec831b 
Number of updated asset objects reloaded before import = 0Number of asset objects unloaded after import = 1

========================================================================
Received Import Request.
  Time since last request: 0.000014 seconds.
  path: Assets/Standard Assets/Effects/Projectors/Textures/Falloff.psd
  importAddress: Guid(23740055e2b119e40a939138ab8070f8) Importer(2089858483,b0f066a214c2f5e87bad3c948f4d605d)
Start importing Assets/Standard Assets/Effects/Projectors/Textures/Falloff.psd using Guid(23740055e2b119e40a939138ab8070f8) Importer(2089858483,b0f066a214c2f5e87bad3c948f4d605d) (ScriptedImporter) -> (Import Result ID: 'b47596a7e8d06179ebeb3fac2c99a541') in 0.0109805 seconds [static and dynamic dependencies]. Details - ImportResultOutputID=050e2829069793dbf547eb3d5e4908ed DependenciesID=08e13b5703c446f8b04c5a7a2be22127 StaticDependenciesID=c21f74e26c5d6d244bdab8c1f8554532 
Number of updated asset objects reloaded before import = 0Number of asset objects unloaded after import = 1

========================================================================
Received Import Request.
  Time since last request: 0.000018 seconds.
  path: Assets/Standard Assets/Effects/TessellationShaders/Shaders/BumpedSpecularDisplacement.shader
  importAddress: Guid(0a4b0bce1e250a14bb534d70bce205fa) Importer(2089858483,b0f066a214c2f5e87bad3c948f4d605d)
Start importing Assets/Standard Assets/Effects/TessellationShaders/Shaders/BumpedSpecularDisplacement.shader using Guid(0a4b0bce1e250a14bb534d70bce205fa) Importer(2089858483,b0f066a214c2f5e87bad3c948f4d605d) (ScriptedImporter) -> (Import Result ID: '89d3bb2e552664921b102933b115e814') in 0.0083478 seconds [static and dynamic dependencies]. Details - ImportResultOutputID=43f773c32a00d70dae02140237673cd5 DependenciesID=dd964e8cb622c392c33e6a4d34bb000e StaticDependenciesID=211d04df34bc53bc2c7187de0b8deb7d 
Number of updated asset objects reloaded before import = 0Number of asset objects unloaded after import = 1

========================================================================
Received Import Request.
  Time since last request: 0.000031 seconds.
  path: Assets/Standard Assets/Editor/Water/Water4/PlanarReflectionEditor.cs
  importAddress: Guid(ff3b0e14a61014f50be83e1a18c6d43e) Importer(2089858483,b0f066a214c2f5e87bad3c948f4d605d)
Start importing Assets/Standard Assets/Editor/Water/Water4/PlanarReflectionEditor.cs using Guid(ff3b0e14a61014f50be83e1a18c6d43e) Importer(2089858483,b0f066a214c2f5e87bad3c948f4d605d) (ScriptedImporter) -> (Import Result ID: '4630ee949e06d1b949738a284d7891c7') in 0.0070823 seconds [static and dynamic dependencies]. Details - ImportResultOutputID=00530dfedbc48016aa826303481e772f DependenciesID=51ed870b4fc1da7d0a715b396581d1cc StaticDependenciesID=331076119a7dc8ddc6f4092266eac2e1 
Number of updated asset objects reloaded before import = 0Number of asset objects unloaded after import = 0

========================================================================
Received Import Request.
  Time since last request: 0.000048 seconds.
  path: Assets/Standard Assets/Characters/ThirdPersonCharacter/Animation/HumanoidStandTurn.fbx
  importAddress: Guid(6fb3851da6a6f5948ab6892bee8ba920) Importer(2089858483,b0f066a214c2f5e87bad3c948f4d605d)
Start importing Assets/Standard Assets/Characters/ThirdPersonCharacter/Animation/HumanoidStandTurn.fbx using Guid(6fb3851da6a6f5948ab6892bee8ba920) Importer(2089858483,b0f066a214c2f5e87bad3c948f4d605d) (ScriptedImporter) -> (Import Result ID: 'a657b334a77169ac8e22c1b0b8790330') in 0.0157118 seconds [static and dynamic dependencies]. Details - ImportResultOutputID=2dec970914fdd6319d1c32a6b92d7933 DependenciesID=0a37688687c656b92abe51451c4043b8 StaticDependenciesID=56a997056cfd40f2ac59135c36db9b17 
Number of updated asset objects reloaded before import = 0Number of asset objects unloaded after import = 160

========================================================================
Received Import Request.
  Time since last request: 0.000023 seconds.
  path: Assets/Standard Assets/Characters/ThirdPersonCharacter/Materials/EthanWhite.mat
  importAddress: Guid(f62b52b2d4b721742a0bc5c6b4db468d) Importer(2089858483,b0f066a214c2f5e87bad3c948f4d605d)
Start importing Assets/Standard Assets/Characters/ThirdPersonCharacter/Materials/EthanWhite.mat using Guid(f62b52b2d4b721742a0bc5c6b4db468d) Importer(2089858483,b0f066a214c2f5e87bad3c948f4d605d) (ScriptedImporter) -> (Import Result ID: '3254d0b1956107df937bbc4445a820b2') in 0.0526462 seconds [static and dynamic dependencies]. Details - ImportResultOutputID=f347dddbffdf096e758ac471de38766d DependenciesID=4e1e6397cee967e496bbac6b04f85d56 StaticDependenciesID=ba9ed0237f429fead6829deb62a6cdb1 
Number of updated asset objects reloaded before import = 0Number of asset objects unloaded after import = 3

========================================================================
Received Import Request.
  Time since last request: 0.000027 seconds.
  path: Assets/Standard Assets/Characters/RollerBall/Materials/RollerBallGrey.mat
  importAddress: Guid(6fd099d339b4ae34692c8258e4f87531) Importer(2089858483,b0f066a214c2f5e87bad3c948f4d605d)
Start importing Assets/Standard Assets/Characters/RollerBall/Materials/RollerBallGrey.mat using Guid(6fd099d339b4ae34692c8258e4f87531) Importer(2089858483,b0f066a214c2f5e87bad3c948f4d605d) (ScriptedImporter) -> (Import Result ID: '8b35c34cb6a9e1c01eed91788601fe69') in 0.0090456 seconds [static and dynamic dependencies]. Details - ImportResultOutputID=ac4b462c031769825018bdf4072dfbbd DependenciesID=79c6cf8062d62a331f22c8892b67ecc9 StaticDependenciesID=da3cdd57dfd974580c862435777640a6 
Number of updated asset objects reloaded before import = 0Number of asset objects unloaded after import = 1

========================================================================
Received Import Request.
  Time since last request: 0.000045 seconds.
  path: Assets/Standard Assets/Environment/SpeedTree/Conifer/Thumb_Conifer_Desktop.jpg
  importAddress: Guid(1fbc4e410d66d804aaf31b4c25b16ffc) Importer(2089858483,b0f066a214c2f5e87bad3c948f4d605d)
Start importing Assets/Standard Assets/Environment/SpeedTree/Conifer/Thumb_Conifer_Desktop.jpg using Guid(1fbc4e410d66d804aaf31b4c25b16ffc) Importer(2089858483,b0f066a214c2f5e87bad3c948f4d605d) (ScriptedImporter) -> (Import Result ID: '31a4a29dafed2232c2c0f44de74b48a3') in 0.0125518 seconds [static and dynamic dependencies]. Details - ImportResultOutputID=fc7c41fa7f7c49d9b06fa6efe3e93424 DependenciesID=3d51d9b7b8350929866795e5cc9967c6 StaticDependenciesID=581793f331b87a62ec88fff057c0c344 
Number of updated asset objects reloaded before import = 0Number of asset objects unloaded after import = 1

========================================================================
Received Import Request.
  Time since last request: 0.000031 seconds.
  path: Assets/Standard Assets/Vehicles/Aircraft/Textures/AircraftPropellerBlur01GreyAlbedo.png
  importAddress: Guid(9bae725505bdaf5488cd1720e6f829bd) Importer(2089858483,b0f066a214c2f5e87bad3c948f4d605d)
Start importing Assets/Standard Assets/Vehicles/Aircraft/Textures/AircraftPropellerBlur01GreyAlbedo.png using Guid(9bae725505bdaf5488cd1720e6f829bd) Importer(2089858483,b0f066a214c2f5e87bad3c948f4d605d) (ScriptedImporter) -> (Import Result ID: '8701d8be632b746986c0a98057f8de38') in 0.0164666 seconds [static and dynamic dependencies]. Details - ImportResultOutputID=22e79479d2943da2650b0cabd541bba1 DependenciesID=ec4a98556ba0d13066818ea9ff3aaced StaticDependenciesID=6a3d68c97e9accbfd27d4c10e3ddfa0c 
Number of updated asset objects reloaded before import = 0Number of asset objects unloaded after import = 1

========================================================================
Received Import Request.
  Time since last request: 0.000017 seconds.
  path: Assets/Standard Assets/Environment/SpeedTree/Palm/Palm_Desktop_Atlas_Billboards.tga
  importAddress: Guid(a9c35d1eec67849419bd87d162ba90a7) Importer(2089858483,b0f066a214c2f5e87bad3c948f4d605d)
Start importing Assets/Standard Assets/Environment/SpeedTree/Palm/Palm_Desktop_Atlas_Billboards.tga using Guid(a9c35d1eec67849419bd87d162ba90a7) Importer(2089858483,b0f066a214c2f5e87bad3c948f4d605d) (ScriptedImporter) -> (Import Result ID: '683d254bede6b992d0e01dda9877f797') in 0.0144288 seconds [static and dynamic dependencies]. Details - ImportResultOutputID=779c677469e27994579c56d5afadc57b DependenciesID=9173a2d67adbf4a08435af6af909aca0 StaticDependenciesID=8ae716a33a0d559ddcc05ff39b509073 
Number of updated asset objects reloaded before import = 0Number of asset objects unloaded after import = 1

========================================================================
Received Import Request.
  Time since last request: 0.000032 seconds.
  path: Assets/Standard Assets/Environment/SpeedTree/Conifer/Conifer_Desktop_Atlas_Billboards_Normal.tga
  importAddress: Guid(6c2afc8a038f69f4aa35c25dcd94fd55) Importer(2089858483,b0f066a214c2f5e87bad3c948f4d605d)
Start importing Assets/Standard Assets/Environment/SpeedTree/Conifer/Conifer_Desktop_Atlas_Billboards_Normal.tga using Guid(6c2afc8a038f69f4aa35c25dcd94fd55) Importer(2089858483,b0f066a214c2f5e87bad3c948f4d605d) (ScriptedImporter) -> (Import Result ID: 'e637d6347c63e05fdad7488b4bbd6a79') in 0.0154026 seconds [static and dynamic dependencies]. Details - ImportResultOutputID=57fd022c73f27599e3d2f779d95ad099 DependenciesID=47cc15996e3237e48cd6a2bd9d23b734 StaticDependenciesID=d535199cd4ff9939fbd24ca8b8135453 
Number of updated asset objects reloaded before import = 0Number of asset objects unloaded after import = 1

========================================================================
Received Import Request.
  Time since last request: 0.000020 seconds.
  path: Assets/Standard Assets/Effects/ToonShading/Textures/ToonLit.psd
  importAddress: Guid(b995d4bd9d11078d11005b9844295342) Importer(2089858483,b0f066a214c2f5e87bad3c948f4d605d)
Start importing Assets/Standard Assets/Effects/ToonShading/Textures/ToonLit.psd using Guid(b995d4bd9d11078d11005b9844295342) Importer(2089858483,b0f066a214c2f5e87bad3c948f4d605d) (ScriptedImporter) -> (Import Result ID: '26368af4266d58da5b4e821a3cf9653a') in 0.0145144 seconds [static and dynamic dependencies]. Details - ImportResultOutputID=7e41c4baa83d62a9fc97795dfe8cce3f DependenciesID=2f5bd68784d9ed0d54f4a06533c70489 StaticDependenciesID=2fafcd6bdcdbe24cdb1a6cc52c50e08b 
Number of updated asset objects reloaded before import = 0Number of asset objects unloaded after import = 1

========================================================================
Received Import Request.
  Time since last request: 0.000021 seconds.
  path: Assets/Standard Assets/Environment/SpeedTree/Palm/Thumb_Palm_Desktop.jpg
  importAddress: Guid(a6e42589b1029ec4d962f422f92e554a) Importer(2089858483,b0f066a214c2f5e87bad3c948f4d605d)
Start importing Assets/Standard Assets/Environment/SpeedTree/Palm/Thumb_Palm_Desktop.jpg using Guid(a6e42589b1029ec4d962f422f92e554a) Importer(2089858483,b0f066a214c2f5e87bad3c948f4d605d) (ScriptedImporter) -> (Import Result ID: '2e8a4c7d167b4753faa33c7608c83e1f') in 0.012016 seconds [static and dynamic dependencies]. Details - ImportResultOutputID=dafe218c838fa5249d89a0b90b7fd5a5 DependenciesID=01855631e62e2950ff6f0bda3439ee0e StaticDependenciesID=bcc0f7b40237a8b38d47f130e5e3a09c 
Number of updated asset objects reloaded before import = 0Number of asset objects unloaded after import = 1

========================================================================
Received Import Request.
  Time since last request: 0.000013 seconds.
  path: Assets/Standard Assets/Vehicles/Aircraft/Materials/AircraftWingsPropellersGrey.mat
  importAddress: Guid(9cc96cc80c50454429965171ff4e500d) Importer(2089858483,b0f066a214c2f5e87bad3c948f4d605d)
Start importing Assets/Standard Assets/Vehicles/Aircraft/Materials/AircraftWingsPropellersGrey.mat using Guid(9cc96cc80c50454429965171ff4e500d) Importer(2089858483,b0f066a214c2f5e87bad3c948f4d605d) (ScriptedImporter) -> (Import Result ID: '2416b5ffbd262fc6319740b4fa36b424') in 0.0314962 seconds [static and dynamic dependencies]. Details - ImportResultOutputID=6358728aa646625a338cd5521849391a DependenciesID=9445a8adddaba6631435ef8f90e46f3a StaticDependenciesID=d6d8a30835d7603bc92e2bc76a234472 
Number of updated asset objects reloaded before import = 0Number of asset objects unloaded after import = 3

========================================================================
Received Import Request.
  Time since last request: 0.000022 seconds.
  path: Assets/Standard Assets/Vehicles/Aircraft/Materials/AircraftFuselageWhite.mat
  importAddress: Guid(6f36a222811073946936cf1cdeb78f9c) Importer(2089858483,b0f066a214c2f5e87bad3c948f4d605d)
Start importing Assets/Standard Assets/Vehicles/Aircraft/Materials/AircraftFuselageWhite.mat using Guid(6f36a222811073946936cf1cdeb78f9c) Importer(2089858483,b0f066a214c2f5e87bad3c948f4d605d) (ScriptedImporter) -> (Import Result ID: '81b80aaa3beebfdfe6ee61e2339770a0') in 0.0253739 seconds [static and dynamic dependencies]. Details - ImportResultOutputID=a149da32a581435622d2adeeee79f26d DependenciesID=426f4c6cf977d71d569c13da34a3855b StaticDependenciesID=8be6a69581d346406d2c38f43e28ffa5 
Number of updated asset objects reloaded before import = 0Number of asset objects unloaded after import = 3

========================================================================
Received Import Request.
  Time since last request: 0.000025 seconds.
  path: Assets/Standard Assets/Environment/SpeedTree/Broadleaf/Broadleaves_Desktop_Normal.tga
  importAddress: Guid(e7b2d3eeb0a4d694792c93a8ab87e4a4) Importer(2089858483,b0f066a214c2f5e87bad3c948f4d605d)
Start importing Assets/Standard Assets/Environment/SpeedTree/Broadleaf/Broadleaves_Desktop_Normal.tga using Guid(e7b2d3eeb0a4d694792c93a8ab87e4a4) Importer(2089858483,b0f066a214c2f5e87bad3c948f4d605d) (ScriptedImporter) -> (Import Result ID: '1772569dd96bcc5e17416baec5a9a49b') in 0.0116801 seconds [static and dynamic dependencies]. Details - ImportResultOutputID=ef2d5ad0aa3f6482a69df83ca9c78357 DependenciesID=108860d5b3c7e40ba1988194cf651942 StaticDependenciesID=f9ce8101658b2d765286e16def6a7c0e 
Number of updated asset objects reloaded before import = 0Number of asset objects unloaded after import = 1

========================================================================
Received Import Request.
  Time since last request: 0.000017 seconds.
  path: Assets/Standard Assets/Environment/SpeedTree/Broadleaf/Broadleaf_Mobile_Atlas_Billboards_Normal.tga
  importAddress: Guid(c9de3ae2361df6c469caeb2024321cbf) Importer(2089858483,b0f066a214c2f5e87bad3c948f4d605d)
Start importing Assets/Standard Assets/Environment/SpeedTree/Broadleaf/Broadleaf_Mobile_Atlas_Billboards_Normal.tga using Guid(c9de3ae2361df6c469caeb2024321cbf) Importer(2089858483,b0f066a214c2f5e87bad3c948f4d605d) (ScriptedImporter) -> (Import Result ID: '3c9e3b2ff0a3d94fb4f9f3187d49d32b') in 0.0155675 seconds [static and dynamic dependencies]. Details - ImportResultOutputID=69e528f2c805c28c420ec2597a046974 DependenciesID=1f02a262e88af22b5e7b61047e1adf5f StaticDependenciesID=541f97710dd59d88fd178c60b1455bea 
Number of updated asset objects reloaded before import = 0Number of asset objects unloaded after import = 1

========================================================================
Received Import Request.
  Time since last request: 0.000018 seconds.
  path: Assets/Standard Assets/Vehicles/Aircraft/Animation/PropGearRaised.anim
  importAddress: Guid(3384ba7df177ff3478c3bf190b2e65ef) Importer(2089858483,b0f066a214c2f5e87bad3c948f4d605d)
Start importing Assets/Standard Assets/Vehicles/Aircraft/Animation/PropGearRaised.anim using Guid(3384ba7df177ff3478c3bf190b2e65ef) Importer(2089858483,b0f066a214c2f5e87bad3c948f4d605d) (ScriptedImporter) -> (Import Result ID: '0ab0624c1f12501736a9adced80dbef5') in 0.0095382 seconds [static and dynamic dependencies]. Details - ImportResultOutputID=f1cf29bca309c759d1be0bb7a230338e DependenciesID=494a42f15e63bba2197219f7ad53abd2 StaticDependenciesID=3b60c7fa72e7f8165cc42a6f7177d5b0 
Number of updated asset objects reloaded before import = 0Number of asset objects unloaded after import = 1

========================================================================
Received Import Request.
  Time since last request: 0.000030 seconds.
  path: Assets/Standard Assets/Vehicles/Aircraft/Animation/PropGearRaise.anim
  importAddress: Guid(084efff1de1614c47ac92c4ce2fa8b3e) Importer(2089858483,b0f066a214c2f5e87bad3c948f4d605d)
Start importing Assets/Standard Assets/Vehicles/Aircraft/Animation/PropGearRaise.anim using Guid(084efff1de1614c47ac92c4ce2fa8b3e) Importer(2089858483,b0f066a214c2f5e87bad3c948f4d605d) (ScriptedImporter) -> (Import Result ID: '3344991bf26fc06cf286c85abdb3e9f5') in 0.0147706 seconds [static and dynamic dependencies]. Details - ImportResultOutputID=3a715d82800c8ea343697ea1ffc6a9e3 DependenciesID=5ff9bb0b61f578821693e8de3a0f63fa StaticDependenciesID=d2b466ba756ba6fe2d0909ca50287d47 
Number of updated asset objects reloaded before import = 0Number of asset objects unloaded after import = 1

========================================================================
Received Import Request.
  Time since last request: 0.000034 seconds.
  path: Assets/Standard Assets/Vehicles/Aircraft/Textures/AircraftFuselageOcclusion.png
  importAddress: Guid(d378ff11c42566d46b0b11cd91eca3a3) Importer(2089858483,b0f066a214c2f5e87bad3c948f4d605d)
Start importing Assets/Standard Assets/Vehicles/Aircraft/Textures/AircraftFuselageOcclusion.png using Guid(d378ff11c42566d46b0b11cd91eca3a3) Importer(2089858483,b0f066a214c2f5e87bad3c948f4d605d) (ScriptedImporter) -> (Import Result ID: 'fb05b8b6020a459cfc92081667d5a7b5') in 0.0163065 seconds [static and dynamic dependencies]. Details - ImportResultOutputID=ab836a051ec4b01e1d45abe427090da5 DependenciesID=771d8cda1f378f12629406acca98bf6f StaticDependenciesID=6e8015a4107defe65a9283995454a600 
Number of updated asset objects reloaded before import = 0Number of asset objects unloaded after import = 1

========================================================================
Received Import Request.
  Time since last request: 0.000018 seconds.
  path: Assets/Standard Assets/Environment/TerrainAssets/SurfaceTextures/SandAlbedo.psd
  importAddress: Guid(bfd675cc0db1d4656b75dc6d6ba91142) Importer(2089858483,b0f066a214c2f5e87bad3c948f4d605d)
Start importing Assets/Standard Assets/Environment/TerrainAssets/SurfaceTextures/SandAlbedo.psd using Guid(bfd675cc0db1d4656b75dc6d6ba91142) Importer(2089858483,b0f066a214c2f5e87bad3c948f4d605d) (ScriptedImporter) -> (Import Result ID: '444d6545ee940a75b786992d3d147ecd') in 0.012265 seconds [static and dynamic dependencies]. Details - ImportResultOutputID=2e997db9b0f8e57c083c912395a424fa DependenciesID=a82a13587675454a0aa7940990ef0315 StaticDependenciesID=1e1d7af5227f70e7cd970d355164dda5 
Number of updated asset objects reloaded before import = 0Number of asset objects unloaded after import = 1

========================================================================
Received Import Request.
  Time since last request: 0.000020 seconds.
  path: Assets/Standard Assets/Environment/SpeedTree/Conifer/Conifer_Desktop_Atlas.tga
  importAddress: Guid(ea9799c461d3f6e4eb0be2264829282d) Importer(2089858483,b0f066a214c2f5e87bad3c948f4d605d)
Start importing Assets/Standard Assets/Environment/SpeedTree/Conifer/Conifer_Desktop_Atlas.tga using Guid(ea9799c461d3f6e4eb0be2264829282d) Importer(2089858483,b0f066a214c2f5e87bad3c948f4d605d) (ScriptedImporter) -> (Import Result ID: '8853342cad251b349b42e9b3ce88356f') in 0.0117855 seconds [static and dynamic dependencies]. Details - ImportResultOutputID=b38d460c1649b0a5107cd0be5d737fb5 DependenciesID=4c9881755cff3635835d9491bb5b0487 StaticDependenciesID=965b59035a1897ea32b1f0c6275c62fa 
Number of updated asset objects reloaded before import = 0Number of asset objects unloaded after import = 1

========================================================================
Received Import Request.
  Time since last request: 0.000090 seconds.
  path: Assets/Standard Assets/Environment/SpeedTree/Palm/PalmFrond_Normal.tga
  importAddress: Guid(c4a7fc95fd5ac3942b8e85ec6c60a1fa) Importer(2089858483,b0f066a214c2f5e87bad3c948f4d605d)
Start importing Assets/Standard Assets/Environment/SpeedTree/Palm/PalmFrond_Normal.tga using Guid(c4a7fc95fd5ac3942b8e85ec6c60a1fa) Importer(2089858483,b0f066a214c2f5e87bad3c948f4d605d) (ScriptedImporter) -> (Import Result ID: '33df50df8f03ed0158691ba27c967b6b') in 0.0104175 seconds [static and dynamic dependencies]. Details - ImportResultOutputID=29d1285a4a97c4f3e4c87d1274357d5d DependenciesID=491b3b7887e5cba2073cc81503acd20d StaticDependenciesID=8b3b7c09e8374022d148197a73ce2990 
Number of updated asset objects reloaded before import = 0Number of asset objects unloaded after import = 1

========================================================================
Received Import Request.
  Time since last request: 0.000015 seconds.
  path: Assets/Standard Assets/Environment/SpeedTree/Broadleaf/Broadleaves_Mobile_Spec.tga
  importAddress: Guid(db2f1c62933fa1745a9eb8479b15698b) Importer(2089858483,b0f066a214c2f5e87bad3c948f4d605d)
Start importing Assets/Standard Assets/Environment/SpeedTree/Broadleaf/Broadleaves_Mobile_Spec.tga using Guid(db2f1c62933fa1745a9eb8479b15698b) Importer(2089858483,b0f066a214c2f5e87bad3c948f4d605d) (ScriptedImporter) -> (Import Result ID: '629ea45832e7aa8c857db0af5c4ea944') in 0.0123823 seconds [static and dynamic dependencies]. Details - ImportResultOutputID=ae0bd8c941f5fe95352fd5f922210603 DependenciesID=72f1b61cd26a45035e0c94d1bc50c73b StaticDependenciesID=b21dd7b60200e59129cee0564034c7a2 
Number of updated asset objects reloaded before import = 0Number of asset objects unloaded after import = 1

========================================================================
Received Import Request.
  Time since last request: 0.000017 seconds.
  path: Assets/Standard Assets/Vehicles/Aircraft/Prefabs/AircraftPropeller.prefab
  importAddress: Guid(7e1741de780e13f42a448fdb5b60c1e1) Importer(2089858483,b0f066a214c2f5e87bad3c948f4d605d)
Start importing Assets/Standard Assets/Vehicles/Aircraft/Prefabs/AircraftPropeller.prefab using Guid(7e1741de780e13f42a448fdb5b60c1e1) Importer(2089858483,b0f066a214c2f5e87bad3c948f4d605d) (ScriptedImporter) -> (Import Result ID: '79b0bc4bd9fc507453796e1fae074064') in 0.0276851 seconds [static and dynamic dependencies]. Details - ImportResultOutputID=fd8443b6611e8a7b0f0dd0f22f6a65f4 DependenciesID=0547363b153c8bf8155132dc6a228e0c StaticDependenciesID=bc0cf76be082777e5584ae2cdd56856f 
Number of updated asset objects reloaded before import = 0Number of asset objects unloaded after import = 202

========================================================================
Received Import Request.
  Time since last request: 0.000061 seconds.
  path: Assets/Standard Assets/Vehicles/Aircraft/Animation/JetGearRaise.anim
  importAddress: Guid(24edf56eb06f81748b6c139dc9ddc868) Importer(2089858483,b0f066a214c2f5e87bad3c948f4d605d)
Start importing Assets/Standard Assets/Vehicles/Aircraft/Animation/JetGearRaise.anim using Guid(24edf56eb06f81748b6c139dc9ddc868) Importer(2089858483,b0f066a214c2f5e87bad3c948f4d605d) (ScriptedImporter) -> (Import Result ID: '1acd792c6e7946e3497b37b8caf94c1b') in 0.017377 seconds [static and dynamic dependencies]. Details - ImportResultOutputID=12e0f013a8c27e8eef95180a0bff4660 DependenciesID=f78f94d1678a964e42b2c85329123f50 StaticDependenciesID=06727ac3203a81dfe3c37ea129b03015 
Number of updated asset objects reloaded before import = 0Number of asset objects unloaded after import = 1

========================================================================
Received Import Request.
  Time since last request: 0.000019 seconds.
  path: Assets/Standard Assets/Vehicles/Aircraft/Models/AircraftFuselage.fbx
  importAddress: Guid(4fea6053a1424d44daf193f09be2d491) Importer(2089858483,b0f066a214c2f5e87bad3c948f4d605d)
Start importing Assets/Standard Assets/Vehicles/Aircraft/Models/AircraftFuselage.fbx using Guid(4fea6053a1424d44daf193f09be2d491) Importer(2089858483,b0f066a214c2f5e87bad3c948f4d605d) (ScriptedImporter) -> (Import Result ID: '60e87877f5a39d1b101aea572295ca8b') in 0.0149354 seconds [static and dynamic dependencies]. Details - ImportResultOutputID=a1d175b93539219bae01b8c004408d58 DependenciesID=31b71d878c98c83f6021ab0198d68f22 StaticDependenciesID=89855094978bb24d5e6d54b278f53d0c 
Number of updated asset objects reloaded before import = 0Number of asset objects unloaded after import = 30

========================================================================
Received Import Request.
  Time since last request: 0.000015 seconds.
  path: Assets/Standard Assets/Vehicles/Aircraft/Prefabs/AircraftJetAI.prefab
  importAddress: Guid(6f7604981ce4c064cbe5284c437c5699) Importer(2089858483,b0f066a214c2f5e87bad3c948f4d605d)
Start importing Assets/Standard Assets/Vehicles/Aircraft/Prefabs/AircraftJetAI.prefab using Guid(6f7604981ce4c064cbe5284c437c5699) Importer(2089858483,b0f066a214c2f5e87bad3c948f4d605d) (ScriptedImporter) -> (Import Result ID: '3c64670ce06ee3afd54e370e48a5d06b') in 0.0429714 seconds [static and dynamic dependencies]. Details - ImportResultOutputID=6e83cc0c72eb96593a32e5b8cffbd1c7 DependenciesID=46c66d69b7f5eea35630702df7fd6c43 StaticDependenciesID=4417a152d09f5d45e5dca999e146a404 
Number of updated asset objects reloaded before import = 0Number of asset objects unloaded after import = 234

========================================================================
Received Import Request.
  Time since last request: 0.000019 seconds.
  path: Assets/Standard Assets/Vehicles/Aircraft/Materials/ParticleAfterburner.mat
  importAddress: Guid(33574fa1b36c9244ebeedb7e591ed39b) Importer(2089858483,b0f066a214c2f5e87bad3c948f4d605d)
Start importing Assets/Standard Assets/Vehicles/Aircraft/Materials/ParticleAfterburner.mat using Guid(33574fa1b36c9244ebeedb7e591ed39b) Importer(2089858483,b0f066a214c2f5e87bad3c948f4d605d) (ScriptedImporter) -> (Import Result ID: 'f91fe324eacabb78d766f1461ef87204') in 0.0083678 seconds [static and dynamic dependencies]. Details - ImportResultOutputID=8ae7d391568cc69fd96ed54a7a654835 DependenciesID=bcb4102ff832d9ee1f953803a15c3c62 StaticDependenciesID=cc0ab7535dd5d98663898bb6d32bc9f2 
Number of updated asset objects reloaded before import = 0Number of asset objects unloaded after import = 1

========================================================================
Received Import Request.
  Time since last request: 0.000015 seconds.
  path: Assets/Standard Assets/Vehicles/Aircraft/Scripts/AeroplaneUserControl2Axis.cs
  importAddress: Guid(b297a60c0ddf0ee4dabefaf158fb097d) Importer(2089858483,b0f066a214c2f5e87bad3c948f4d605d)
Start importing Assets/Standard Assets/Vehicles/Aircraft/Scripts/AeroplaneUserControl2Axis.cs using Guid(b297a60c0ddf0ee4dabefaf158fb097d) Importer(2089858483,b0f066a214c2f5e87bad3c948f4d605d) (ScriptedImporter) -> (Import Result ID: '5155a0685a5e85db5b5aa7f1bb145ec9') in 0.0076302 seconds [static and dynamic dependencies]. Details - ImportResultOutputID=1e1508a51bdd77412561bcebe8ce590c DependenciesID=66e9cfab0a021d1d8c5925417afad150 StaticDependenciesID=d0fce18f97038ae0fe3cdcb6ac98762b 
Number of updated asset objects reloaded before import = 0Number of asset objects unloaded after import = 0

========================================================================
Received Import Request.
  Time since last request: 0.000026 seconds.
  path: Assets/Standard Assets/Environment/Water (Basic)/Textures/WaterBasicNormals.jpg
  importAddress: Guid(a53cf5449d11a15d1100a04b44295342) Importer(2089858483,b0f066a214c2f5e87bad3c948f4d605d)
Start importing Assets/Standard Assets/Environment/Water (Basic)/Textures/WaterBasicNormals.jpg using Guid(a53cf5449d11a15d1100a04b44295342) Importer(2089858483,b0f066a214c2f5e87bad3c948f4d605d) (ScriptedImporter) -> (Import Result ID: '6d21accef44d7bca01101abc38aaadce') in 0.0110513 seconds [static and dynamic dependencies]. Details - ImportResultOutputID=fb7bdb8753ae0768ad26f511d082f114 DependenciesID=302a47570e21693643732fe054331f98 StaticDependenciesID=d9bc1da24c9ce9fed50b467261422b92 
Number of updated asset objects reloaded before import = 0Number of asset objects unloaded after import = 1

========================================================================
Received Import Request.
  Time since last request: 0.000036 seconds.
  path: Assets/Standard Assets/Environment/Water (Basic)/Textures/WaterBasicDaytimeGradient.psd
  importAddress: Guid(047330f39d11745ad0004adb8d76c639) Importer(2089858483,b0f066a214c2f5e87bad3c948f4d605d)
Start importing Assets/Standard Assets/Environment/Water (Basic)/Textures/WaterBasicDaytimeGradient.psd using Guid(047330f39d11745ad0004adb8d76c639) Importer(2089858483,b0f066a214c2f5e87bad3c948f4d605d) (ScriptedImporter) -> (Import Result ID: 'a74a8c5ace9edb63689e65b42cb72cf8') in 0.0118368 seconds [static and dynamic dependencies]. Details - ImportResultOutputID=7e657c5e6ab2c21a2f4786d6042d0067 DependenciesID=cd14ec42e982887db8859894f1c940ba StaticDependenciesID=a13a368680f3d3a8e2f66122e30d0097 
Number of updated asset objects reloaded before import = 0Number of asset objects unloaded after import = 1

========================================================================
Received Import Request.
  Time since last request: 0.000017 seconds.
  path: Assets/Standard Assets/Characters/FirstPersonCharacter/Audio/Footstep04.wav
  importAddress: Guid(e9714160ce34f2b4ab63ff8c27bd68e1) Importer(2089858483,b0f066a214c2f5e87bad3c948f4d605d)
Start importing Assets/Standard Assets/Characters/FirstPersonCharacter/Audio/Footstep04.wav using Guid(e9714160ce34f2b4ab63ff8c27bd68e1) Importer(2089858483,b0f066a214c2f5e87bad3c948f4d605d) (ScriptedImporter) -> (Import Result ID: '82929f5710f6f4da3eb06f275fecda1a') in 0.0108767 seconds [static and dynamic dependencies]. Details - ImportResultOutputID=d7cb63f8d4e478014d8c7840c233b52d DependenciesID=161ac31ab29a1665e8823cb7213970e2 StaticDependenciesID=6a785d9e681015e23b955edf334dddbb 
Number of updated asset objects reloaded before import = 0Number of asset objects unloaded after import = 1

========================================================================
Received Import Request.
  Time since last request: 0.000026 seconds.
  path: Assets/Standard Assets/ParticleSystems/Shaders/PriorityParticleAlpha.shader
  importAddress: Guid(cc4347574b823934ba11785e25895920) Importer(2089858483,b0f066a214c2f5e87bad3c948f4d605d)
Start importing Assets/Standard Assets/ParticleSystems/Shaders/PriorityParticleAlpha.shader using Guid(cc4347574b823934ba11785e25895920) Importer(2089858483,b0f066a214c2f5e87bad3c948f4d605d) (ScriptedImporter) -> (Import Result ID: 'f40404b2a614d3d93df544dd168c8bc5') in 0.0079235 seconds [static and dynamic dependencies]. Details - ImportResultOutputID=ec1ece60cd78f117c92b742f36a5f810 DependenciesID=c4fb09ab57771f4b8f98c044e9743a6f StaticDependenciesID=aca3f75aa2fbfdee6e89fc4551d7fff1 
Number of updated asset objects reloaded before import = 0Number of asset objects unloaded after import = 1

========================================================================
Received Import Request.
  Time since last request: 0.000018 seconds.
  path: Assets/Standard Assets/Effects/Projectors/Textures/Grid.psd
  importAddress: Guid(529239097d02f9f42b0ddd436c6fcbb0) Importer(2089858483,b0f066a214c2f5e87bad3c948f4d605d)
Start importing Assets/Standard Assets/Effects/Projectors/Textures/Grid.psd using Guid(529239097d02f9f42b0ddd436c6fcbb0) Importer(2089858483,b0f066a214c2f5e87bad3c948f4d605d) (ScriptedImporter) -> (Import Result ID: '6acb426ef5a62fc86f7586a16db20ebd') in 0.016752 seconds [static and dynamic dependencies]. Details - ImportResultOutputID=ba2429b07ce34a94fed7b0740dbe840c DependenciesID=6eb3a4a1d52f407eea864268a7b9c966 StaticDependenciesID=c4c1b2a79cbe2c5d1f1ba73496798f32 
Number of updated asset objects reloaded before import = 0Number of asset objects unloaded after import = 1

========================================================================
Received Import Request.
  Time since last request: 0.000018 seconds.
  path: Assets/Standard Assets/Prototyping/Textures/GridEmissive.png
  importAddress: Guid(a196fd6788131ec459bfb26012466fc1) Importer(2089858483,b0f066a214c2f5e87bad3c948f4d605d)
Start importing Assets/Standard Assets/Prototyping/Textures/GridEmissive.png using Guid(a196fd6788131ec459bfb26012466fc1) Importer(2089858483,b0f066a214c2f5e87bad3c948f4d605d) (ScriptedImporter) -> (Import Result ID: '25ab75a9d83cdb0648be99e4401abff8') in 0.0126951 seconds [static and dynamic dependencies]. Details - ImportResultOutputID=38f54ed169117b29795575e92b4d34c5 DependenciesID=6e49d9b64977b5fd14bae6e839ac0850 StaticDependenciesID=f7ac238633ab119c76788a5f41202fa2 
Number of updated asset objects reloaded before import = 0Number of asset objects unloaded after import = 1

========================================================================
Received Import Request.
  Time since last request: 0.000021 seconds.
  path: Assets/Standard Assets/Vehicles/Aircraft/Animation/PropPlane.controller
  importAddress: Guid(65608af48ccbac7499009aa24a543a62) Importer(2089858483,b0f066a214c2f5e87bad3c948f4d605d)
Start importing Assets/Standard Assets/Vehicles/Aircraft/Animation/PropPlane.controller using Guid(65608af48ccbac7499009aa24a543a62) Importer(2089858483,b0f066a214c2f5e87bad3c948f4d605d) (ScriptedImporter) -> (Import Result ID: 'fe6bf56da9bb7ad7b56d0c6cd760afc5') in 0.0147823 seconds [static and dynamic dependencies]. Details - ImportResultOutputID=db2f6f483d56437d07b09f0118969ba1 DependenciesID=dbeb52658346b119a82dc83ce7a06199 StaticDependenciesID=57c243b1d85191177143a64886073e39 
Number of updated asset objects reloaded before import = 0Number of asset objects unloaded after import = 14

========================================================================
Received Import Request.
  Time since last request: 0.000017 seconds.
  path: Assets/Standard Assets/Vehicles/Car/Audio/AccelerationHigh.wav
  importAddress: Guid(03e3bd08a6e70684dbe299a3e185fdd2) Importer(2089858483,b0f066a214c2f5e87bad3c948f4d605d)
Start importing Assets/Standard Assets/Vehicles/Car/Audio/AccelerationHigh.wav using Guid(03e3bd08a6e70684dbe299a3e185fdd2) Importer(2089858483,b0f066a214c2f5e87bad3c948f4d605d) (ScriptedImporter) -> (Import Result ID: '7922cb6b99d69390a1a4551b903f5f4c') in 0.0088234 seconds [static and dynamic dependencies]. Details - ImportResultOutputID=08ae2ac8549dcf68a23846e80e091ee6 DependenciesID=ec8952ee75cb78de8311fb6e8d0c6b66 StaticDependenciesID=3c20c168be15e3df9027b3f01b921cf2 
Number of updated asset objects reloaded before import = 0Number of asset objects unloaded after import = 1

========================================================================
Received Import Request.
  Time since last request: 0.000043 seconds.
  path: Assets/Standard Assets/Environment/SpeedTree/Palm/Palm_Desktop Materials/LOD0/Fronds_2.mat
  importAddress: Guid(1cb3f0c5c8637644dae1816a674f7e10) Importer(2089858483,b0f066a214c2f5e87bad3c948f4d605d)
Start importing Assets/Standard Assets/Environment/SpeedTree/Palm/Palm_Desktop Materials/LOD0/Fronds_2.mat using Guid(1cb3f0c5c8637644dae1816a674f7e10) Importer(2089858483,b0f066a214c2f5e87bad3c948f4d605d) (ScriptedImporter) -> (Import Result ID: '74446086337c9d48a5eda1d53b776981') in 0.0785947 seconds [static and dynamic dependencies]. Details - ImportResultOutputID=5b49bd9e3fcb18d0a6fb356e80caba1d DependenciesID=7f6ee4737d6f52576d14151a96954221 StaticDependenciesID=cb42dc28d506b901588adc512ca4b39e 
Number of updated asset objects reloaded before import = 0Number of asset objects unloaded after import = 3

========================================================================
Received Import Request.
  Time since last request: 0.000022 seconds.
  path: Assets/Standard Assets/Environment/SpeedTree/Broadleaf/Broadleaf_Mobile Materials/LOD0/Branches_0.mat
  importAddress: Guid(bfc1dabf45016eb46b99df1a78054924) Importer(2089858483,b0f066a214c2f5e87bad3c948f4d605d)
Start importing Assets/Standard Assets/Environment/SpeedTree/Broadleaf/Broadleaf_Mobile Materials/LOD0/Branches_0.mat using Guid(bfc1dabf45016eb46b99df1a78054924) Importer(2089858483,b0f066a214c2f5e87bad3c948f4d605d) (ScriptedImporter) -> (Import Result ID: 'c9c2e9b965fe5f1bbef7822c04e32683') in 0.0715719 seconds [static and dynamic dependencies]. Details - ImportResultOutputID=a9992d36ad38d17a4b39e4d7b99ab000 DependenciesID=e8158e6e23ad8d44f6fcb4e9ae9c9789 StaticDependenciesID=c705d41ce241ab377bfd20ded65a5b81 
Number of updated asset objects reloaded before import = 0Number of asset objects unloaded after import = 3

========================================================================
Received Import Request.
  Time since last request: 0.000019 seconds.
  path: Assets/Standard Assets/Environment/SpeedTree/Conifer/Conifer_Desktop Materials/LOD2/Branches_0.mat
  importAddress: Guid(dffa6c1325fd30b41819f03be58b91e7) Importer(2089858483,b0f066a214c2f5e87bad3c948f4d605d)
Start importing Assets/Standard Assets/Environment/SpeedTree/Conifer/Conifer_Desktop Materials/LOD2/Branches_0.mat using Guid(dffa6c1325fd30b41819f03be58b91e7) Importer(2089858483,b0f066a214c2f5e87bad3c948f4d605d) (ScriptedImporter) -> (Import Result ID: '2e9bb379a3424d174d89b3376710a3c4') in 0.0121594 seconds [static and dynamic dependencies]. Details - ImportResultOutputID=0d8429f1c24da84633b41faadb187bcb DependenciesID=dee577f077ed1199341b2fad1d7a4936 StaticDependenciesID=ee2117416699dde558319bde48af3990 
Number of updated asset objects reloaded before import = 0Number of asset objects unloaded after import = 3

========================================================================
Received Import Request.
  Time since last request: 0.000026 seconds.
  path: Assets/Standard Assets/Environment/Water/Water4/Prefabs/Water4Advanced.prefab
  importAddress: Guid(b544816461f324e56a39767fdeb5b114) Importer(2089858483,b0f066a214c2f5e87bad3c948f4d605d)
Start importing Assets/Standard Assets/Environment/Water/Water4/Prefabs/Water4Advanced.prefab using Guid(b544816461f324e56a39767fdeb5b114) Importer(2089858483,b0f066a214c2f5e87bad3c948f4d605d) (ScriptedImporter) -> (Import Result ID: '9a54c4fc39b0a5e24399db8201e4de0b') in 0.0116064 seconds [static and dynamic dependencies]. Details - ImportResultOutputID=822579bc00b4b54ce14cb40f8b64abf8 DependenciesID=80232ff0bde02fb105820593431e2440 StaticDependenciesID=ea3c335d2d3d6466bf3de95e1c615c62 
Number of updated asset objects reloaded before import = 0Number of asset objects unloaded after import = 32

========================================================================
Received Import Request.
  Time since last request: 0.000015 seconds.
  path: Assets/Standard Assets/Environment/SpeedTree/Broadleaf/Broadleaf_Mobile Materials/LOD1/Branches_0.mat
  importAddress: Guid(1092dd21af768cb499771bf88709dbbd) Importer(2089858483,b0f066a214c2f5e87bad3c948f4d605d)
Start importing Assets/Standard Assets/Environment/SpeedTree/Broadleaf/Broadleaf_Mobile Materials/LOD1/Branches_0.mat using Guid(1092dd21af768cb499771bf88709dbbd) Importer(2089858483,b0f066a214c2f5e87bad3c948f4d605d) (ScriptedImporter) -> (Import Result ID: '6c7c07a3d0ab8444bd495b6264f6ba65') in 0.0111572 seconds [static and dynamic dependencies]. Details - ImportResultOutputID=132ecab0d8707c108e57c9e14a87be9c DependenciesID=fc4c6db6e1ed82a1fd5c55d816fa9ce6 StaticDependenciesID=d9a8bb87d837c0853597d932d78fa3f0 
Number of updated asset objects reloaded before import = 0Number of asset objects unloaded after import = 3

========================================================================
Received Import Request.
  Time since last request: 0.000022 seconds.
  path: Assets/Standard Assets/Vehicles/Car/Textures/SkyCarLightsGlowAlpha.png
  importAddress: Guid(6fc19647dd174e04e9793be879aea216) Importer(2089858483,b0f066a214c2f5e87bad3c948f4d605d)
Start importing Assets/Standard Assets/Vehicles/Car/Textures/SkyCarLightsGlowAlpha.png using Guid(6fc19647dd174e04e9793be879aea216) Importer(2089858483,b0f066a214c2f5e87bad3c948f4d605d) (ScriptedImporter) -> (Import Result ID: 'a90a79dbe32ce8ee296b1fc5208ce11c') in 0.0104819 seconds [static and dynamic dependencies]. Details - ImportResultOutputID=caa9cf3ab43bc559d92c0420248eaa9c DependenciesID=c6027ac87afc1dae19b80b4de7a89863 StaticDependenciesID=56d79e8d36b21f2775af3209ea8a6b52 
Number of updated asset objects reloaded before import = 0Number of asset objects unloaded after import = 1

========================================================================
Received Import Request.
  Time since last request: 0.000017 seconds.
  path: Assets/Standard Assets/Environment/SpeedTree/Palm/Palm_Desktop Materials/Billboard.mat
  importAddress: Guid(6e680dda9368db5418f19388474277a2) Importer(2089858483,b0f066a214c2f5e87bad3c948f4d605d)
Start importing Assets/Standard Assets/Environment/SpeedTree/Palm/Palm_Desktop Materials/Billboard.mat using Guid(6e680dda9368db5418f19388474277a2) Importer(2089858483,b0f066a214c2f5e87bad3c948f4d605d) (ScriptedImporter) -> (Import Result ID: '67bf85d9bdb9c63e8895632ba911cc4b') in 0.0705308 seconds [static and dynamic dependencies]. Details - ImportResultOutputID=4f3dab4222f3b7fedf2c85990b29c04d DependenciesID=6d92ae616f9d6e32196d7f6806565cd2 StaticDependenciesID=140db3d41a9664fdea7bb704d98a175d 
Number of updated asset objects reloaded before import = 0Number of asset objects unloaded after import = 3

========================================================================
Received Import Request.
  Time since last request: 0.000058 seconds.
  path: Assets/Standard Assets/Environment/Water/Water/Shaders/FXWaterPro.shader
  importAddress: Guid(1cac2e0bcc34e4b3cbb4bd85982eba83) Importer(2089858483,b0f066a214c2f5e87bad3c948f4d605d)
Start importing Assets/Standard Assets/Environment/Water/Water/Shaders/FXWaterPro.shader using Guid(1cac2e0bcc34e4b3cbb4bd85982eba83) Importer(2089858483,b0f066a214c2f5e87bad3c948f4d605d) (ScriptedImporter) -> (Import Result ID: '52ad34dbe56478ffa2637debb4232565') in 0.0097745 seconds [static and dynamic dependencies]. Details - ImportResultOutputID=3b8995f5b35c02c5dd593a3936100c7a DependenciesID=d0e827830201a337b8e1589d494b443d StaticDependenciesID=da33bed34497c76aafc2078a5fc1fbf7 
Number of updated asset objects reloaded before import = 0Number of asset objects unloaded after import = 1

========================================================================
Received Import Request.
  Time since last request: 0.000015 seconds.
  path: Assets/Standard Assets/Environment/SpeedTree/Broadleaf/Broadleaf_Desktop Materials/Billboard.mat
  importAddress: Guid(d68104aea3d1d084385a1acc7c896247) Importer(2089858483,b0f066a214c2f5e87bad3c948f4d605d)
Start importing Assets/Standard Assets/Environment/SpeedTree/Broadleaf/Broadleaf_Desktop Materials/Billboard.mat using Guid(d68104aea3d1d084385a1acc7c896247) Importer(2089858483,b0f066a214c2f5e87bad3c948f4d605d) (ScriptedImporter) -> (Import Result ID: 'c14c8d7ecba819d799e8e15ca0054cc4') in 0.0103452 seconds [static and dynamic dependencies]. Details - ImportResultOutputID=e2bc01701249c040c4678323483b973f DependenciesID=b930447c60077758a74fa32dcd8c174f StaticDependenciesID=a03439e6a6a743788946637780c69513 
Number of updated asset objects reloaded before import = 0Number of asset objects unloaded after import = 3

========================================================================
Received Import Request.
  Time since last request: 0.000017 seconds.
  path: Assets/Standard Assets/Vehicles/Aircraft/Textures/AircraftWingsJetNormals.png
  importAddress: Guid(f7c27487b4792e640b8816a7e0e2f5dd) Importer(2089858483,b0f066a214c2f5e87bad3c948f4d605d)
Start importing Assets/Standard Assets/Vehicles/Aircraft/Textures/AircraftWingsJetNormals.png using Guid(f7c27487b4792e640b8816a7e0e2f5dd) Importer(2089858483,b0f066a214c2f5e87bad3c948f4d605d) (ScriptedImporter) -> (Import Result ID: 'b21741c0d4ae83004cd1c774c4131a75') in 0.0246484 seconds [static and dynamic dependencies]. Details - ImportResultOutputID=db15aa2d1d510932d47c6432f6c1d6ed DependenciesID=a37022cb0b7c5fdd7004927db3ebd55c StaticDependenciesID=23d7fb9def988826dce476b3c013a70b 
Number of updated asset objects reloaded before import = 0Number of asset objects unloaded after import = 1

========================================================================
Received Import Request.
  Time since last request: 0.000014 seconds.
  path: Assets/Standard Assets/Environment/Water/Water/Materials/WaterProDaytime.mat
  importAddress: Guid(7350b65a6431f604a8496c39db1ac9c5) Importer(2089858483,b0f066a214c2f5e87bad3c948f4d605d)
Start importing Assets/Standard Assets/Environment/Water/Water/Materials/WaterProDaytime.mat using Guid(7350b65a6431f604a8496c39db1ac9c5) Importer(2089858483,b0f066a214c2f5e87bad3c948f4d605d) (ScriptedImporter) -> (Import Result ID: 'e021c85873c350d33349c0c5404f0694') in 0.0132011 seconds [static and dynamic dependencies]. Details - ImportResultOutputID=bc4f89ff20e0bdab02b834a6dff9575a DependenciesID=8ea0b8d0ef194142eda435e5fb18f31a StaticDependenciesID=14d5dfbeeefe951ef14a3493a1eb6827 
Number of updated asset objects reloaded before import = 0Number of asset objects unloaded after import = 4

========================================================================
Received Import Request.
  Time since last request: 0.000016 seconds.
  path: Assets/Standard Assets/Environment/SpeedTree/Broadleaf/Broadleaf_Mobile Materials/LOD1/Leaves_1.mat
  importAddress: Guid(a940b48d553d9c74f9ca0a3b4cf74336) Importer(2089858483,b0f066a214c2f5e87bad3c948f4d605d)
Start importing Assets/Standard Assets/Environment/SpeedTree/Broadleaf/Broadleaf_Mobile Materials/LOD1/Leaves_1.mat using Guid(a940b48d553d9c74f9ca0a3b4cf74336) Importer(2089858483,b0f066a214c2f5e87bad3c948f4d605d) (ScriptedImporter) -> (Import Result ID: '7ae2229b61f7991151671d415d9c400a') in 0.1094081 seconds [static and dynamic dependencies]. Details - ImportResultOutputID=305bf362ca038dc3f2fbcb3b09e00137 DependenciesID=17312f1128ce23f50b98334cb07e08f7 StaticDependenciesID=968dab7e0e85195979361ec145afbf5d 
Number of updated asset objects reloaded before import = 0Number of asset objects unloaded after import = 3

========================================================================
Received Import Request.
  Time since last request: 0.000019 seconds.
  path: Assets/Standard Assets/Environment/Water/Water4/Shaders/FXWater4Simple.shader
  importAddress: Guid(8aaff0751054e4a9cb4642d01eaf5be9) Importer(2089858483,b0f066a214c2f5e87bad3c948f4d605d)
Start importing Assets/Standard Assets/Environment/Water/Water4/Shaders/FXWater4Simple.shader using Guid(8aaff0751054e4a9cb4642d01eaf5be9) Importer(2089858483,b0f066a214c2f5e87bad3c948f4d605d) (ScriptedImporter) -> (Import Result ID: 'fa238ea54a6f7d0e932267eb47ddf046') in 0.0092111 seconds [static and dynamic dependencies]. Details - ImportResultOutputID=ca04d5efa6881892caf39be8b6ef243e DependenciesID=595d7b227bca269c45761a2d96238474 StaticDependenciesID=2c4775c297602ebded621c108ac2df7f 
Number of updated asset objects reloaded before import = 0Number of asset objects unloaded after import = 1

========================================================================
Received Import Request.
  Time since last request: 0.000028 seconds.
  path: Assets/Standard Assets/Vehicles/Car/Scripts/CarAIControl.cs
  importAddress: Guid(d963df58504b69045b8d0d746ba6f777) Importer(2089858483,b0f066a214c2f5e87bad3c948f4d605d)
Start importing Assets/Standard Assets/Vehicles/Car/Scripts/CarAIControl.cs using Guid(d963df58504b69045b8d0d746ba6f777) Importer(2089858483,b0f066a214c2f5e87bad3c948f4d605d) (ScriptedImporter) -> (Import Result ID: '9b4c937e27afca4d29c00b69a10af232') in 0.008939 seconds [static and dynamic dependencies]. Details - ImportResultOutputID=a0ea1362ff4df3f3861190f66a03e2e0 DependenciesID=4f72e5e57df788dd92ad95383ab7fd9c StaticDependenciesID=679eb493721b9f1786fed5871e93faa3 
Number of updated asset objects reloaded before import = 0Number of asset objects unloaded after import = 0

========================================================================
Received Import Request.
  Time since last request: 0.000051 seconds.
  path: Assets/Standard Assets/Vehicles/Aircraft/Textures/AircraftWingsJetOcclusion.png
  importAddress: Guid(a2203213fc4dd244e90e1e9d1862c097) Importer(2089858483,b0f066a214c2f5e87bad3c948f4d605d)
Start importing Assets/Standard Assets/Vehicles/Aircraft/Textures/AircraftWingsJetOcclusion.png using Guid(a2203213fc4dd244e90e1e9d1862c097) Importer(2089858483,b0f066a214c2f5e87bad3c948f4d605d) (ScriptedImporter) -> (Import Result ID: 'a904ea47e6d812a518c3fd4a93ef7ca6') in 0.0146191 seconds [static and dynamic dependencies]. Details - ImportResultOutputID=3b812d42d7bf6baa4b091430e58ca98c DependenciesID=4b8bf0ccd9cc43afe06d41fdd4db49fb StaticDependenciesID=bd2bf4b4db1fe13c36528d3feb1fdc07 
Number of updated asset objects reloaded before import = 0Number of asset objects unloaded after import = 1

========================================================================
Received Import Request.
  Time since last request: 0.000016 seconds.
  path: Assets/Standard Assets/Vehicles/Car/Shaders/DiffuseReflectiveShader.shader
  importAddress: Guid(eed5000546afeea48bdeeb5cf208c2e9) Importer(2089858483,b0f066a214c2f5e87bad3c948f4d605d)
Start importing Assets/Standard Assets/Vehicles/Car/Shaders/DiffuseReflectiveShader.shader using Guid(eed5000546afeea48bdeeb5cf208c2e9) Importer(2089858483,b0f066a214c2f5e87bad3c948f4d605d) (ScriptedImporter) -> (Import Result ID: 'c76c154cc90705a44163553efcb7095b') in 0.008899 seconds [static and dynamic dependencies]. Details - ImportResultOutputID=2229c2e7258b0d78239760477ccf888f DependenciesID=5309e9b65a862728ed9a2ff180133509 StaticDependenciesID=6c4e5edd7fb57773f48ae9dac007eacd 
Number of updated asset objects reloaded before import = 0Number of asset objects unloaded after import = 1

========================================================================
Received Import Request.
  Time since last request: 0.000045 seconds.
  path: Assets/Standard Assets/Environment/SpeedTree/Conifer/Conifer_Desktop Materials/LOD2/Branches_1.mat
  importAddress: Guid(57df284b8a7c87b4894ac5f9c86e0be9) Importer(2089858483,b0f066a214c2f5e87bad3c948f4d605d)
Start importing Assets/Standard Assets/Environment/SpeedTree/Conifer/Conifer_Desktop Materials/LOD2/Branches_1.mat using Guid(57df284b8a7c87b4894ac5f9c86e0be9) Importer(2089858483,b0f066a214c2f5e87bad3c948f4d605d) (ScriptedImporter) -> (Import Result ID: '2cee19ebeaad675562322bd3157f860a') in 0.0730308 seconds [static and dynamic dependencies]. Details - ImportResultOutputID=5a8a5805cbaef86528ef7ffb69adc6f6 DependenciesID=713c3d5297ab9699cffc17a85bb208c6 StaticDependenciesID=9fdc9f3f0fbd9153f0617025e7944f94 
Number of updated asset objects reloaded before import = 0Number of asset objects unloaded after import = 3

========================================================================
Received Import Request.
  Time since last request: 0.000019 seconds.
  path: Assets/Standard Assets/Vehicles/Car/Materials/SkyCarBodyWhite.mat
  importAddress: Guid(6ec41f7c0e0d3fb40933551a4124b211) Importer(2089858483,b0f066a214c2f5e87bad3c948f4d605d)
Start importing Assets/Standard Assets/Vehicles/Car/Materials/SkyCarBodyWhite.mat using Guid(6ec41f7c0e0d3fb40933551a4124b211) Importer(2089858483,b0f066a214c2f5e87bad3c948f4d605d) (ScriptedImporter) -> (Import Result ID: '020fbfd34469db66008e9e48740063e0') in 0.0112094 seconds [static and dynamic dependencies]. Details - ImportResultOutputID=ac0603641edad590dffea5f688fd84d7 DependenciesID=de18f48edcdcf9b8aacbf923cde54a70 StaticDependenciesID=6fe81bd7d98f402ea4104171587e492f 
Number of updated asset objects reloaded before import = 0Number of asset objects unloaded after import = 3

========================================================================
Received Import Request.
  Time since last request: 0.000021 seconds.
  path: Assets/Standard Assets/Vehicles/Car/Audio/AccelerationLow.wav
  importAddress: Guid(c4d8928c75c21af43998193f0f038429) Importer(2089858483,b0f066a214c2f5e87bad3c948f4d605d)
Start importing Assets/Standard Assets/Vehicles/Car/Audio/AccelerationLow.wav using Guid(c4d8928c75c21af43998193f0f038429) Importer(2089858483,b0f066a214c2f5e87bad3c948f4d605d) (ScriptedImporter) -> (Import Result ID: '2e83ddcf100b34ba586275b1b9320ca5') in 0.0082683 seconds [static and dynamic dependencies]. Details - ImportResultOutputID=ca16a1b8148d51bc9c908f6efe91ca0c DependenciesID=a66a9f10f2e9b8121099a008f407aff6 StaticDependenciesID=47a7e7b21b3d5f2a3aac9a0b9f075a19 
Number of updated asset objects reloaded before import = 0Number of asset objects unloaded after import = 1

========================================================================
Received Import Request.
  Time since last request: 0.000018 seconds.
  path: Assets/Standard Assets/Vehicles/Car/Textures/SkyCarWheelOcclusion.png
  importAddress: Guid(9486e5d1d37e86246b9bd1e314a8a721) Importer(2089858483,b0f066a214c2f5e87bad3c948f4d605d)
Start importing Assets/Standard Assets/Vehicles/Car/Textures/SkyCarWheelOcclusion.png using Guid(9486e5d1d37e86246b9bd1e314a8a721) Importer(2089858483,b0f066a214c2f5e87bad3c948f4d605d) (ScriptedImporter) -> (Import Result ID: '21a7e0b8d7ca3094883caeab904322d6') in 0.0128462 seconds [static and dynamic dependencies]. Details - ImportResultOutputID=42d232b404d2c39029a9fbe40962546e DependenciesID=3bc17bc53906b67dde0254ba09d1bf85 StaticDependenciesID=de3f1e2460e7348c4ebd70afa1bd6751 
Number of updated asset objects reloaded before import = 0Number of asset objects unloaded after import = 1

========================================================================
Received Import Request.
  Time since last request: 0.000031 seconds.
  path: Assets/Standard Assets/Environment/SpeedTree/Palm/Palm_Desktop Materials/LOD2/Fronds_2.mat
  importAddress: Guid(9b49c2e157c705944beb6767e25cd742) Importer(2089858483,b0f066a214c2f5e87bad3c948f4d605d)
Start importing Assets/Standard Assets/Environment/SpeedTree/Palm/Palm_Desktop Materials/LOD2/Fronds_2.mat using Guid(9b49c2e157c705944beb6767e25cd742) Importer(2089858483,b0f066a214c2f5e87bad3c948f4d605d) (ScriptedImporter) -> (Import Result ID: '1d2ce6b2b963b3b830a54b25fc901534') in 0.0124512 seconds [static and dynamic dependencies]. Details - ImportResultOutputID=09027c1f6077a5bf8db3c20f3f295f05 DependenciesID=dc1627a550ca72c3099e360e2e74a2c5 StaticDependenciesID=2a6ba74d030c1740c946715c40142bf2 
Number of updated asset objects reloaded before import = 0Number of asset objects unloaded after import = 3

========================================================================
Received Import Request.
  Time since last request: 0.000023 seconds.
  path: Assets/Standard Assets/Vehicles/Car/Textures/SkyCarBodyNormals.png
  importAddress: Guid(d4ffb7d0ebee510498fba9d50f2296f7) Importer(2089858483,b0f066a214c2f5e87bad3c948f4d605d)
Start importing Assets/Standard Assets/Vehicles/Car/Textures/SkyCarBodyNormals.png using Guid(d4ffb7d0ebee510498fba9d50f2296f7) Importer(2089858483,b0f066a214c2f5e87bad3c948f4d605d) (ScriptedImporter) -> (Import Result ID: '7f5e18ee6e9f4bfe55be5e9a346dde36') in 0.0119218 seconds [static and dynamic dependencies]. Details - ImportResultOutputID=d1980fd97dec60f0e83884c8f5a82048 DependenciesID=524ea2f1207b797a08ed27b16f33ac0d StaticDependenciesID=97dda7222939ff240c29c6dc4ee9a4b4 
Number of updated asset objects reloaded before import = 0Number of asset objects unloaded after import = 1

========================================================================
Received Import Request.
  Time since last request: 0.000017 seconds.
  path: Assets/Standard Assets/Vehicles/Car/Shaders/ReflectiveDiffuseSpec.shader
  importAddress: Guid(bf441677c1d116a4db41bfae35e07c16) Importer(2089858483,b0f066a214c2f5e87bad3c948f4d605d)
Start importing Assets/Standard Assets/Vehicles/Car/Shaders/ReflectiveDiffuseSpec.shader using Guid(bf441677c1d116a4db41bfae35e07c16) Importer(2089858483,b0f066a214c2f5e87bad3c948f4d605d) (ScriptedImporter) -> (Import Result ID: '4690fbeed21d09b4000c19c93a50ed2e') in 0.0097804 seconds [static and dynamic dependencies]. Details - ImportResultOutputID=283036803d5fa262850ebd9e29cfcb7f DependenciesID=a3c2ad0c5ec7ae323d83d8cedd538e59 StaticDependenciesID=98f1ef8ae73aefa805b0bc2bc851b18d 
Number of updated asset objects reloaded before import = 0Number of asset objects unloaded after import = 1

========================================================================
Received Import Request.
  Time since last request: 0.000018 seconds.
  path: Assets/Standard Assets/Environment/Water/Water/Textures/WaterProNighttimeGradient.psd
  importAddress: Guid(b725b62cfc9d04e4886735ab2a8107d1) Importer(2089858483,b0f066a214c2f5e87bad3c948f4d605d)
Start importing Assets/Standard Assets/Environment/Water/Water/Textures/WaterProNighttimeGradient.psd using Guid(b725b62cfc9d04e4886735ab2a8107d1) Importer(2089858483,b0f066a214c2f5e87bad3c948f4d605d) (ScriptedImporter) -> (Import Result ID: '9b45d6373e8bf50a59c5cdc6bea73131') in 0.0108301 seconds [static and dynamic dependencies]. Details - ImportResultOutputID=a6b2e14d4ec768f156212a8ce61d3bf1 DependenciesID=f5fbe89d590a1714208fff1fa76594d4 StaticDependenciesID=ac0b29a1ec829db2339b064d1f26e1d4 
Number of updated asset objects reloaded before import = 0Number of asset objects unloaded after import = 1

========================================================================
Received Import Request.
  Time since last request: 0.000031 seconds.
  path: Assets/Standard Assets/Vehicles/Aircraft/Textures/AircraftPropellerBlur03WhiteAlbedo.png
  importAddress: Guid(0d0e2aad9fc8ad04ba15c42753f8b797) Importer(2089858483,b0f066a214c2f5e87bad3c948f4d605d)
Start importing Assets/Standard Assets/Vehicles/Aircraft/Textures/AircraftPropellerBlur03WhiteAlbedo.png using Guid(0d0e2aad9fc8ad04ba15c42753f8b797) Importer(2089858483,b0f066a214c2f5e87bad3c948f4d605d) (ScriptedImporter) -> (Import Result ID: 'da118b6cd0c9c7657b854bd1ea983bea') in 0.0110347 seconds [static and dynamic dependencies]. Details - ImportResultOutputID=5c73b122b1f825276a78fa501ca19716 DependenciesID=9c01050dc2d1ef1ff1f0a6bb06277cf6 StaticDependenciesID=b9d5975cce12befefa24514bfb8dfb60 
Number of updated asset objects reloaded before import = 0Number of asset objects unloaded after import = 1

========================================================================
Received Import Request.
  Time since last request: 0.000071 seconds.
  path: Assets/Standard Assets/Environment/Water/Water/Scripts/Displace.cs
  importAddress: Guid(c62b7d87755b447919138e67f8e22e0c) Importer(2089858483,b0f066a214c2f5e87bad3c948f4d605d)
Start importing Assets/Standard Assets/Environment/Water/Water/Scripts/Displace.cs using Guid(c62b7d87755b447919138e67f8e22e0c) Importer(2089858483,b0f066a214c2f5e87bad3c948f4d605d) (ScriptedImporter) -> (Import Result ID: '98041fb3f11812a2b01518f9c61a45e6') in 0.0085572 seconds [static and dynamic dependencies]. Details - ImportResultOutputID=8f9926da2fea971264b87aa1b5028258 DependenciesID=f62115686d2bd92c89666f3372043cb1 StaticDependenciesID=fe51ba79ca1611409afbb5c5ee10736a 
Number of updated asset objects reloaded before import = 0Number of asset objects unloaded after import = 0

========================================================================
Received Import Request.
  Time since last request: 0.000038 seconds.
  path: Assets/Standard Assets/Environment/Water/Water4/Materials/Water4Simple.mat
  importAddress: Guid(656fde119942645aa8e062e04c119aa1) Importer(2089858483,b0f066a214c2f5e87bad3c948f4d605d)
Start importing Assets/Standard Assets/Environment/Water/Water4/Materials/Water4Simple.mat using Guid(656fde119942645aa8e062e04c119aa1) Importer(2089858483,b0f066a214c2f5e87bad3c948f4d605d) (ScriptedImporter) -> (Import Result ID: 'eafcd92654863c2e79546f71f290a2d0') in 0.0124888 seconds [static and dynamic dependencies]. Details - ImportResultOutputID=861c8c160314291c63bcabfacaad04fc DependenciesID=d5dcdbfae755cbe7d724096c624f9962 StaticDependenciesID=1962c8c9afc505f663e2d26d892cb6ce 
Number of updated asset objects reloaded before import = 0Number of asset objects unloaded after import = 2

========================================================================
Received Import Request.
  Time since last request: 0.000016 seconds.
  path: Assets/Standard Assets/Vehicles/Aircraft/Audio/PropellerEngine.wav
  importAddress: Guid(f1fa78c409ee9704598f300b09f6117d) Importer(2089858483,b0f066a214c2f5e87bad3c948f4d605d)
Start importing Assets/Standard Assets/Vehicles/Aircraft/Audio/PropellerEngine.wav using Guid(f1fa78c409ee9704598f300b09f6117d) Importer(2089858483,b0f066a214c2f5e87bad3c948f4d605d) (ScriptedImporter) -> (Import Result ID: '1cf6853cdebde32f25b2302f3ed81483') in 0.0094861 seconds [static and dynamic dependencies]. Details - ImportResultOutputID=c3b804ae61875c4522ed7eeeb3cc6448 DependenciesID=60ca2d5ae05c3535b0fb19bbbfbe7808 StaticDependenciesID=c8708dda571eee600f451d6a0a4e440b 
Number of updated asset objects reloaded before import = 0Number of asset objects unloaded after import = 1

========================================================================
Received Import Request.
  Time since last request: 0.000021 seconds.
  path: Assets/Standard Assets/Environment/SpeedTree/Broadleaf/Broadleaves_Card_Desktop_Normal.tga
  importAddress: Guid(f0d8945c7972e4747aa776e16494fa37) Importer(2089858483,b0f066a214c2f5e87bad3c948f4d605d)
Start importing Assets/Standard Assets/Environment/SpeedTree/Broadleaf/Broadleaves_Card_Desktop_Normal.tga using Guid(f0d8945c7972e4747aa776e16494fa37) Importer(2089858483,b0f066a214c2f5e87bad3c948f4d605d) (ScriptedImporter) -> (Import Result ID: '84f3118edf79c704d2852d5e86696195') in 0.0128325 seconds [static and dynamic dependencies]. Details - ImportResultOutputID=0a7d145fed6fce490310e92cb343a374 DependenciesID=69ca5532ee3a9e6e554f9ce04ac6837c StaticDependenciesID=8ee28285d2399c1759a4a1ed8e9f3d22 
Number of updated asset objects reloaded before import = 0Number of asset objects unloaded after import = 1

========================================================================
Received Import Request.
  Time since last request: 0.000017 seconds.
  path: Assets/Standard Assets/Environment/TerrainAssets/SurfaceTextures/GrassHillAlbedo.psd
  importAddress: Guid(c6e0767b1f8c34890ac245217f4b9731) Importer(2089858483,b0f066a214c2f5e87bad3c948f4d605d)
Start importing Assets/Standard Assets/Environment/TerrainAssets/SurfaceTextures/GrassHillAlbedo.psd using Guid(c6e0767b1f8c34890ac245217f4b9731) Importer(2089858483,b0f066a214c2f5e87bad3c948f4d605d) (ScriptedImporter) -> (Import Result ID: '3b225fe82b63f83b4e874604e5ed7bb1') in 0.0106671 seconds [static and dynamic dependencies]. Details - ImportResultOutputID=714344da2cd65972fd83724b80ac6b26 DependenciesID=7aa1bda72eb3511d5611ed24a0697517 StaticDependenciesID=c0e340f947e1c23c7ee7370c7e5f636b 
Number of updated asset objects reloaded before import = 0Number of asset objects unloaded after import = 1

========================================================================
Received Import Request.
  Time since last request: 0.000037 seconds.
  path: Assets/Standard Assets/Vehicles/Aircraft/Scripts/LandingGear.cs
  importAddress: Guid(bf6c56c7f8c75ca4c99450be5aca5ace) Importer(2089858483,b0f066a214c2f5e87bad3c948f4d605d)
Start importing Assets/Standard Assets/Vehicles/Aircraft/Scripts/LandingGear.cs using Guid(bf6c56c7f8c75ca4c99450be5aca5ace) Importer(2089858483,b0f066a214c2f5e87bad3c948f4d605d) (ScriptedImporter) -> (Import Result ID: 'b5e25ca1bf8631c4224a415ef28ed0f2') in 0.0080568 seconds [static and dynamic dependencies]. Details - ImportResultOutputID=9a6aaa3a7449e66fee74750ceec6f355 DependenciesID=fead9dc4eeeddbf5f8f2594f838d0132 StaticDependenciesID=f93fe590c13dde12b809ae3056e0f426 
Number of updated asset objects reloaded before import = 0Number of asset objects unloaded after import = 0

========================================================================
Received Import Request.
  Time since last request: 0.000110 seconds.
  path: Assets/Standard Assets/ParticleSystems/Textures/SplashesFineParticle.png
  importAddress: Guid(8e44fe896458128418bff33ed3981421) Importer(2089858483,b0f066a214c2f5e87bad3c948f4d605d)
Start importing Assets/Standard Assets/ParticleSystems/Textures/SplashesFineParticle.png using Guid(8e44fe896458128418bff33ed3981421) Importer(2089858483,b0f066a214c2f5e87bad3c948f4d605d) (ScriptedImporter) -> (Import Result ID: 'b5c88a4ebdbe0ee09b7d4d30e9028673') in 0.0113926 seconds [static and dynamic dependencies]. Details - ImportResultOutputID=4182cdfaab696dbd4284f2f0788e238b DependenciesID=c5856b4ef5b82791a364e16bd7a82244 StaticDependenciesID=4f7f82ee01636dda030c82e97e74a75e 
Number of updated asset objects reloaded before import = 0Number of asset objects unloaded after import = 1

========================================================================
Received Import Request.
  Time since last request: 0.000016 seconds.
  path: Assets/Standard Assets/Characters/RollerBall/Textures/RollerBallAlbedo.png
  importAddress: Guid(4b42c70f54fe4f24d84cdc651f46c005) Importer(2089858483,b0f066a214c2f5e87bad3c948f4d605d)
Start importing Assets/Standard Assets/Characters/RollerBall/Textures/RollerBallAlbedo.png using Guid(4b42c70f54fe4f24d84cdc651f46c005) Importer(2089858483,b0f066a214c2f5e87bad3c948f4d605d) (ScriptedImporter) -> (Import Result ID: '7ba274217f132109c2d2b41f90859998') in 0.0111782 seconds [static and dynamic dependencies]. Details - ImportResultOutputID=cbcdb2f547c4add0ff6de742f9268fac DependenciesID=b7f15154d60cf0a2d6a38e1b4bfc6b61 StaticDependenciesID=b3a8a3799b8fcafd5c79f81e9002c47c 
Number of updated asset objects reloaded before import = 0Number of asset objects unloaded after import = 1

========================================================================
Received Import Request.
  Time since last request: 0.000020 seconds.
  path: Assets/Standard Assets/Prototyping/Materials/YellowGrid.mat
  importAddress: Guid(82096aab38f01cb40a1cbf8629a810ba) Importer(2089858483,b0f066a214c2f5e87bad3c948f4d605d)
Start importing Assets/Standard Assets/Prototyping/Materials/YellowGrid.mat using Guid(82096aab38f01cb40a1cbf8629a810ba) Importer(2089858483,b0f066a214c2f5e87bad3c948f4d605d) (ScriptedImporter) -> (Import Result ID: '0147ac2c8f8e25aa0768e0d5d875bc0d') in 0.0097691 seconds [static and dynamic dependencies]. Details - ImportResultOutputID=f72f207254d749bd48f59c740f723125 DependenciesID=84cd216da1f5eefaa0556a9276612400 StaticDependenciesID=a79bed14b831742eff0fa3ab7cbfecda 
Number of updated asset objects reloaded before import = 0Number of asset objects unloaded after import = 3

========================================================================
Received Import Request.
  Time since last request: 0.000016 seconds.
  path: Assets/Standard Assets/Prototyping/Prefabs/FloorPrototype64x01x64.prefab
  importAddress: Guid(3681543e5b0f59742b73073cb379cdc6) Importer(2089858483,b0f066a214c2f5e87bad3c948f4d605d)
Start importing Assets/Standard Assets/Prototyping/Prefabs/FloorPrototype64x01x64.prefab using Guid(3681543e5b0f59742b73073cb379cdc6) Importer(2089858483,b0f066a214c2f5e87bad3c948f4d605d) (ScriptedImporter) -> (Import Result ID: 'f260a4486d6f8c7876ee8962a4677e83') in 0.0108733 seconds [static and dynamic dependencies]. Details - ImportResultOutputID=bf48cd6788be0ec4fe01f272957e0d86 DependenciesID=29b0cd9fa0ca8792fbe9ca5db0428435 StaticDependenciesID=11202532596bb8d7d0e4afdd7e876c17 
Number of updated asset objects reloaded before import = 0Number of asset objects unloaded after import = 9

========================================================================
Received Import Request.
  Time since last request: 0.000014 seconds.
  path: Assets/Standard Assets/Utility/FollowTarget.cs
  importAddress: Guid(246cc59c7a84ea44f87f6b70acfe30c5) Importer(2089858483,b0f066a214c2f5e87bad3c948f4d605d)
Start importing Assets/Standard Assets/Utility/FollowTarget.cs using Guid(246cc59c7a84ea44f87f6b70acfe30c5) Importer(2089858483,b0f066a214c2f5e87bad3c948f4d605d) (ScriptedImporter) -> (Import Result ID: 'b63d85227c6a0528d4493da00485a276') in 0.008473 seconds [static and dynamic dependencies]. Details - ImportResultOutputID=c231bff704b9d726d682f413b53e903e DependenciesID=2ae8ede6f9e563e82c0be7acc3a21d84 StaticDependenciesID=9b1219c321605be1c044470d3fe4703f 
Number of updated asset objects reloaded before import = 0Number of asset objects unloaded after import = 0

========================================================================
Received Import Request.
  Time since last request: 0.000018 seconds.
  path: Assets/Standard Assets/Prototyping/Models/HousePrototype16x16x24.fbx
  importAddress: Guid(ce7348d724aa0fc44aaf53391b9bae9b) Importer(2089858483,b0f066a214c2f5e87bad3c948f4d605d)
Start importing Assets/Standard Assets/Prototyping/Models/HousePrototype16x16x24.fbx using Guid(ce7348d724aa0fc44aaf53391b9bae9b) Importer(2089858483,b0f066a214c2f5e87bad3c948f4d605d) (ScriptedImporter) -> (Import Result ID: '13287fb279f4292aadaeb9eea5ffd95c') in 0.0122132 seconds [static and dynamic dependencies]. Details - ImportResultOutputID=cca1f67875072e6ed8c98c7caae1f559 DependenciesID=f7e6dda59c804ebdc853afb126b017b6 StaticDependenciesID=f2f8db4500617b536df83630d440a62f 
Number of updated asset objects reloaded before import = 0Number of asset objects unloaded after import = 8

========================================================================
Received Import Request.
  Time since last request: 0.000014 seconds.
  path: Assets/Standard Assets/Characters/ThirdPersonCharacter/Scripts/AICharacterControl.cs
  importAddress: Guid(8c5335f0882fe4d478883cc8c58ce906) Importer(2089858483,b0f066a214c2f5e87bad3c948f4d605d)
Start importing Assets/Standard Assets/Characters/ThirdPersonCharacter/Scripts/AICharacterControl.cs using Guid(8c5335f0882fe4d478883cc8c58ce906) Importer(2089858483,b0f066a214c2f5e87bad3c948f4d605d) (ScriptedImporter) -> (Import Result ID: 'dd6f5ec5da6e748debcd494973520532') in 0.0083657 seconds [static and dynamic dependencies]. Details - ImportResultOutputID=4f15bbfeb43a451867de7f478e412852 DependenciesID=dc86e131f8609ba710b13def9c30312e StaticDependenciesID=eeddd4121c9fd03c63500807519f6531 
Number of updated asset objects reloaded before import = 0Number of asset objects unloaded after import = 0

========================================================================
Received Import Request.
  Time since last request: 0.000019 seconds.
  path: Assets/Standard Assets/2D/Animations/RobotBoyJump06.anim
  importAddress: Guid(6e0c47d6f0bab234794fcdf9b91e10ca) Importer(2089858483,b0f066a214c2f5e87bad3c948f4d605d)
Start importing Assets/Standard Assets/2D/Animations/RobotBoyJump06.anim using Guid(6e0c47d6f0bab234794fcdf9b91e10ca) Importer(2089858483,b0f066a214c2f5e87bad3c948f4d605d) (ScriptedImporter) -> (Import Result ID: '7ed3397745ae66bd30a0caeede1a74c8') in 0.0099351 seconds [static and dynamic dependencies]. Details - ImportResultOutputID=8ed2b2d014ddae36fe1ab71ffc4021a0 DependenciesID=6ce287bc54aae931358a034cd609d589 StaticDependenciesID=aec5470355adc9a70a22bdeb9c78dfd9 
Number of updated asset objects reloaded before import = 0Number of asset objects unloaded after import = 1

========================================================================
Received Import Request.
  Time since last request: 0.000034 seconds.
  path: Assets/Standard Assets/Effects/LightFlares/Flares/FlareSmall.flare
  importAddress: Guid(9bdb18c49d114cb4300035184241aa39) Importer(2089858483,b0f066a214c2f5e87bad3c948f4d605d)
Start importing Assets/Standard Assets/Effects/LightFlares/Flares/FlareSmall.flare using Guid(9bdb18c49d114cb4300035184241aa39) Importer(2089858483,b0f066a214c2f5e87bad3c948f4d605d) (ScriptedImporter) -> (Import Result ID: '7f59048382c9471025e7ed5b15a5dced') in 0.0084354 seconds [static and dynamic dependencies]. Details - ImportResultOutputID=418892d8632e7ace6deb3b7c00a7659a DependenciesID=a32e51c3d3fa77a76c3b3500e9d21e8c StaticDependenciesID=b964556452a9e04f5de55cf1b303f83b 
Number of updated asset objects reloaded before import = 0Number of asset objects unloaded after import = 2

========================================================================
Received Import Request.
  Time since last request: 0.000021 seconds.
  path: Assets/Standard Assets/Vehicles/Aircraft/Materials/AircraftWingsPropellerBlurWhite.mat
  importAddress: Guid(f5a209142cf260f4a96ca747e0e4dadf) Importer(2089858483,b0f066a214c2f5e87bad3c948f4d605d)
Start importing Assets/Standard Assets/Vehicles/Aircraft/Materials/AircraftWingsPropellerBlurWhite.mat using Guid(f5a209142cf260f4a96ca747e0e4dadf) Importer(2089858483,b0f066a214c2f5e87bad3c948f4d605d) (ScriptedImporter) -> (Import Result ID: 'cd2a1ad97d36e31266309db15b3db65a') in 0.0095763 seconds [static and dynamic dependencies]. Details - ImportResultOutputID=d68b4f77d2048da9966e42525f4d2dbe DependenciesID=17bf4b4a5a10994e08eff954b0b6d06e StaticDependenciesID=4680d5878a1a14bac66d8627cddab179 
Number of updated asset objects reloaded before import = 0Number of asset objects unloaded after import = 2

========================================================================
Received Import Request.
  Time since last request: 0.000016 seconds.
  path: Assets/Standard Assets/Prototyping/Models/FloorPrototype64x01x64.fbx
  importAddress: Guid(fadddc63520db414bbc9126cbf4743ad) Importer(2089858483,b0f066a214c2f5e87bad3c948f4d605d)
Start importing Assets/Standard Assets/Prototyping/Models/FloorPrototype64x01x64.fbx using Guid(fadddc63520db414bbc9126cbf4743ad) Importer(2089858483,b0f066a214c2f5e87bad3c948f4d605d) (ScriptedImporter) -> (Import Result ID: 'da2d5b691bef7387514101ef9b662bd8') in 0.0133825 seconds [static and dynamic dependencies]. Details - ImportResultOutputID=ea822005911c5a07d17348444636cab0 DependenciesID=2e41537233279ef22460f00c11f8f7f3 StaticDependenciesID=2399cb268104754252266e0fb7683763 
Number of updated asset objects reloaded before import = 0Number of asset objects unloaded after import = 8

========================================================================
Received Import Request.
  Time since last request: 0.000016 seconds.
  path: Assets/Standard Assets/Prototyping/Textures/SwatchTurquoiseAlbedo.png
  importAddress: Guid(9c4d7ee42c7d4f944b2ce9d370fa265c) Importer(2089858483,b0f066a214c2f5e87bad3c948f4d605d)
Start importing Assets/Standard Assets/Prototyping/Textures/SwatchTurquoiseAlbedo.png using Guid(9c4d7ee42c7d4f944b2ce9d370fa265c) Importer(2089858483,b0f066a214c2f5e87bad3c948f4d605d) (ScriptedImporter) -> (Import Result ID: '6259cfe4bd904f8af1037f72da65a4de') in 0.0155455 seconds [static and dynamic dependencies]. Details - ImportResultOutputID=43bf756ecedd30a8a0cbc5cc847d8df2 DependenciesID=b10092f8ca0f1c0b0494121e343013f2 StaticDependenciesID=405172c0272481d21e1494b61358d402 
Number of updated asset objects reloaded before import = 0Number of asset objects unloaded after import = 1

========================================================================
Received Import Request.
  Time since last request: 0.000021 seconds.
  path: Assets/Standard Assets/Vehicles/Aircraft/Scripts/JetParticleEffect.cs
  importAddress: Guid(1b878b2bd27dca747855179c7ca76010) Importer(2089858483,b0f066a214c2f5e87bad3c948f4d605d)
Start importing Assets/Standard Assets/Vehicles/Aircraft/Scripts/JetParticleEffect.cs using Guid(1b878b2bd27dca747855179c7ca76010) Importer(2089858483,b0f066a214c2f5e87bad3c948f4d605d) (ScriptedImporter) -> (Import Result ID: '6f90bb9a3d3bbe0ee0d553c9cb756484') in 0.0089579 seconds [static and dynamic dependencies]. Details - ImportResultOutputID=c98040f8d17e3b90ea09046262c026dc DependenciesID=ac25300fed19961e1ec197691a5d8eed StaticDependenciesID=da265683be90236b55d9de86eed9ec7f 
Number of updated asset objects reloaded before import = 0Number of asset objects unloaded after import = 0

========================================================================
Received Import Request.
  Time since last request: 0.000070 seconds.
  path: Assets/Standard Assets/ParticleSystems/Materials/ParticleFlameLicks.mat
  importAddress: Guid(30289309b0c21224ea5b6fcc73b07d59) Importer(2089858483,b0f066a214c2f5e87bad3c948f4d605d)
Start importing Assets/Standard Assets/ParticleSystems/Materials/ParticleFlameLicks.mat using Guid(30289309b0c21224ea5b6fcc73b07d59) Importer(2089858483,b0f066a214c2f5e87bad3c948f4d605d) (ScriptedImporter) -> (Import Result ID: '0bf1cbfe2095efedd7ae25b2059590dd') in 0.0086235 seconds [static and dynamic dependencies]. Details - ImportResultOutputID=53d0e149f96eccba7c7b0fd696ec54e3 DependenciesID=16a0463cb88e677d497c4a4ccc0a2ff2 StaticDependenciesID=a502958ef9e17081a865f4862f784b7f 
Number of updated asset objects reloaded before import = 0Number of asset objects unloaded after import = 2

========================================================================
Received Import Request.
  Time since last request: 0.000017 seconds.
  path: Assets/Standard Assets/ParticleSystems/Prefabs/Steam.prefab
  importAddress: Guid(32aafb358d61bd14b9b27ed0871fe43b) Importer(2089858483,b0f066a214c2f5e87bad3c948f4d605d)
Start importing Assets/Standard Assets/ParticleSystems/Prefabs/Steam.prefab using Guid(32aafb358d61bd14b9b27ed0871fe43b) Importer(2089858483,b0f066a214c2f5e87bad3c948f4d605d) (ScriptedImporter) -> (Import Result ID: '9769e38f119169ab9a45fcdd0c3f4270') in 0.0259741 seconds [static and dynamic dependencies]. Details - ImportResultOutputID=8249bd846042b9f524bd7e0808a87d9c DependenciesID=754720df03e4a630606b6967a9e7c40b StaticDependenciesID=0b2579b48bc106a764f6c5730fd517a4 
Number of updated asset objects reloaded before import = 0Number of asset objects unloaded after import = 8

========================================================================
Received Import Request.
  Time since last request: 0.000020 seconds.
  path: Assets/Standard Assets/ParticleSystems/Materials/ParticleSpark.mat
  importAddress: Guid(f63c576739a709747a1a571260d4fabd) Importer(2089858483,b0f066a214c2f5e87bad3c948f4d605d)
Start importing Assets/Standard Assets/ParticleSystems/Materials/ParticleSpark.mat using Guid(f63c576739a709747a1a571260d4fabd) Importer(2089858483,b0f066a214c2f5e87bad3c948f4d605d) (ScriptedImporter) -> (Import Result ID: '603f8df8c8b6949aa5a3910a9bf01cea') in 0.0088276 seconds [static and dynamic dependencies]. Details - ImportResultOutputID=9ee87ff3c7eb9ecfeb4d02177b3d5786 DependenciesID=101f1331e063d77d017cb15315716c09 StaticDependenciesID=4570891d0ba8fcc5f9c1129daf98a13b 
Number of updated asset objects reloaded before import = 0Number of asset objects unloaded after import = 2

========================================================================
Received Import Request.
  Time since last request: 0.000016 seconds.
  path: Assets/Standard Assets/Characters/ThirdPersonCharacter/Animation/HumanoidWalk.fbx
  importAddress: Guid(b1a5e04ae51004842aba06704a6c2903) Importer(2089858483,b0f066a214c2f5e87bad3c948f4d605d)
Start importing Assets/Standard Assets/Characters/ThirdPersonCharacter/Animation/HumanoidWalk.fbx using Guid(b1a5e04ae51004842aba06704a6c2903) Importer(2089858483,b0f066a214c2f5e87bad3c948f4d605d) (ScriptedImporter) -> (Import Result ID: 'c59c53b90ff6bf1b1f641d7ca24509a5') in 0.0138132 seconds [static and dynamic dependencies]. Details - ImportResultOutputID=8ecc91ef19b5011cb16a072dbc857f04 DependenciesID=f96bb0aeeda1dfe7483211202aa289ea StaticDependenciesID=86931551b5663eaa4a5cd8cf05fb9bd0 
Number of updated asset objects reloaded before import = 0Number of asset objects unloaded after import = 157

========================================================================
Received Import Request.
  Time since last request: 0.000018 seconds.
  path: Assets/Standard Assets/Effects/LightFlares/Flares/Sun.flare
  importAddress: Guid(09ebe82dbd1113c3d000dc0b8d76c639) Importer(2089858483,b0f066a214c2f5e87bad3c948f4d605d)
Start importing Assets/Standard Assets/Effects/LightFlares/Flares/Sun.flare using Guid(09ebe82dbd1113c3d000dc0b8d76c639) Importer(2089858483,b0f066a214c2f5e87bad3c948f4d605d) (ScriptedImporter) -> (Import Result ID: '8b2e1d8bd27de8bf013f2e64dd8e2dd1') in 0.0091968 seconds [static and dynamic dependencies]. Details - ImportResultOutputID=d27f4905fb4ea3f472e40717d40ecb27 DependenciesID=c5811e6f23ed762f6fd89a5e3391d9cf StaticDependenciesID=ca290a30a68fd705d0b3b0dd2301a557 
Number of updated asset objects reloaded before import = 0Number of asset objects unloaded after import = 2

========================================================================
Received Import Request.
  Time since last request: 0.000016 seconds.
  path: Assets/Standard Assets/Characters/FirstPersonCharacter/Scripts/MouseLook.cs
  importAddress: Guid(37e60a97f2c87ae41b6cdc1055d78cb9) Importer(2089858483,b0f066a214c2f5e87bad3c948f4d605d)
Start importing Assets/Standard Assets/Characters/FirstPersonCharacter/Scripts/MouseLook.cs using Guid(37e60a97f2c87ae41b6cdc1055d78cb9) Importer(2089858483,b0f066a214c2f5e87bad3c948f4d605d) (ScriptedImporter) -> (Import Result ID: '6285de3702f3cc07544912b8c301b1f8') in 0.0086279 seconds [static and dynamic dependencies]. Details - ImportResultOutputID=424b8c40ac27ab9e477eddbda49fb87b DependenciesID=8d78216230f48ac413d02056df42a346 StaticDependenciesID=31666a5f6064f87475def869d410f735 
Number of updated asset objects reloaded before import = 0Number of asset objects unloaded after import = 0

========================================================================
Received Import Request.
  Time since last request: 0.000019 seconds.
  path: Assets/Standard Assets/Cameras/Scripts/AbstractTargetFollower.cs
  importAddress: Guid(89a534d869bfccd49bebf7cb6fb244b6) Importer(2089858483,b0f066a214c2f5e87bad3c948f4d605d)
Start importing Assets/Standard Assets/Cameras/Scripts/AbstractTargetFollower.cs using Guid(89a534d869bfccd49bebf7cb6fb244b6) Importer(2089858483,b0f066a214c2f5e87bad3c948f4d605d) (ScriptedImporter) -> (Import Result ID: '0e7bb02fd6b8ffd7630a4bc8d8a9cf29') in 0.0074995 seconds [static and dynamic dependencies]. Details - ImportResultOutputID=d9f405eac1dabb5827149caa0d7d8d11 DependenciesID=5435ee29d2035648eb42f3c6e9ea4aa9 StaticDependenciesID=ef4d3c6b557a1dde5d0f82132b138ba0 
Number of updated asset objects reloaded before import = 0Number of asset objects unloaded after import = 0

========================================================================
Received Import Request.
  Time since last request: 0.000074 seconds.
  path: Assets/Standard Assets/Characters/ThirdPersonCharacter/Animation/HumanoidWalkTurn.fbx
  importAddress: Guid(1c52c953c83c2254a9fa72d50250f028) Importer(2089858483,b0f066a214c2f5e87bad3c948f4d605d)
Start importing Assets/Standard Assets/Characters/ThirdPersonCharacter/Animation/HumanoidWalkTurn.fbx using Guid(1c52c953c83c2254a9fa72d50250f028) Importer(2089858483,b0f066a214c2f5e87bad3c948f4d605d) (ScriptedImporter) -> (Import Result ID: '49d1f6f100a7c16afff8ea6285be2a1d') in 0.0139406 seconds [static and dynamic dependencies]. Details - ImportResultOutputID=f979143ba40ecb96809aba9cf7420d93 DependenciesID=d7554606f495fd451e78498c80cd5654 StaticDependenciesID=4933a146568bcda37ad66a849923bf51 
Number of updated asset objects reloaded before import = 0Number of asset objects unloaded after import = 158

========================================================================
Received Prepare
Begin MonoManager ReloadAssembly
ADTM: Control thread waiting for realtime thread timed out, have to lock...
Assembly Assembly-CSharp-Editor.dll at Library/ScriptAssemblies/Assembly-CSharp-Editor.dll not valid. Loading of assembly skipped.
Assembly DocCodeExamples.dll at Library/ScriptAssemblies/DocCodeExamples.dll not valid. Loading of assembly skipped.
Assembly TestNewCustomAssembly.dll at Library/ScriptAssemblies/TestNewCustomAssembly.dll not valid. Loading of assembly skipped.
Assembly Unity.Multiplayer.Center.Editor.Tests.dll at Library/ScriptAssemblies/Unity.Multiplayer.Center.Editor.Tests.dll not valid. Loading of assembly skipped.
Assembly Unity.Multiplayer.Center.Tests.dll at Library/ScriptAssemblies/Unity.Multiplayer.Center.Tests.dll not valid. Loading of assembly skipped.
Assembly Unity.Postprocessing.Editor.Tests.dll at Library/ScriptAssemblies/Unity.Postprocessing.Editor.Tests.dll not valid. Loading of assembly skipped.
Assembly Unity.Postprocessing.Runtime.Tests.dll at Library/ScriptAssemblies/Unity.Postprocessing.Runtime.Tests.dll not valid. Loading of assembly skipped.
Assembly Unity.TextMeshPro.Editor.Tests.dll at Library/ScriptAssemblies/Unity.TextMeshPro.Editor.Tests.dll not valid. Loading of assembly skipped.
Assembly Unity.TextMeshPro.Tests.dll at Library/ScriptAssemblies/Unity.TextMeshPro.Tests.dll not valid. Loading of assembly skipped.
Assembly UnityEditor.UI.Common.Tests.dll at Library/ScriptAssemblies/UnityEditor.UI.Common.Tests.dll not valid. Loading of assembly skipped.
Assembly UnityEditor.UI.EditorTests.dll at Library/ScriptAssemblies/UnityEditor.UI.EditorTests.dll not valid. Loading of assembly skipped.
Assembly UnityEngine.UI.Tests.dll at Library/ScriptAssemblies/UnityEngine.UI.Tests.dll not valid. Loading of assembly skipped.
Native extension for WindowsStandalone target not found
[Package Manager] Failed to launch server process. Reason: Unity was launched with the -noUpm command-line argument
[Package Manager] Unable to send message (not connected to server process).
[Package Manager] Cannot connect to Unity Package Manager local server
[Package Manager] Failed to launch server process. Reason: Unity was launched with the -noUpm command-line argument
[Package Manager] Unable to send message (not connected to server process).
[Package Manager] Cannot connect to Unity Package Manager local server
ScheduleIndexationOnStartup MainProcess:False IndexOnStartup:True
Mono: successfully reloaded assembly
- Finished resetting the current domain, in  0.473 seconds
Domain Reload Profiling: 2001ms
	BeginReloadAssembly (1201ms)
		DisableScriptedObjects (4ms)
		CreateAndSetChildDomain (1052ms)
	RebuildCommonClasses (36ms)
	RebuildNativeTypeToScriptingClass (13ms)
	initialDomainReloadingComplete (52ms)
	LoadAllAssembliesAndSetupDomain (225ms)
		LoadAssemblies (245ms)
		AnalyzeDomain (83ms)
			TypeCache.Refresh (6ms)
			BuildScriptInfoCaches (71ms)
			ResolveRequiredComponents (4ms)
	FinalizeReload (474ms)
		SetupLoadedEditorAssemblies (0ms)
			BeforeProcessingInitializeOnLoad (97ms)
			ProcessInitializeOnLoadAttributes (199ms)
			ProcessInitializeOnLoadMethodAttributes (43ms)
			AfterProcessingInitializeOnLoad (7ms)
		AwakeInstancesAfterBackupRestoration (6ms)
WARNING: Shader Unsupported: 'Toon/Lit Outline' - All subshaders removed
WARNING: Shader Did you use #pragma only_renderers and omit this platform?
WARNING: Shader If subshaders removal was intentional, you may have forgotten turning Fallback off?
WARNING: Shader Unsupported: 'Toon/Basic Outline' - All subshaders removed
WARNING: Shader Did you use #pragma only_renderers and omit this platform?
WARNING: Shader If subshaders removal was intentional, you may have forgotten turning Fallback off?
Unloading 17 Unused Serialized files (Serialized files now loaded: 0)
Unloading 2275 unused Assets / (2.9 MB). Loaded Objects now: 2922.
Memory consumption went from 102.1 MB to 99.2 MB.
Total: 6.692800 ms (FindLiveObjects: 0.247700 ms CreateObjectMapping: 0.109400 ms MarkObjects: 4.832600 ms  DeleteObjects: 1.502200 ms)

Prepare: number of updated asset objects reloaded= 11
Editor requested this worker to shutdown with reason: Scaling down because of idle timeout
AssetImportWorker is now disconnected from the server
Process exiting
Exiting without the bug reporter. Application will terminate with return code 0