[Licensing::Module] Trying to connect to existing licensing client channel...
[Licensing::IpcConnector] Successfully connected to: "LicenseClient-Computer" at "2026-04-14T11:42:03.4429887Z"
Built from '6000.4/staging' branch; Version is '6000.4.2f1 (7a4c1aeef971) revision 8014874'; Using compiler version '194234433'; Build Type 'Release'
OS: 'Windows 11  (10.0.26200) Professional' Language: 'en' Physical Memory: 32343 MB
BatchMode: 1, IsHumanControllingUs: 0, StartBugReporterOnCrash: 0, Is64bit: 1
System  architecture: x64
Process architecture: x64
Date: 2026-04-14T11:42:03Z

COMMAND LINE ARGUMENTS:
C:\Program Files\Unity\Hub\Editor\6000.4.2f1\Editor\Unity.exe
-adb2
-batchMode
-noUpm
-name
AssetImportWorker3
-projectPath
D:/_Unity/Privatno/Space-Shooter-Vertical/Space Shooter Vertical
-logFile
Logs/AssetImportWorker3.log
-srvPort
64928
-licensingIpc
LicenseClient-Computer
-force-d3d12
-job-worker-count
5
-background-job-worker-count
8
-gc-helper-count
1
-name
AssetImport
Successfully changed project path to: D:/_Unity/Privatno/Space-Shooter-Vertical/Space Shooter Vertical
D:/_Unity/Privatno/Space-Shooter-Vertical/Space Shooter Vertical
[UnityMemory] Configuration Parameters - Can be set up in boot.config
    "memorysetup-temp-allocator-size-gi-baking-worker=262144"
    "memorysetup-temp-allocator-size-gi-baking-worker=262144"
    "memorysetup-temp-allocator-size-gi-baking-worker=262144"
    "memorysetup-temp-allocator-size-gi-baking-worker=262144"
    "memorysetup-temp-allocator-size-gi-baking-worker=262144"
    "memorysetup-temp-allocator-size-nav-mesh-worker=65536"
    "memorysetup-temp-allocator-size-audio-worker=65536"
    "memorysetup-temp-allocator-size-cloud-worker=32768"
    "memorysetup-temp-allocator-size-gfx=262144"
    "memorysetup-temp-allocator-size-preload-manager=33554432"
    "memorysetup-temp-allocator-size-job-worker=262144"
    "memorysetup-temp-allocator-size-background-worker=32768"
    "memorysetup-allocator-temp-initial-block-size-main=262144"
    "memorysetup-allocator-temp-initial-block-size-worker=262144"
    "memorysetup-bucket-allocator-granularity=16"
    "memorysetup-bucket-allocator-bucket-count=8"
    "memorysetup-bucket-allocator-block-size=33554432"
    "memorysetup-bucket-allocator-block-count=8"
    "memorysetup-main-allocator-block-size=16777216"
    "memorysetup-thread-allocator-block-size=16777216"
    "memorysetup-gfx-main-allocator-block-size=16777216"
    "memorysetup-gfx-thread-allocator-block-size=16777216"
    "memorysetup-cache-allocator-block-size=4194304"
    "memorysetup-typetree-allocator-block-size=2097152"
    "memorysetup-profiler-bucket-allocator-granularity=16"
    "memorysetup-profiler-bucket-allocator-bucket-count=8"
    "memorysetup-profiler-bucket-allocator-block-size=33554432"
    "memorysetup-profiler-bucket-allocator-block-count=8"
    "memorysetup-profiler-allocator-block-size=16777216"
    "memorysetup-profiler-editor-allocator-block-size=1048576"
    "memorysetup-temp-allocator-size-main=16777216"
    "memorysetup-job-temp-allocator-block-size=2097152"
    "memorysetup-job-temp-allocator-block-size-background=1048576"
    "memorysetup-job-temp-allocator-reduction-small-platforms=262144"
Player connection [30260]  Target information:

Player connection [30260]  * "[IP] 192.168.1.169 [Port] 0 [Flags] 2 [Guid] 1394812890 [EditorId] 1394812890 [Version] 1048832 [Id] WindowsEditor(7,DESKTOP-67MFE66) [Debug] 1 [PackageName] WindowsEditor [ProjectName] Editor" 

Player connection [30260]  * "[IP] 10.234.169.131 [Port] 0 [Flags] 2 [Guid] 1394812890 [EditorId] 1394812890 [Version] 1048832 [Id] WindowsEditor(7,DESKTOP-67MFE66) [Debug] 1 [PackageName] WindowsEditor [ProjectName] Editor" 

Player connection [30260] Host joined multi-casting on [225.0.0.222:54997]...
Player connection [30260] Host joined alternative multi-casting on [225.0.0.222:34997]...
JobSystem: Creating JobQueue using job-worker-count value 5
Input System module state changed to: Initialized.
[Physics::Module] Initialized fallback backend.
[Physics::Module] Id: 0xdecafbad
Library Redirect Path: Library/
[Physics::Module] Selected backend.
[Physics::Module] Name: PhysX
[Physics::Module] Id: 0xf2b8ea05
[Physics::Module] SDK Version: 4.1.2
[Physics::Module] Integration Version: 1.0.0
[Physics::Module] Threading Mode: Multi-Threaded
Refreshing native plugins compatible for Editor in 2.52 ms, found 3 plugins.
Initialize engine version: 6000.4.2f1 (7a4c1aeef971)
[Subsystems] Discovering subsystems at path C:/Program Files/Unity/Hub/Editor/6000.4.2f1/Editor/Data/Resources/UnitySubsystems
[Subsystems] Discovering subsystems at path D:/_Unity/Privatno/Space-Shooter-Vertical/Space Shooter Vertical/Assets
Forcing GfxDevice: Direct3D 12
GfxDevice: creating device client; kGfxThreadingModeNonThreaded
d3d12: failed to query info queue interface (0x80004002).
Direct3D:
    Version:         Direct3D 12 [level 12.2]
    Renderer:        NVIDIA GeForce RTX 5060 Ti (ID=0x2d04)
    Vendor:          NVIDIA
    VRAM:            16050 MB
    App VRAM Budget: 15282 MB
    Driver:          32.0.15.9597
Initialize mono
Mono path[0] = 'C:/Program Files/Unity/Hub/Editor/6000.4.2f1/Editor/Data/Managed'
Mono path[1] = 'C:/Program Files/Unity/Hub/Editor/6000.4.2f1/Editor/Data/MonoBleedingEdge/lib/mono/unityjit-win32'
Mono config path = 'C:/Program Files/Unity/Hub/Editor/6000.4.2f1/Editor/Data/MonoBleedingEdge/etc'
Using monoOptions --debugger-agent=transport=dt_socket,embedding=1,server=y,suspend=n,address=127.0.0.1:56984
CodeReloadManager initialized
Begin MonoManager ReloadAssembly
[Licensing::Client] Error: HandshakeResponse reported an error:
	ResponseCode: 505
	ResponseStatus: Unsupported protocol version '1.18.1'.
[Licensing::Module] Error: Failed to handshake to channel: "LicenseClient-Computer"
[Licensing::IpcConnector] LicenseClient-Computer channel disconnected successfully.
[Licensing::IpcConnector] Successfully connected to: "LicenseClient-Computer-6000.4.2" at "2026-04-14T11:42:04.5429038Z"
Registering precompiled unity dll's ...
Register platform support module: C:/Program Files/Unity/Hub/Editor/6000.4.2f1/Editor/Data/PlaybackEngines/WindowsStandaloneSupport/UnityEditor.WindowsStandalone.Extensions.dll
Registered in 0.002002 seconds.
Native extension for WindowsStandalone target not found
Package Manager log level set to [2]
[Package Manager] Failed to launch server process. Reason: Unity was launched with the -noUpm command-line argument
[Package Manager] Unable to send message (not connected to server process).
[Package Manager] Cannot connect to Unity Package Manager local server
ScheduleIndexationOnStartup MainProcess:False IndexOnStartup:True
Mono: successfully reloaded assembly
[Licensing::Client] Handshaking with LicensingClient:
  Version:                 1.18.1+9fbee8e
  Session Id:              bdff41e2409e463c85836468eae4f4f8
  Correlation Id:          fe7b09e5168864bc7498106c49600516
  External correlation Id: 5770756516542702897
  Machine Id:              svrCWGphkw6ZPjLamqagKt4E2H4=
[Licensing::Module] Successfully connected to LicensingClient on channel: "LicenseClient-Computer-6000.4.2" (connect: 0.00s, validation: 0.00s, handshake: 0.98s)
[Licensing::IpcConnector] Successfully connected to: "LicenseClient-Computer-6000.4.2-notifications" at "2026-04-14T11:42:05.5198957Z"
[Licensing::Module] Licensing Background thread has ended after 2.08s
- Finished resetting the current domain, in  0.437 seconds
Domain Reload Profiling: 994ms
	BeginReloadAssembly (162ms)
	RebuildCommonClasses (45ms)
	RebuildNativeTypeToScriptingClass (16ms)
	initialDomainReloadingComplete (90ms)
	LoadAllAssembliesAndSetupDomain (243ms)
		LoadAssemblies (157ms)
		AnalyzeDomain (234ms)
			TypeCache.Refresh (232ms)
				TypeCache.ScanAssembly (213ms)
	FinalizeReload (438ms)
		SetupLoadedEditorAssemblies (0ms)
			InitializePlatformSupportModulesInManaged (50ms)
			BeforeProcessingInitializeOnLoad (96ms)
			ProcessInitializeOnLoadAttributes (120ms)
			ProcessInitializeOnLoadMethodAttributes (97ms)
========================================================================
Worker process is ready to serve import requests
Import Worker Mode flag is 0x00
Begin MonoManager ReloadAssembly
[Licensing::Client] Successfully resolved entitlement details
[Licensing::Module] License group:
  Id: 6872158064246-UnityPersXXXX
  Product: Unity Personal
  Type: Assigned
  Expiration: Unlimited
Assembly Assembly-CSharp-Editor.dll at Library/ScriptAssemblies/Assembly-CSharp-Editor.dll not valid. Loading of assembly skipped.
Assembly DocCodeExamples.dll at Library/ScriptAssemblies/DocCodeExamples.dll not valid. Loading of assembly skipped.
Assembly TestNewCustomAssembly.dll at Library/ScriptAssemblies/TestNewCustomAssembly.dll not valid. Loading of assembly skipped.
Assembly Unity.Multiplayer.Center.Editor.Tests.dll at Library/ScriptAssemblies/Unity.Multiplayer.Center.Editor.Tests.dll not valid. Loading of assembly skipped.
Assembly Unity.Multiplayer.Center.Tests.dll at Library/ScriptAssemblies/Unity.Multiplayer.Center.Tests.dll not valid. Loading of assembly skipped.
Assembly Unity.Postprocessing.Editor.Tests.dll at Library/ScriptAssemblies/Unity.Postprocessing.Editor.Tests.dll not valid. Loading of assembly skipped.
Assembly Unity.Postprocessing.Runtime.Tests.dll at Library/ScriptAssemblies/Unity.Postprocessing.Runtime.Tests.dll not valid. Loading of assembly skipped.
Assembly Unity.TextMeshPro.Editor.Tests.dll at Library/ScriptAssemblies/Unity.TextMeshPro.Editor.Tests.dll not valid. Loading of assembly skipped.
Assembly Unity.TextMeshPro.Tests.dll at Library/ScriptAssemblies/Unity.TextMeshPro.Tests.dll not valid. Loading of assembly skipped.
Assembly UnityEditor.UI.Common.Tests.dll at Library/ScriptAssemblies/UnityEditor.UI.Common.Tests.dll not valid. Loading of assembly skipped.
Assembly UnityEditor.UI.EditorTests.dll at Library/ScriptAssemblies/UnityEditor.UI.EditorTests.dll not valid. Loading of assembly skipped.
Assembly UnityEngine.UI.Tests.dll at Library/ScriptAssemblies/UnityEngine.UI.Tests.dll not valid. Loading of assembly skipped.
Native extension for WindowsStandalone target not found
[Package Manager] Failed to launch server process. Reason: Unity was launched with the -noUpm command-line argument
[Package Manager] Unable to send message (not connected to server process).
[Package Manager] Cannot connect to Unity Package Manager local server
[Package Manager] Failed to launch server process. Reason: Unity was launched with the -noUpm command-line argument
[Package Manager] Unable to send message (not connected to server process).
[Package Manager] Cannot connect to Unity Package Manager local server
ScheduleIndexationOnStartup MainProcess:False IndexOnStartup:True
Mono: successfully reloaded assembly
- Finished resetting the current domain, in  0.421 seconds
Domain Reload Profiling: 985ms
	BeginReloadAssembly (184ms)
		DisableScriptedObjects (6ms)
		CreateAndSetChildDomain (40ms)
	RebuildCommonClasses (38ms)
	RebuildNativeTypeToScriptingClass (15ms)
	initialDomainReloadingComplete (68ms)
	LoadAllAssembliesAndSetupDomain (258ms)
		LoadAssemblies (252ms)
		AnalyzeDomain (103ms)
			TypeCache.Refresh (74ms)
				TypeCache.ScanAssembly (65ms)
			BuildScriptInfoCaches (23ms)
			ResolveRequiredComponents (4ms)
	FinalizeReload (422ms)
		SetupLoadedEditorAssemblies (0ms)
			BeforeProcessingInitializeOnLoad (82ms)
			ProcessInitializeOnLoadAttributes (181ms)
			ProcessInitializeOnLoadMethodAttributes (38ms)
			AfterProcessingInitializeOnLoad (7ms)
		AwakeInstancesAfterBackupRestoration (6ms)
WARNING: Shader Unsupported: 'Toon/Lit Outline' - All subshaders removed
WARNING: Shader Did you use #pragma only_renderers and omit this platform?
WARNING: Shader If subshaders removal was intentional, you may have forgotten turning Fallback off?
WARNING: Shader Unsupported: 'Toon/Basic Outline' - All subshaders removed
WARNING: Shader Did you use #pragma only_renderers and omit this platform?
WARNING: Shader If subshaders removal was intentional, you may have forgotten turning Fallback off?
Launched and connected shader compiler UnityShaderCompiler.exe after 0.02 seconds
Unloading 14 Unused Serialized files (Serialized files now loaded: 0)
Unloading 2270 unused Assets / (3.7 MB). Loaded Objects now: 2910.
Memory consumption went from 98.8 MB to 95.1 MB.
Total: 7.484600 ms (FindLiveObjects: 0.423900 ms CreateObjectMapping: 0.114200 ms MarkObjects: 5.180500 ms  DeleteObjects: 1.763700 ms)

========================================================================
Received Import Request.
  Time since last request: 2402.626686 seconds.
  path: Assets/Prefab/PowerUps/Tripple_shot_powerup.prefab
  importAddress: Guid(f2e2b9fed57d5b74db794378cf5e2f9e) Importer(2089858483,b0f066a214c2f5e87bad3c948f4d605d)
Start importing Assets/Prefab/PowerUps/Tripple_shot_powerup.prefab using Guid(f2e2b9fed57d5b74db794378cf5e2f9e) Importer(2089858483,b0f066a214c2f5e87bad3c948f4d605d) (ScriptedImporter) -> (Import Result ID: 'b17851c2d382675d5fab4091a7d02a50') in 0.1138851 seconds [static and dynamic dependencies]. Details - ImportResultOutputID=d11599b61cc3c072b25db27aec926f65 DependenciesID=2eea0f48db99ed4f88f3b0f2a6f969d8 StaticDependenciesID=d471a48fde1d70277a1ede9ff14c030d 
Number of updated asset objects reloaded before import = 0Number of asset objects unloaded after import = 16

========================================================================
Received Import Request.
  Time since last request: 0.000023 seconds.
  path: Assets/Sprites/Enemy_Explode_Sequence/EnemyTurnLeft0000_00000.png
  importAddress: Guid(3154912113cbb4a498df6f571c74e18c) Importer(2089858483,b0f066a214c2f5e87bad3c948f4d605d)
Start importing Assets/Sprites/Enemy_Explode_Sequence/EnemyTurnLeft0000_00000.png using Guid(3154912113cbb4a498df6f571c74e18c) Importer(2089858483,b0f066a214c2f5e87bad3c948f4d605d) (ScriptedImporter) -> (Import Result ID: '57b896dc8e95f7c0a2a7e87e62956f25') in 0.0346511 seconds [static and dynamic dependencies]. Details - ImportResultOutputID=4719e8b5704fef5502c6f26f0d9e9f73 DependenciesID=ddf53a1066fd5c1b6bb689d35c14d294 StaticDependenciesID=18a233373fe24e74308f5684ce033931 
Number of updated asset objects reloaded before import = 0Number of asset objects unloaded after import = 3

========================================================================
Received Import Request.
  Time since last request: 0.000019 seconds.
  path: Assets/Animations/Shield/Shield_idle.anim
  importAddress: Guid(394acbb48aa0cc240b2fa83abfe5df7b) Importer(2089858483,b0f066a214c2f5e87bad3c948f4d605d)
Start importing Assets/Animations/Shield/Shield_idle.anim using Guid(394acbb48aa0cc240b2fa83abfe5df7b) Importer(2089858483,b0f066a214c2f5e87bad3c948f4d605d) (ScriptedImporter) -> (Import Result ID: '7093b438cad5a045fc798339cc7cea5a') in 0.0151972 seconds [static and dynamic dependencies]. Details - ImportResultOutputID=e2e3b9e6722cc179ea40c0124e251fd2 DependenciesID=0d58a67beef14206f3518b7a2920eac7 StaticDependenciesID=545ee3936bcbee255557eb7f03c32d9c 
Number of updated asset objects reloaded before import = 0Number of asset objects unloaded after import = 1

========================================================================
Received Import Request.
  Time since last request: 0.000018 seconds.
  path: Assets/Sprites/SpaceBG_Overlay.png
  importAddress: Guid(351f30ffb741fd643b82bde90a222699) Importer(2089858483,b0f066a214c2f5e87bad3c948f4d605d)
Start importing Assets/Sprites/SpaceBG_Overlay.png using Guid(351f30ffb741fd643b82bde90a222699) Importer(2089858483,b0f066a214c2f5e87bad3c948f4d605d) (ScriptedImporter) -> (Import Result ID: 'fe2677dad2d95c9fef4ca5aa3a30956d') in 0.0140573 seconds [static and dynamic dependencies]. Details - ImportResultOutputID=d4c6583b35e1a82faa28ea4824ced40f DependenciesID=a1fa884c8203e35a321fb22570dc65c3 StaticDependenciesID=20d5a517000300f5870334d3c98db5e7 
Number of updated asset objects reloaded before import = 0Number of asset objects unloaded after import = 3

========================================================================
Received Import Request.
  Time since last request: 0.000017 seconds.
  path: Assets/Sprites/Enemy_Explode_Sequence/EnemyTurnLeft0000_00031.png
  importAddress: Guid(be16f9d18299740eba37f17f3ae13810) Importer(2089858483,b0f066a214c2f5e87bad3c948f4d605d)
Start importing Assets/Sprites/Enemy_Explode_Sequence/EnemyTurnLeft0000_00031.png using Guid(be16f9d18299740eba37f17f3ae13810) Importer(2089858483,b0f066a214c2f5e87bad3c948f4d605d) (ScriptedImporter) -> (Import Result ID: '187d367c2c3273fdab475baed7df9af2') in 0.0112328 seconds [static and dynamic dependencies]. Details - ImportResultOutputID=902d4c7e9aafb792e4c9dea085e10f9f DependenciesID=aa0498cca71ed67fc052c3512b49940c StaticDependenciesID=19a0e1aa7f5d26f039b64ff5bb4859fd 
Number of updated asset objects reloaded before import = 0Number of asset objects unloaded after import = 3

========================================================================
Received Import Request.
  Time since last request: 0.000018 seconds.
  path: Assets/Script/Player/Laser.cs
  importAddress: Guid(ce5aa915ae8b07f4da6887d03ebeb13e) Importer(2089858483,b0f066a214c2f5e87bad3c948f4d605d)
Start importing Assets/Script/Player/Laser.cs using Guid(ce5aa915ae8b07f4da6887d03ebeb13e) Importer(2089858483,b0f066a214c2f5e87bad3c948f4d605d) (ScriptedImporter) -> (Import Result ID: '47710a3ec8ee7d16de3ade18992d58f8') in 0.0096397 seconds [static and dynamic dependencies]. Details - ImportResultOutputID=53c0a90037ffee137c1e8b1a4f051918 DependenciesID=cc725297ca3ebd8d7921184c2910365d StaticDependenciesID=44460ae59d3dd300700521731c245dff 
Number of updated asset objects reloaded before import = 0Number of asset objects unloaded after import = 0

========================================================================
Received Import Request.
  Time since last request: 0.000049 seconds.
  path: Assets/Animations/Shield/Shield.controller
  importAddress: Guid(ad61ffc9b59cac048a6e0387a68f13c7) Importer(2089858483,b0f066a214c2f5e87bad3c948f4d605d)
Start importing Assets/Animations/Shield/Shield.controller using Guid(ad61ffc9b59cac048a6e0387a68f13c7) Importer(2089858483,b0f066a214c2f5e87bad3c948f4d605d) (ScriptedImporter) -> (Import Result ID: 'e70b0996518b0dde13aff509d946a0c4') in 0.0087459 seconds [static and dynamic dependencies]. Details - ImportResultOutputID=2cf65278e2b991adb02d13169076abd0 DependenciesID=303e18893c044d5032d3bf18e677de98 StaticDependenciesID=d7c6300c5cd2c07686e3c50543aa5281 
Number of updated asset objects reloaded before import = 0Number of asset objects unloaded after import = 4

========================================================================
Received Import Request.
  Time since last request: 0.000019 seconds.
  path: Assets/Sprites/Enemy_Explode_Sequence/EnemyTurnLeft0000_00029.png
  importAddress: Guid(c9941fea0f7974b23be80703b846e8b7) Importer(2089858483,b0f066a214c2f5e87bad3c948f4d605d)
Start importing Assets/Sprites/Enemy_Explode_Sequence/EnemyTurnLeft0000_00029.png using Guid(c9941fea0f7974b23be80703b846e8b7) Importer(2089858483,b0f066a214c2f5e87bad3c948f4d605d) (ScriptedImporter) -> (Import Result ID: '384b56a6e2cff464cca3f6d91ff49217') in 0.0117361 seconds [static and dynamic dependencies]. Details - ImportResultOutputID=19ccd1c9fd874872bb749c2dfc715de3 DependenciesID=78f4f1f982dd31adb670c5841e53128c StaticDependenciesID=5e284c31617c898371f518fb48a8cda4 
Number of updated asset objects reloaded before import = 0Number of asset objects unloaded after import = 3

========================================================================
Received Import Request.
  Time since last request: 0.000019 seconds.
  path: Assets/Materials/Shaders/Galaxy.shader
  importAddress: Guid(f1d12ddbfb576f44d8bd9396906bcc7b) Importer(2089858483,b0f066a214c2f5e87bad3c948f4d605d)
Start importing Assets/Materials/Shaders/Galaxy.shader using Guid(f1d12ddbfb576f44d8bd9396906bcc7b) Importer(2089858483,b0f066a214c2f5e87bad3c948f4d605d) (ScriptedImporter) -> (Import Result ID: '9183d2c03acc68aadd9df9535d0e6d1e') in 0.0118461 seconds [static and dynamic dependencies]. Details - ImportResultOutputID=4e48219c5d8e7bcaf755b435b6571fa0 DependenciesID=c509f862831731a2dae091dd940d454f StaticDependenciesID=263077b8ea70c03aed081c687ed5ed30 
Number of updated asset objects reloaded before import = 0Number of asset objects unloaded after import = 1

========================================================================
Received Import Request.
  Time since last request: 0.000033 seconds.
  path: Assets/Sprites/Enemy_Explode_Sequence/EnemyTurnLeft0000_00009.png
  importAddress: Guid(72fa818d45dda4ee998bda50180f1e96) Importer(2089858483,b0f066a214c2f5e87bad3c948f4d605d)
Start importing Assets/Sprites/Enemy_Explode_Sequence/EnemyTurnLeft0000_00009.png using Guid(72fa818d45dda4ee998bda50180f1e96) Importer(2089858483,b0f066a214c2f5e87bad3c948f4d605d) (ScriptedImporter) -> (Import Result ID: '64dd89b3d52950900a28d1ca2385feb9') in 0.0122673 seconds [static and dynamic dependencies]. Details - ImportResultOutputID=ffac165eadebad4b93e65930d086eb96 DependenciesID=35f25be3e0ff752064e84810cdb9572d StaticDependenciesID=bd4c2df338993ec901dfb64c0c5fc30e 
Number of updated asset objects reloaded before import = 0Number of asset objects unloaded after import = 3

========================================================================
Received Import Request.
  Time since last request: 0.000016 seconds.
  path: Assets/Animations/Speed power up/Speed_idle.anim
  importAddress: Guid(35bed1787a39b304084c3ac3d5a3218c) Importer(2089858483,b0f066a214c2f5e87bad3c948f4d605d)
Start importing Assets/Animations/Speed power up/Speed_idle.anim using Guid(35bed1787a39b304084c3ac3d5a3218c) Importer(2089858483,b0f066a214c2f5e87bad3c948f4d605d) (ScriptedImporter) -> (Import Result ID: 'd5c9ff872642a7c7169bc2283f34208d') in 0.0095308 seconds [static and dynamic dependencies]. Details - ImportResultOutputID=7568338d75f957849a3f5f765a6fe266 DependenciesID=89656433393de9d812de0d1c6a2da198 StaticDependenciesID=27b22dc9c35dbe1e019cf4bdd7dbde03 
Number of updated asset objects reloaded before import = 0Number of asset objects unloaded after import = 1

========================================================================
Received Import Request.
  Time since last request: 0.000154 seconds.
  path: Assets/Sprites/Enemy_Explode_Sequence/EnemyTurnLeft0000_00033.png
  importAddress: Guid(1fb4abcc5112843b781c36e11161368a) Importer(2089858483,b0f066a214c2f5e87bad3c948f4d605d)
Start importing Assets/Sprites/Enemy_Explode_Sequence/EnemyTurnLeft0000_00033.png using Guid(1fb4abcc5112843b781c36e11161368a) Importer(2089858483,b0f066a214c2f5e87bad3c948f4d605d) (ScriptedImporter) -> (Import Result ID: 'e015bd7c7186f305735cc3389f92f883') in 0.0115535 seconds [static and dynamic dependencies]. Details - ImportResultOutputID=59f6eee8f146cf057cad37412d505b96 DependenciesID=456058145c0692fca72373de7420b3b2 StaticDependenciesID=6a8170cba3b3f245364cd29802d511c0 
Number of updated asset objects reloaded before import = 0Number of asset objects unloaded after import = 3

========================================================================
Received Import Request.
  Time since last request: 0.000019 seconds.
  path: Assets/Sprites/Enemy_Explode_Sequence/EnemyTurnLeft0000_00012.png
  importAddress: Guid(1236074791aa04c62a63bb23a805edf3) Importer(2089858483,b0f066a214c2f5e87bad3c948f4d605d)
Start importing Assets/Sprites/Enemy_Explode_Sequence/EnemyTurnLeft0000_00012.png using Guid(1236074791aa04c62a63bb23a805edf3) Importer(2089858483,b0f066a214c2f5e87bad3c948f4d605d) (ScriptedImporter) -> (Import Result ID: 'fd0231d05008ddcb7e77322e527392c0') in 0.0123859 seconds [static and dynamic dependencies]. Details - ImportResultOutputID=5ab0d9dedc165c9c473e3c79b12b272e DependenciesID=75d5c62271ae451c95998ce02cd296ca StaticDependenciesID=a451d72b56829be1ef211c688eff1dfe 
Number of updated asset objects reloaded before import = 0Number of asset objects unloaded after import = 3

========================================================================
Received Import Request.
  Time since last request: 0.000019 seconds.
  path: Assets/Animations/Player/Thruster.anim
  importAddress: Guid(02c11fa694fd24648a93f02a3bab5524) Importer(2089858483,b0f066a214c2f5e87bad3c948f4d605d)
Start importing Assets/Animations/Player/Thruster.anim using Guid(02c11fa694fd24648a93f02a3bab5524) Importer(2089858483,b0f066a214c2f5e87bad3c948f4d605d) (ScriptedImporter) -> (Import Result ID: '855242eec8cdef64254080b8511141c2') in 0.0092107 seconds [static and dynamic dependencies]. Details - ImportResultOutputID=70cea579a15b46264e64ae347e8d313e DependenciesID=8f7154b25d68a9c01617496687db6296 StaticDependenciesID=74d6ec2530122715a55975f7afd1b25a 
Number of updated asset objects reloaded before import = 0Number of asset objects unloaded after import = 1

========================================================================
Received Import Request.
  Time since last request: 0.000040 seconds.
  path: Assets/Sprites/Enemy_Explode_Sequence/EnemyTurnLeft0000_00006.png
  importAddress: Guid(786597786c8f747a581a1bfb26411214) Importer(2089858483,b0f066a214c2f5e87bad3c948f4d605d)
Start importing Assets/Sprites/Enemy_Explode_Sequence/EnemyTurnLeft0000_00006.png using Guid(786597786c8f747a581a1bfb26411214) Importer(2089858483,b0f066a214c2f5e87bad3c948f4d605d) (ScriptedImporter) -> (Import Result ID: 'be2971cc711ddb6e886fe9ce2ba600c3') in 0.0177118 seconds [static and dynamic dependencies]. Details - ImportResultOutputID=4acbc19b35f3055422c41db4aa4378df DependenciesID=9754554f4ff5db30b0daafe63e348abd StaticDependenciesID=738353c5328882e3247f7f529a8a786d 
Number of updated asset objects reloaded before import = 0Number of asset objects unloaded after import = 3

========================================================================
Received Import Request.
  Time since last request: 0.000016 seconds.
  path: Assets/Sprites/Enemy_Explode_Sequence/EnemyTurnLeft0000_00040.png
  importAddress: Guid(b610a9ad5fffa4591911a2f8c12cbd18) Importer(2089858483,b0f066a214c2f5e87bad3c948f4d605d)
Start importing Assets/Sprites/Enemy_Explode_Sequence/EnemyTurnLeft0000_00040.png using Guid(b610a9ad5fffa4591911a2f8c12cbd18) Importer(2089858483,b0f066a214c2f5e87bad3c948f4d605d) (ScriptedImporter) -> (Import Result ID: 'ba1236cc1fe4f5fb4e693c79bd65f7ec') in 0.0127375 seconds [static and dynamic dependencies]. Details - ImportResultOutputID=5928ff79332662ca8af9647b67809c58 DependenciesID=d2dfed088b84a350d3150636328d0556 StaticDependenciesID=bab9c327f0339c2858588442a7d1a79e 
Number of updated asset objects reloaded before import = 0Number of asset objects unloaded after import = 3

========================================================================
Received Import Request.
  Time since last request: 0.000021 seconds.
  path: Assets/Animations/Speed power up/Speed_power_up.controller
  importAddress: Guid(d04169563026e284d8ddc08151b69ea2) Importer(2089858483,b0f066a214c2f5e87bad3c948f4d605d)
Start importing Assets/Animations/Speed power up/Speed_power_up.controller using Guid(d04169563026e284d8ddc08151b69ea2) Importer(2089858483,b0f066a214c2f5e87bad3c948f4d605d) (ScriptedImporter) -> (Import Result ID: 'f29e65c31037cefefc26005e8b06c6f7') in 0.0080346 seconds [static and dynamic dependencies]. Details - ImportResultOutputID=4f390eec3b836f492562d8615be25bb1 DependenciesID=ac80f561738b559e1290d9003f0a793b StaticDependenciesID=2d4076d410dadab50fb3ceaef898ade2 
Number of updated asset objects reloaded before import = 0Number of asset objects unloaded after import = 4

========================================================================
Received Import Request.
  Time since last request: 0.000017 seconds.
  path: Assets/Sprites/Enemy_Explode_Sequence/EnemyTurnLeft0000_00005.png
  importAddress: Guid(6f55af48c2b0a4aac993a217fcebe9d3) Importer(2089858483,b0f066a214c2f5e87bad3c948f4d605d)
Start importing Assets/Sprites/Enemy_Explode_Sequence/EnemyTurnLeft0000_00005.png using Guid(6f55af48c2b0a4aac993a217fcebe9d3) Importer(2089858483,b0f066a214c2f5e87bad3c948f4d605d) (ScriptedImporter) -> (Import Result ID: '792b95cd78e6e80c32200edc83d6af77') in 0.0113927 seconds [static and dynamic dependencies]. Details - ImportResultOutputID=3443c3888040e600eb9596528c7cade3 DependenciesID=cd11b5a3984a832e46192aacf5825d1d StaticDependenciesID=4e67d52e35669acc5842207198cd56aa 
Number of updated asset objects reloaded before import = 0Number of asset objects unloaded after import = 3

========================================================================
Received Import Request.
  Time since last request: 0.000015 seconds.
  path: Assets/Materials/Player_mat.mat
  importAddress: Guid(01481280f3b521847a6732ad894bc523) Importer(2089858483,b0f066a214c2f5e87bad3c948f4d605d)
Start importing Assets/Materials/Player_mat.mat using Guid(01481280f3b521847a6732ad894bc523) Importer(2089858483,b0f066a214c2f5e87bad3c948f4d605d) (ScriptedImporter) -> (Import Result ID: '67e359f24a0f6a7d773244fd92b50eb6') in 0.0239783 seconds [static and dynamic dependencies]. Details - ImportResultOutputID=7037b07b82ab7cdb30ecbba073752806 DependenciesID=d1afaac330cfdea6f6914c5e8adf4f6b StaticDependenciesID=249747f6cc832d9c0fb5280120146009 
Number of updated asset objects reloaded before import = 0Number of asset objects unloaded after import = 1

========================================================================
Received Import Request.
  Time since last request: 0.000034 seconds.
  path: Assets/Animations/Player/Player_hurt.controller
  importAddress: Guid(0dc553717dd9d154a9f84b27cc37dad6) Importer(2089858483,b0f066a214c2f5e87bad3c948f4d605d)
Start importing Assets/Animations/Player/Player_hurt.controller using Guid(0dc553717dd9d154a9f84b27cc37dad6) Importer(2089858483,b0f066a214c2f5e87bad3c948f4d605d) (ScriptedImporter) -> (Import Result ID: '3334a320fdbc996735975ad34b824d48') in 0.0093757 seconds [static and dynamic dependencies]. Details - ImportResultOutputID=1abf73c00dffb7c303feed3d8e99025a DependenciesID=f6be72507514ad58313c11fdb4f32f0a StaticDependenciesID=c54e92599310b9b2084d1e99dcf5ad69 
Number of updated asset objects reloaded before import = 0Number of asset objects unloaded after import = 4

========================================================================
Received Import Request.
  Time since last request: 0.000018 seconds.
  path: Assets/Materials/Laser_mat.mat
  importAddress: Guid(a7974fd868accdc438c4eab64fcd5f5e) Importer(2089858483,b0f066a214c2f5e87bad3c948f4d605d)
Start importing Assets/Materials/Laser_mat.mat using Guid(a7974fd868accdc438c4eab64fcd5f5e) Importer(2089858483,b0f066a214c2f5e87bad3c948f4d605d) (ScriptedImporter) -> (Import Result ID: 'f9364d1ad877accbffaef744da9d14d1') in 0.0087187 seconds [static and dynamic dependencies]. Details - ImportResultOutputID=6621f3e5cf2dbf733c9848aa735925d5 DependenciesID=5648b3a09799fe90493410c3de82d02c StaticDependenciesID=d3c0820fc1c60ccffd6553b748a56505 
Number of updated asset objects reloaded before import = 0Number of asset objects unloaded after import = 1

========================================================================
Received Import Request.
  Time since last request: 0.000063 seconds.
  path: Assets/Sprites/Enemy_Explode_Sequence/EnemyTurnLeft0000_00036.png
  importAddress: Guid(a9fb56b3dbef249f6a13b78ca405fdc2) Importer(2089858483,b0f066a214c2f5e87bad3c948f4d605d)
Start importing Assets/Sprites/Enemy_Explode_Sequence/EnemyTurnLeft0000_00036.png using Guid(a9fb56b3dbef249f6a13b78ca405fdc2) Importer(2089858483,b0f066a214c2f5e87bad3c948f4d605d) (ScriptedImporter) -> (Import Result ID: '0bfe55e574adae6a74758b1b85b3551b') in 0.0115701 seconds [static and dynamic dependencies]. Details - ImportResultOutputID=d859b41e8d2a1fa6f101f3ad378bc80f DependenciesID=e012c4bc77302ac059843f927dcfd790 StaticDependenciesID=96f7803f047f83654e42ec7b8ac34f39 
Number of updated asset objects reloaded before import = 0Number of asset objects unloaded after import = 3

========================================================================
Received Import Request.
  Time since last request: 0.000016 seconds.
  path: Assets/Sprites/Enemy_Explode_Sequence/EnemyTurnLeft0000_00026.png
  importAddress: Guid(34a342ded83ad428c962af40193edb9a) Importer(2089858483,b0f066a214c2f5e87bad3c948f4d605d)
Start importing Assets/Sprites/Enemy_Explode_Sequence/EnemyTurnLeft0000_00026.png using Guid(34a342ded83ad428c962af40193edb9a) Importer(2089858483,b0f066a214c2f5e87bad3c948f4d605d) (ScriptedImporter) -> (Import Result ID: '6d8ea80ce488a5dc80d9520138a9c619') in 0.0110496 seconds [static and dynamic dependencies]. Details - ImportResultOutputID=40015f7e7c0985ff662d2d2309345b07 DependenciesID=67eae40a5366e392e4224eb1a8839537 StaticDependenciesID=83a7466f9c6df69c64b6bdbf0edbd551 
Number of updated asset objects reloaded before import = 0Number of asset objects unloaded after import = 3

========================================================================
Received Import Request.
  Time since last request: 0.000021 seconds.
  path: Assets/Script/Powerups/Powerup.cs
  importAddress: Guid(f835f2493e1022a40b58100d607af5a3) Importer(2089858483,b0f066a214c2f5e87bad3c948f4d605d)
Start importing Assets/Script/Powerups/Powerup.cs using Guid(f835f2493e1022a40b58100d607af5a3) Importer(2089858483,b0f066a214c2f5e87bad3c948f4d605d) (ScriptedImporter) -> (Import Result ID: 'e7e8c3edb013a4ea60ea2bc1e1d20ebe') in 0.0080256 seconds [static and dynamic dependencies]. Details - ImportResultOutputID=c9ba09cdd29edb884d739faa14ba9f26 DependenciesID=146a1132056d2082933e2fb354619bce StaticDependenciesID=7b45e4097178d8f126fb68cdd2eab364 
Number of updated asset objects reloaded before import = 0Number of asset objects unloaded after import = 0

========================================================================
Received Import Request.
  Time since last request: 0.000052 seconds.
  path: Assets/Sprites/Enemy_Explode_Sequence/EnemyTurnLeft0000_00032.png
  importAddress: Guid(16d2453440200492bb01d83848828ff0) Importer(2089858483,b0f066a214c2f5e87bad3c948f4d605d)
Start importing Assets/Sprites/Enemy_Explode_Sequence/EnemyTurnLeft0000_00032.png using Guid(16d2453440200492bb01d83848828ff0) Importer(2089858483,b0f066a214c2f5e87bad3c948f4d605d) (ScriptedImporter) -> (Import Result ID: '7b33a65485931c073d877acb35942e09') in 0.0110844 seconds [static and dynamic dependencies]. Details - ImportResultOutputID=be4f05ec4f63708432531e440c452ccf DependenciesID=84a89754d245808f277b7e8c7d5d04c3 StaticDependenciesID=d6d519030ef1699db486c76d87bd5312 
Number of updated asset objects reloaded before import = 0Number of asset objects unloaded after import = 3

========================================================================
Received Import Request.
  Time since last request: 0.000017 seconds.
  path: Assets/Sprites/Enemy_Explode_Sequence/EnemyTurnLeft0000_00048.png
  importAddress: Guid(8d0a90868f6ec47d59cd644182ebff57) Importer(2089858483,b0f066a214c2f5e87bad3c948f4d605d)
Start importing Assets/Sprites/Enemy_Explode_Sequence/EnemyTurnLeft0000_00048.png using Guid(8d0a90868f6ec47d59cd644182ebff57) Importer(2089858483,b0f066a214c2f5e87bad3c948f4d605d) (ScriptedImporter) -> (Import Result ID: 'd8ec3469b9c87a944693b01e49d461bb') in 0.0108281 seconds [static and dynamic dependencies]. Details - ImportResultOutputID=2fb8bf2b5cb36c6d9d0cfcd6850e922a DependenciesID=7e63cdfafbcc5cb02c530c391891222e StaticDependenciesID=fe0bba274db29a836843474980ae8a65 
Number of updated asset objects reloaded before import = 0Number of asset objects unloaded after import = 3

========================================================================
Received Import Request.
  Time since last request: 0.527896 seconds.
  path: Assets/Sprites/Enemy_Explode_Sequence/EnemyTurnLeft0000_00053.png
  importAddress: Guid(5971c78d2ecf64d6f8bd0d8ab26b9c91) Importer(2089858483,b0f066a214c2f5e87bad3c948f4d605d)
Start importing Assets/Sprites/Enemy_Explode_Sequence/EnemyTurnLeft0000_00053.png using Guid(5971c78d2ecf64d6f8bd0d8ab26b9c91) Importer(2089858483,b0f066a214c2f5e87bad3c948f4d605d) (ScriptedImporter) -> (Import Result ID: 'da76afd01119ffe275e48e5a3a181abd') in 0.0127337 seconds [static and dynamic dependencies]. Details - ImportResultOutputID=b204fa17c6960c9595aa3ad4a2e5c803 DependenciesID=c837031e79c9170d0db0d8a541dab8aa StaticDependenciesID=bfa5ffcb868cf6d3f95b35146077a891 
Number of updated asset objects reloaded before import = 0Number of asset objects unloaded after import = 3

========================================================================
Received Import Request.
  Time since last request: 0.000015 seconds.
  path: Assets/Sprites/Enemy_Explode_Sequence/EnemyTurnLeft0000_00067.png
  importAddress: Guid(08df3257629e94ec6b11640058c08bac) Importer(2089858483,b0f066a214c2f5e87bad3c948f4d605d)
Start importing Assets/Sprites/Enemy_Explode_Sequence/EnemyTurnLeft0000_00067.png using Guid(08df3257629e94ec6b11640058c08bac) Importer(2089858483,b0f066a214c2f5e87bad3c948f4d605d) (ScriptedImporter) -> (Import Result ID: 'ac48e395844766f3b61d137a9c88f5c2') in 0.0158542 seconds [static and dynamic dependencies]. Details - ImportResultOutputID=fb7ea3facf9c46df684024dd7b4239d5 DependenciesID=341d8a15ad9226bac3b49f3f1919aa0c StaticDependenciesID=354b4a7fc7fe826afcc953c546677fca 
Number of updated asset objects reloaded before import = 0Number of asset objects unloaded after import = 3

========================================================================
Received Import Request.
  Time since last request: 0.000018 seconds.
  path: Assets/Sprites/Enemy_Explode_Sequence/EnemyTurnLeft0000_00087.png
  importAddress: Guid(0f3789bda178c48f1878bd90da0d79fe) Importer(2089858483,b0f066a214c2f5e87bad3c948f4d605d)
Start importing Assets/Sprites/Enemy_Explode_Sequence/EnemyTurnLeft0000_00087.png using Guid(0f3789bda178c48f1878bd90da0d79fe) Importer(2089858483,b0f066a214c2f5e87bad3c948f4d605d) (ScriptedImporter) -> (Import Result ID: '006405843ef6d1148b773e273a37d656') in 0.0115921 seconds [static and dynamic dependencies]. Details - ImportResultOutputID=4706001963c6ad26c7a5fb1d28b20d0a DependenciesID=d6c54ea4734a69a23427cf23bd35d86b StaticDependenciesID=e0725203fd9538297366264709e62610 
Number of updated asset objects reloaded before import = 0Number of asset objects unloaded after import = 3

========================================================================
Received Import Request.
  Time since last request: 0.000020 seconds.
  path: Assets/Sprites/Enemy_Explode_Sequence/EnemyTurnLeft0000_00125.png
  importAddress: Guid(74167e4b7250743fba6b50a1c6599904) Importer(2089858483,b0f066a214c2f5e87bad3c948f4d605d)
Start importing Assets/Sprites/Enemy_Explode_Sequence/EnemyTurnLeft0000_00125.png using Guid(74167e4b7250743fba6b50a1c6599904) Importer(2089858483,b0f066a214c2f5e87bad3c948f4d605d) (ScriptedImporter) -> (Import Result ID: 'f1effe229513ef3d4f9612d982599fc3') in 0.0116907 seconds [static and dynamic dependencies]. Details - ImportResultOutputID=5cc5241a81344b317f1e3beb53ba13a0 DependenciesID=406c73411671dd107c91cb96194102a3 StaticDependenciesID=e56b0d9b86216061a84a37766d4c78cb 
Number of updated asset objects reloaded before import = 0Number of asset objects unloaded after import = 3

========================================================================
Received Import Request.
  Time since last request: 0.000019 seconds.
  path: Assets/Sprites/Enemy_Explode_Sequence/EnemyTurnLeft0000_00149.png
  importAddress: Guid(9549b75f7c04a4bf7bac0388bcbc7022) Importer(2089858483,b0f066a214c2f5e87bad3c948f4d605d)
Start importing Assets/Sprites/Enemy_Explode_Sequence/EnemyTurnLeft0000_00149.png using Guid(9549b75f7c04a4bf7bac0388bcbc7022) Importer(2089858483,b0f066a214c2f5e87bad3c948f4d605d) (ScriptedImporter) -> (Import Result ID: '4fc0ccf730921eca3984cf2b8bef78d5') in 0.0108932 seconds [static and dynamic dependencies]. Details - ImportResultOutputID=c61f8f49cc3dcafad2fb6ba37b77f6fa DependenciesID=b11b733bdfa32219d4fba8ad4496380c StaticDependenciesID=65e7a97ea55c36b18337483921d27e75 
Number of updated asset objects reloaded before import = 0Number of asset objects unloaded after import = 3

========================================================================
Received Import Request.
  Time since last request: 0.000022 seconds.
  path: Assets/Sprites/Enemy_Explode_Sequence/EnemyTurnLeft0000_00109.png
  importAddress: Guid(3a67a88a3a0724d37ab734aed24934b6) Importer(2089858483,b0f066a214c2f5e87bad3c948f4d605d)
Start importing Assets/Sprites/Enemy_Explode_Sequence/EnemyTurnLeft0000_00109.png using Guid(3a67a88a3a0724d37ab734aed24934b6) Importer(2089858483,b0f066a214c2f5e87bad3c948f4d605d) (ScriptedImporter) -> (Import Result ID: 'a8e61ec0ef4fa093cdbfff8b68cb9bc7') in 0.0116543 seconds [static and dynamic dependencies]. Details - ImportResultOutputID=6aca783a733a978dc80c679b6cfd8280 DependenciesID=54ffe29c96eec7a3d52da2005f5ede7d StaticDependenciesID=b7960e83c591f5e0ef0d50df2632905f 
Number of updated asset objects reloaded before import = 0Number of asset objects unloaded after import = 3

========================================================================
Received Import Request.
  Time since last request: 0.000018 seconds.
  path: Assets/Sprites/Enemy_Explode_Sequence/EnemyTurnLeft0000_00074.png
  importAddress: Guid(5f57f87e317d74c1db1150cc6fc04ee3) Importer(2089858483,b0f066a214c2f5e87bad3c948f4d605d)
Start importing Assets/Sprites/Enemy_Explode_Sequence/EnemyTurnLeft0000_00074.png using Guid(5f57f87e317d74c1db1150cc6fc04ee3) Importer(2089858483,b0f066a214c2f5e87bad3c948f4d605d) (ScriptedImporter) -> (Import Result ID: '6c6cc968038518b8d2dfe0ac4ebee82d') in 0.0120248 seconds [static and dynamic dependencies]. Details - ImportResultOutputID=4a74c2df9d1466066c26528fbe868350 DependenciesID=6b9705b7021bd1c5ec0128b2365d3c71 StaticDependenciesID=6b20392ef8d8774ca04c2a3b77d63575 
Number of updated asset objects reloaded before import = 0Number of asset objects unloaded after import = 3

========================================================================
Received Import Request.
  Time since last request: 0.000019 seconds.
  path: Assets/Sprites/Enemy_Explode_Sequence/EnemyTurnLeft0000_00148.png
  importAddress: Guid(70e162b6c360844aa951ab4b8bfec52a) Importer(2089858483,b0f066a214c2f5e87bad3c948f4d605d)
Start importing Assets/Sprites/Enemy_Explode_Sequence/EnemyTurnLeft0000_00148.png using Guid(70e162b6c360844aa951ab4b8bfec52a) Importer(2089858483,b0f066a214c2f5e87bad3c948f4d605d) (ScriptedImporter) -> (Import Result ID: '01fba5fdf266107cfd0cd3c537f39f0a') in 0.0118169 seconds [static and dynamic dependencies]. Details - ImportResultOutputID=f01d581adb129c65b1744328046424a4 DependenciesID=c17a14f0ea5843ba05054ceaf091c7c2 StaticDependenciesID=cabca89e5051251a6f83dbeefc4ee735 
Number of updated asset objects reloaded before import = 0Number of asset objects unloaded after import = 3

========================================================================
Received Import Request.
  Time since last request: 0.000018 seconds.
  path: Assets/Sprites/Enemy_Explode_Sequence/EnemyTurnLeft0000_00054.png
  importAddress: Guid(39348fee8cea641e587e0f6cbecdac2a) Importer(2089858483,b0f066a214c2f5e87bad3c948f4d605d)
Start importing Assets/Sprites/Enemy_Explode_Sequence/EnemyTurnLeft0000_00054.png using Guid(39348fee8cea641e587e0f6cbecdac2a) Importer(2089858483,b0f066a214c2f5e87bad3c948f4d605d) (ScriptedImporter) -> (Import Result ID: 'd6a78a4071930f2482b376614895f127') in 0.011411 seconds [static and dynamic dependencies]. Details - ImportResultOutputID=c6977199d4401a51df44d9070ac2db93 DependenciesID=bdbc9665ce0f5ec5bcef196fd34bac50 StaticDependenciesID=660538fe5f856d363da1fafb2fac70e3 
Number of updated asset objects reloaded before import = 0Number of asset objects unloaded after import = 3

========================================================================
Received Import Request.
  Time since last request: 0.000023 seconds.
  path: Assets/Sprites/Enemy_Explode_Sequence/EnemyTurnLeft0000_00064.png
  importAddress: Guid(8dd8b300582a54fd0a488c352b56fc59) Importer(2089858483,b0f066a214c2f5e87bad3c948f4d605d)
Start importing Assets/Sprites/Enemy_Explode_Sequence/EnemyTurnLeft0000_00064.png using Guid(8dd8b300582a54fd0a488c352b56fc59) Importer(2089858483,b0f066a214c2f5e87bad3c948f4d605d) (ScriptedImporter) -> (Import Result ID: 'a587e8c01b649b54cf51013f8ee7cbbf') in 0.0119613 seconds [static and dynamic dependencies]. Details - ImportResultOutputID=23382e52c31c4f9df65f7173d206aead DependenciesID=3c9d7dff691e3e3e3de2470f567aba88 StaticDependenciesID=b8c5367d8e2123a780cc186076b11529 
Number of updated asset objects reloaded before import = 0Number of asset objects unloaded after import = 3

========================================================================
Received Import Request.
  Time since last request: 0.000019 seconds.
  path: Assets/Sprites/Enemy_Explode_Sequence/EnemyTurnLeft0000_00097.png
  importAddress: Guid(9298138094a664f57b0915c4e7818bda) Importer(2089858483,b0f066a214c2f5e87bad3c948f4d605d)
Start importing Assets/Sprites/Enemy_Explode_Sequence/EnemyTurnLeft0000_00097.png using Guid(9298138094a664f57b0915c4e7818bda) Importer(2089858483,b0f066a214c2f5e87bad3c948f4d605d) (ScriptedImporter) -> (Import Result ID: 'f47e2605889250fcc41ad49873f8531a') in 0.0122228 seconds [static and dynamic dependencies]. Details - ImportResultOutputID=c83ad1b6a8a44770aafe874ef77fef10 DependenciesID=1fc8cfbc9cbb50b41caed80acfce4620 StaticDependenciesID=2a6192cfda08db9ed552128fa94da1b7 
Number of updated asset objects reloaded before import = 0Number of asset objects unloaded after import = 3

========================================================================
Received Import Request.
  Time since last request: 0.000025 seconds.
  path: Assets/Sprites/Enemy_Explode_Sequence/EnemyTurnLeft0000_00099.png
  importAddress: Guid(a04706569351f4bf9adc423faef55488) Importer(2089858483,b0f066a214c2f5e87bad3c948f4d605d)
Start importing Assets/Sprites/Enemy_Explode_Sequence/EnemyTurnLeft0000_00099.png using Guid(a04706569351f4bf9adc423faef55488) Importer(2089858483,b0f066a214c2f5e87bad3c948f4d605d) (ScriptedImporter) -> (Import Result ID: '17182ee15f631305c49979c7011a76a7') in 0.013385 seconds [static and dynamic dependencies]. Details - ImportResultOutputID=fb9c3567af8cff9e24d1f7d28e7f7d08 DependenciesID=2571d9532e67dcb54038108464d4d2b3 StaticDependenciesID=b8368260b4c2c0b3290bef0477861a19 
Number of updated asset objects reloaded before import = 0Number of asset objects unloaded after import = 3

========================================================================
Received Import Request.
  Time since last request: 0.000016 seconds.
  path: Assets/Sprites/Enemy_Explode_Sequence/EnemyTurnLeft0000_00119.png
  importAddress: Guid(b567d3f65133f4011bac3e2cd1c5b42a) Importer(2089858483,b0f066a214c2f5e87bad3c948f4d605d)
Start importing Assets/Sprites/Enemy_Explode_Sequence/EnemyTurnLeft0000_00119.png using Guid(b567d3f65133f4011bac3e2cd1c5b42a) Importer(2089858483,b0f066a214c2f5e87bad3c948f4d605d) (ScriptedImporter) -> (Import Result ID: 'd9e1ed90adf28e71f3895a0fc7a70d8e') in 0.0115285 seconds [static and dynamic dependencies]. Details - ImportResultOutputID=996d0645144025dadfc7bcd706e2f5d8 DependenciesID=e68e876b86f3c9184cc3d7bb5d7bfc3c StaticDependenciesID=736ec3b7ab052f6ef0769ec69ce41601 
Number of updated asset objects reloaded before import = 0Number of asset objects unloaded after import = 3

========================================================================
Received Import Request.
  Time since last request: 0.000017 seconds.
  path: Assets/Sprites/Enemy_Explode_Sequence/EnemyTurnLeft0000_00140.png
  importAddress: Guid(49e3717e3ec844273bb5bb7dcda8600d) Importer(2089858483,b0f066a214c2f5e87bad3c948f4d605d)
Start importing Assets/Sprites/Enemy_Explode_Sequence/EnemyTurnLeft0000_00140.png using Guid(49e3717e3ec844273bb5bb7dcda8600d) Importer(2089858483,b0f066a214c2f5e87bad3c948f4d605d) (ScriptedImporter) -> (Import Result ID: '696a6de4fe2f89b7742e4506dee6b834') in 0.0115306 seconds [static and dynamic dependencies]. Details - ImportResultOutputID=17d28955b6e1b4cfb3a32dc7c25b79d4 DependenciesID=384e24b048a10b74a28c9bd5f2192801 StaticDependenciesID=31f72c8653dfb8e7231b0f4732f2b00d 
Number of updated asset objects reloaded before import = 0Number of asset objects unloaded after import = 3

========================================================================
Received Import Request.
  Time since last request: 0.000021 seconds.
  path: Assets/Sprites/Enemy_Explode_Sequence/EnemyTurnLeft0000_00069.png
  importAddress: Guid(bcb5e531993e54c3f8212f84d29e06bb) Importer(2089858483,b0f066a214c2f5e87bad3c948f4d605d)
Start importing Assets/Sprites/Enemy_Explode_Sequence/EnemyTurnLeft0000_00069.png using Guid(bcb5e531993e54c3f8212f84d29e06bb) Importer(2089858483,b0f066a214c2f5e87bad3c948f4d605d) (ScriptedImporter) -> (Import Result ID: '8e12e6268bc8ed0047dd5fbbb9dfd30c') in 0.0121786 seconds [static and dynamic dependencies]. Details - ImportResultOutputID=fd35e2f6dcbf8295b34fb49b08c198dd DependenciesID=142944a80a442e7cd635ea00572fc20a StaticDependenciesID=94ddeededf666648c3e40db14c0bc6f9 
Number of updated asset objects reloaded before import = 0Number of asset objects unloaded after import = 3

========================================================================
Received Import Request.
  Time since last request: 0.000020 seconds.
  path: Assets/Sprites/Enemy_Explode_Sequence/EnemyTurnLeft0000_00085.png
  importAddress: Guid(61fef248f5e454ae8a678a0e27817485) Importer(2089858483,b0f066a214c2f5e87bad3c948f4d605d)
Start importing Assets/Sprites/Enemy_Explode_Sequence/EnemyTurnLeft0000_00085.png using Guid(61fef248f5e454ae8a678a0e27817485) Importer(2089858483,b0f066a214c2f5e87bad3c948f4d605d) (ScriptedImporter) -> (Import Result ID: '7dfdd2b4173894c70ddd8c8202983280') in 0.0120667 seconds [static and dynamic dependencies]. Details - ImportResultOutputID=298b9e202ac21b3d11ba48ada47ccf55 DependenciesID=3dea1bd96e234396f53b5d05ac50328f StaticDependenciesID=b5df46f942de1a485bae173810d5729b 
Number of updated asset objects reloaded before import = 0Number of asset objects unloaded after import = 3

========================================================================
Received Import Request.
  Time since last request: 0.000019 seconds.
  path: Assets/Sprites/Enemy_Explode_Sequence/EnemyTurnLeft0000_00124.png
  importAddress: Guid(fce84c92f155849cb998a2a6665c70c1) Importer(2089858483,b0f066a214c2f5e87bad3c948f4d605d)
Start importing Assets/Sprites/Enemy_Explode_Sequence/EnemyTurnLeft0000_00124.png using Guid(fce84c92f155849cb998a2a6665c70c1) Importer(2089858483,b0f066a214c2f5e87bad3c948f4d605d) (ScriptedImporter) -> (Import Result ID: '430c3c52de3966036694f4aafa2461dd') in 0.0139336 seconds [static and dynamic dependencies]. Details - ImportResultOutputID=668b5a4f986ff853cadb1bb4ec8f9a11 DependenciesID=700ed010542179ab9e7052a208eef18d StaticDependenciesID=fec61c8d5d772dd92df2a1e00e3483b9 
Number of updated asset objects reloaded before import = 0Number of asset objects unloaded after import = 3

========================================================================
Received Import Request.
  Time since last request: 0.000021 seconds.
  path: Assets/Sprites/Enemy_Explode_Sequence/EnemyTurnLeft0000_00081.png
  importAddress: Guid(8df81356ffb824167b05eb24cb7744bb) Importer(2089858483,b0f066a214c2f5e87bad3c948f4d605d)
Start importing Assets/Sprites/Enemy_Explode_Sequence/EnemyTurnLeft0000_00081.png using Guid(8df81356ffb824167b05eb24cb7744bb) Importer(2089858483,b0f066a214c2f5e87bad3c948f4d605d) (ScriptedImporter) -> (Import Result ID: '9c581f7fa870598d7f4116a0b412c831') in 0.0116137 seconds [static and dynamic dependencies]. Details - ImportResultOutputID=0d9bcdd39f7c6a8a3a7141d21bf0bdf2 DependenciesID=c083d9dd62eefdd54e1d40a4dbbaa8f6 StaticDependenciesID=4cedd3785713ef591ee5bf9ca8051cab 
Number of updated asset objects reloaded before import = 0Number of asset objects unloaded after import = 3

========================================================================
Received Import Request.
  Time since last request: 0.000016 seconds.
  path: Assets/Sprites/Enemy_Explode_Sequence/EnemyTurnLeft0000_00061.png
  importAddress: Guid(85276638c32394575b591124b9d54777) Importer(2089858483,b0f066a214c2f5e87bad3c948f4d605d)
Start importing Assets/Sprites/Enemy_Explode_Sequence/EnemyTurnLeft0000_00061.png using Guid(85276638c32394575b591124b9d54777) Importer(2089858483,b0f066a214c2f5e87bad3c948f4d605d) (ScriptedImporter) -> (Import Result ID: '9bc65b89e01a4f1dfac27674e9342615') in 0.0111372 seconds [static and dynamic dependencies]. Details - ImportResultOutputID=f6fd31f5dc0a9dea6a297215475c5d24 DependenciesID=fe92297c22de97d6c793653d97aee9c6 StaticDependenciesID=7c8a9ac42ea27e9fe3c3b61262feded1 
Number of updated asset objects reloaded before import = 0Number of asset objects unloaded after import = 3

========================================================================
Received Import Request.
  Time since last request: 0.000019 seconds.
  path: Assets/Sprites/Enemy_Explode_Sequence/EnemyTurnLeft0000_00122.png
  importAddress: Guid(4fc7aea7e466448f0a7919d2e737d4fb) Importer(2089858483,b0f066a214c2f5e87bad3c948f4d605d)
Start importing Assets/Sprites/Enemy_Explode_Sequence/EnemyTurnLeft0000_00122.png using Guid(4fc7aea7e466448f0a7919d2e737d4fb) Importer(2089858483,b0f066a214c2f5e87bad3c948f4d605d) (ScriptedImporter) -> (Import Result ID: '174838e9566c6340df80522a97ff2ea0') in 0.0167288 seconds [static and dynamic dependencies]. Details - ImportResultOutputID=dfac227bc0dddf69179b8d344a192c0d DependenciesID=48f4657736578d055ae47a6bb8aa4c2d StaticDependenciesID=3300e1c61acd2c9f7fd8d1bd330162a4 
Number of updated asset objects reloaded before import = 0Number of asset objects unloaded after import = 3

========================================================================
Received Import Request.
  Time since last request: 0.000020 seconds.
  path: Assets/Sprites/Enemy_Explode_Sequence/EnemyTurnLeft0000_00078.png
  importAddress: Guid(21c39e884b5f74a1f939dcb4393cf7e3) Importer(2089858483,b0f066a214c2f5e87bad3c948f4d605d)
Start importing Assets/Sprites/Enemy_Explode_Sequence/EnemyTurnLeft0000_00078.png using Guid(21c39e884b5f74a1f939dcb4393cf7e3) Importer(2089858483,b0f066a214c2f5e87bad3c948f4d605d) (ScriptedImporter) -> (Import Result ID: '33f9b90798d9d14d07b6197ace766a41') in 0.0114905 seconds [static and dynamic dependencies]. Details - ImportResultOutputID=3a8849920d2a36f1902dd051932f5c6a DependenciesID=7ca154ba9769151c18eb8f9444318179 StaticDependenciesID=47aafdb6a9af3e637a9997dbd91cfc5c 
Number of updated asset objects reloaded before import = 0Number of asset objects unloaded after import = 3

========================================================================
Received Import Request.
  Time since last request: 0.000032 seconds.
  path: Assets/Sprites/Enemy_Explode_Sequence/EnemyTurnLeft0000_00121.png
  importAddress: Guid(66cd051153bd041f69be2ffb6ac55681) Importer(2089858483,b0f066a214c2f5e87bad3c948f4d605d)
Start importing Assets/Sprites/Enemy_Explode_Sequence/EnemyTurnLeft0000_00121.png using Guid(66cd051153bd041f69be2ffb6ac55681) Importer(2089858483,b0f066a214c2f5e87bad3c948f4d605d) (ScriptedImporter) -> (Import Result ID: 'f161d1a05e185e9d8b269ea645d57f5d') in 0.009698 seconds [static and dynamic dependencies]. Details - ImportResultOutputID=27dab4c8ae50c3786ed2fdba605fdd4f DependenciesID=372398998997a91af058a2d08a6e2a72 StaticDependenciesID=0876e14fcca6bdf1f4971afaf7eb4cb1 
Number of updated asset objects reloaded before import = 0Number of asset objects unloaded after import = 3

========================================================================
Received Import Request.
  Time since last request: 0.000018 seconds.
  path: Assets/Sprites/Enemy_Explode_Sequence/EnemyTurnLeft0000_00090.png
  importAddress: Guid(7e429ad99b4ca41d696825f6567da7eb) Importer(2089858483,b0f066a214c2f5e87bad3c948f4d605d)
Start importing Assets/Sprites/Enemy_Explode_Sequence/EnemyTurnLeft0000_00090.png using Guid(7e429ad99b4ca41d696825f6567da7eb) Importer(2089858483,b0f066a214c2f5e87bad3c948f4d605d) (ScriptedImporter) -> (Import Result ID: 'b65411588725e1c6b708427dd87f9b19') in 0.011921 seconds [static and dynamic dependencies]. Details - ImportResultOutputID=9dd57294f1854265c9679404af2ff186 DependenciesID=271c20679c38447025887f2542c3ad9c StaticDependenciesID=456cd4976d56f3010a54bb509c72fe27 
Number of updated asset objects reloaded before import = 0Number of asset objects unloaded after import = 3

========================================================================
Received Import Request.
  Time since last request: 0.000017 seconds.
  path: Assets/Sprites/Enemy_Explode_Sequence/EnemyTurnLeft0000_00100.png
  importAddress: Guid(ad76325917e9443eb9a0f09728104711) Importer(2089858483,b0f066a214c2f5e87bad3c948f4d605d)
Start importing Assets/Sprites/Enemy_Explode_Sequence/EnemyTurnLeft0000_00100.png using Guid(ad76325917e9443eb9a0f09728104711) Importer(2089858483,b0f066a214c2f5e87bad3c948f4d605d) (ScriptedImporter) -> (Import Result ID: '8324f7a0d42a875a4b6298e30a190eb8') in 0.0114466 seconds [static and dynamic dependencies]. Details - ImportResultOutputID=93401bfb24167ebc32b1f5a062025b98 DependenciesID=d88a8b93b86774ece4dbfb0c001dab2a StaticDependenciesID=0281721ef790180ae1d676782359c9a1 
Number of updated asset objects reloaded before import = 0Number of asset objects unloaded after import = 3

========================================================================
Received Import Request.
  Time since last request: 0.000019 seconds.
  path: Assets/Sprites/Enemy_Explode_Sequence/EnemyTurnLeft0000_00141.png
  importAddress: Guid(6229f2e9facb04598a4ad936d7706937) Importer(2089858483,b0f066a214c2f5e87bad3c948f4d605d)
Start importing Assets/Sprites/Enemy_Explode_Sequence/EnemyTurnLeft0000_00141.png using Guid(6229f2e9facb04598a4ad936d7706937) Importer(2089858483,b0f066a214c2f5e87bad3c948f4d605d) (ScriptedImporter) -> (Import Result ID: 'a6672f5c8d998a16ae28f380a0adddc5') in 0.0117295 seconds [static and dynamic dependencies]. Details - ImportResultOutputID=3e346fd4b6e280221ef22f37cef37163 DependenciesID=3c8e1b206dc7b0ef71a10d0c3b2279c0 StaticDependenciesID=b07a421f4b0a584644d3e685e07cf168 
Number of updated asset objects reloaded before import = 0Number of asset objects unloaded after import = 3

========================================================================
Received Import Request.
  Time since last request: 0.724655 seconds.
  path: Assets/Sprites/Enemy_Explode_Sequence/EnemyTurnLeft0000_00153.png
  importAddress: Guid(869ae0243a6794051ba8f7f17071efcf) Importer(2089858483,b0f066a214c2f5e87bad3c948f4d605d)
Start importing Assets/Sprites/Enemy_Explode_Sequence/EnemyTurnLeft0000_00153.png using Guid(869ae0243a6794051ba8f7f17071efcf) Importer(2089858483,b0f066a214c2f5e87bad3c948f4d605d) (ScriptedImporter) -> (Import Result ID: 'ddf7310d1b7de15ea11b74c07ea37cc3') in 0.0127953 seconds [static and dynamic dependencies]. Details - ImportResultOutputID=832e9db3e9667a5c7f203e9d8c814e1a DependenciesID=317d127b2d297077b4e27e20a3ba1474 StaticDependenciesID=6943a4b16ce03d4fbee46a51560be048 
Number of updated asset objects reloaded before import = 0Number of asset objects unloaded after import = 3

========================================================================
Received Import Request.
  Time since last request: 0.000016 seconds.
  path: Assets/Sprites/Explosion/Explosion_00049.png
  importAddress: Guid(10f0593302ee844a0b929e7a74570bfd) Importer(2089858483,b0f066a214c2f5e87bad3c948f4d605d)
Start importing Assets/Sprites/Explosion/Explosion_00049.png using Guid(10f0593302ee844a0b929e7a74570bfd) Importer(2089858483,b0f066a214c2f5e87bad3c948f4d605d) (ScriptedImporter) -> (Import Result ID: 'e97800d650a3d0997b8ec4d670db540a') in 0.0119601 seconds [static and dynamic dependencies]. Details - ImportResultOutputID=a2930c875fca0320e234b6bfbf58a6c0 DependenciesID=4cd53995ae4d025a57c598f7c9682bef StaticDependenciesID=680575495958008f666428ff1731895c 
Number of updated asset objects reloaded before import = 0Number of asset objects unloaded after import = 3

========================================================================
Received Import Request.
  Time since last request: 0.000017 seconds.
  path: Assets/Sprites/Explosion/Explosion_00044.png
  importAddress: Guid(d4d199e3b3cfa409eb3a17ed2d590064) Importer(2089858483,b0f066a214c2f5e87bad3c948f4d605d)
Start importing Assets/Sprites/Explosion/Explosion_00044.png using Guid(d4d199e3b3cfa409eb3a17ed2d590064) Importer(2089858483,b0f066a214c2f5e87bad3c948f4d605d) (ScriptedImporter) -> (Import Result ID: 'e23d57a24b6db39cc6f2bf399fabab5c') in 0.01156 seconds [static and dynamic dependencies]. Details - ImportResultOutputID=846c0dd4083ef6681056a5dd36eab7e6 DependenciesID=ccaad634366b48a4961556d9c2e26a0b StaticDependenciesID=8785d273283dde69c9605a47c146bd6e 
Number of updated asset objects reloaded before import = 0Number of asset objects unloaded after import = 3

========================================================================
Received Import Request.
  Time since last request: 0.000017 seconds.
  path: Assets/Sprites/Explosion/Explosion_00094.png
  importAddress: Guid(e57f5052a0d54448789cf35aa17f44bc) Importer(2089858483,b0f066a214c2f5e87bad3c948f4d605d)
Start importing Assets/Sprites/Explosion/Explosion_00094.png using Guid(e57f5052a0d54448789cf35aa17f44bc) Importer(2089858483,b0f066a214c2f5e87bad3c948f4d605d) (ScriptedImporter) -> (Import Result ID: 'bd4c9fff5b29142659bde098805cb717') in 0.0115003 seconds [static and dynamic dependencies]. Details - ImportResultOutputID=db3068cbed1de42b49133bd69bdbc088 DependenciesID=50ae12314170099eea4f33179789f5d9 StaticDependenciesID=eac8faf05fe8df3f518c49c05bdf20e9 
Number of updated asset objects reloaded before import = 0Number of asset objects unloaded after import = 3

========================================================================
Received Import Request.
  Time since last request: 0.000027 seconds.
  path: Assets/Sprites/Explosion/Explosion_00110.png
  importAddress: Guid(b52f59f3b583a4f819465ee035e0a09f) Importer(2089858483,b0f066a214c2f5e87bad3c948f4d605d)
Start importing Assets/Sprites/Explosion/Explosion_00110.png using Guid(b52f59f3b583a4f819465ee035e0a09f) Importer(2089858483,b0f066a214c2f5e87bad3c948f4d605d) (ScriptedImporter) -> (Import Result ID: 'c3a3819818bb3162eb714cdf8bb91b06') in 0.0111469 seconds [static and dynamic dependencies]. Details - ImportResultOutputID=b7b49cde62c28ff3bf6829a3eac3a9c1 DependenciesID=8a1651d215db70cb29e30753bec76be8 StaticDependenciesID=ab62fbc8daaf4c524ef704b78cd273d4 
Number of updated asset objects reloaded before import = 0Number of asset objects unloaded after import = 3

========================================================================
Received Import Request.
  Time since last request: 0.000014 seconds.
  path: Assets/Sprites/Explosion/Explosion_00011.png
  importAddress: Guid(f3cb92afea9964a989cbf5ca344bd40d) Importer(2089858483,b0f066a214c2f5e87bad3c948f4d605d)
Start importing Assets/Sprites/Explosion/Explosion_00011.png using Guid(f3cb92afea9964a989cbf5ca344bd40d) Importer(2089858483,b0f066a214c2f5e87bad3c948f4d605d) (ScriptedImporter) -> (Import Result ID: '468a91359009bf8cfa2186f8acd5c525') in 0.011151 seconds [static and dynamic dependencies]. Details - ImportResultOutputID=29c3e378d4df776eb5dfd1f97fd7191e DependenciesID=d28cfffba34f2a09088f63166ff668af StaticDependenciesID=bfa7dd386e474e4eebced5b84cac4684 
Number of updated asset objects reloaded before import = 0Number of asset objects unloaded after import = 3

========================================================================
Received Import Request.
  Time since last request: 0.000016 seconds.
  path: Assets/Sprites/Explosion/Explosion_00093.png
  importAddress: Guid(2ddfd6f16a1fe479aa7c726ac56ec331) Importer(2089858483,b0f066a214c2f5e87bad3c948f4d605d)
Start importing Assets/Sprites/Explosion/Explosion_00093.png using Guid(2ddfd6f16a1fe479aa7c726ac56ec331) Importer(2089858483,b0f066a214c2f5e87bad3c948f4d605d) (ScriptedImporter) -> (Import Result ID: 'a852e7ad31ae18db1a64f357bd11c3db') in 0.0123125 seconds [static and dynamic dependencies]. Details - ImportResultOutputID=f856975536cb3a7db586b2b0942b48a8 DependenciesID=f80379dc1e501265736dcc88ac147bb4 StaticDependenciesID=0787d13c73ef98a7151e17db1941a7d1 
Number of updated asset objects reloaded before import = 0Number of asset objects unloaded after import = 3

========================================================================
Received Import Request.
  Time since last request: 0.000025 seconds.
  path: Assets/Sprites/Explosion/Explosion_00129.png
  importAddress: Guid(d7bafe42d3ce54906b78f88fd445bdf0) Importer(2089858483,b0f066a214c2f5e87bad3c948f4d605d)
Start importing Assets/Sprites/Explosion/Explosion_00129.png using Guid(d7bafe42d3ce54906b78f88fd445bdf0) Importer(2089858483,b0f066a214c2f5e87bad3c948f4d605d) (ScriptedImporter) -> (Import Result ID: '3339bbc7ca3246d8eb0d0f7189ab975f') in 0.0114321 seconds [static and dynamic dependencies]. Details - ImportResultOutputID=348c6904a8805517dcff0ebfa9d3cfbb DependenciesID=da183fcd4938e417cfef96268d2ab31a StaticDependenciesID=ebc455fe48c5b97722b979eb5501e8d1 
Number of updated asset objects reloaded before import = 0Number of asset objects unloaded after import = 3

========================================================================
Received Import Request.
  Time since last request: 0.000015 seconds.
  path: Assets/Sprites/Explosion/Explosion_00113.png
  importAddress: Guid(68bbd983042164fed910ee97dc6335d2) Importer(2089858483,b0f066a214c2f5e87bad3c948f4d605d)
Start importing Assets/Sprites/Explosion/Explosion_00113.png using Guid(68bbd983042164fed910ee97dc6335d2) Importer(2089858483,b0f066a214c2f5e87bad3c948f4d605d) (ScriptedImporter) -> (Import Result ID: '6e21f2158c68ce741044d42ebcf5dac3') in 0.0111851 seconds [static and dynamic dependencies]. Details - ImportResultOutputID=840950b509e9324b0bf951fa1e4de9a7 DependenciesID=f3944a2113c718f68a330f789517e386 StaticDependenciesID=7b414c9a869d512a35cb338a4b30900e 
Number of updated asset objects reloaded before import = 0Number of asset objects unloaded after import = 3

========================================================================
Received Import Request.
  Time since last request: 0.000017 seconds.
  path: Assets/Sprites/Explosion/Explosion_00085.png
  importAddress: Guid(837ba1e2bf2d94388971f950c99a2f4e) Importer(2089858483,b0f066a214c2f5e87bad3c948f4d605d)
Start importing Assets/Sprites/Explosion/Explosion_00085.png using Guid(837ba1e2bf2d94388971f950c99a2f4e) Importer(2089858483,b0f066a214c2f5e87bad3c948f4d605d) (ScriptedImporter) -> (Import Result ID: '90983c4e85a60d7c253ca1e261e3c54f') in 0.0120498 seconds [static and dynamic dependencies]. Details - ImportResultOutputID=84debda9b140a28ce667607cbbc8f54b DependenciesID=ce11ef3897301fdcc9a747f9f36c6e47 StaticDependenciesID=9159e5079be42509d678b944f22c56c7 
Number of updated asset objects reloaded before import = 0Number of asset objects unloaded after import = 3

========================================================================
Received Import Request.
  Time since last request: 0.000019 seconds.
  path: Assets/Sprites/Explosion/Explosion_00131.png
  importAddress: Guid(839656243b37b4dba83107f672ef8759) Importer(2089858483,b0f066a214c2f5e87bad3c948f4d605d)
Start importing Assets/Sprites/Explosion/Explosion_00131.png using Guid(839656243b37b4dba83107f672ef8759) Importer(2089858483,b0f066a214c2f5e87bad3c948f4d605d) (ScriptedImporter) -> (Import Result ID: 'e1c3ab3ab08a4c47a2dd3c50bb5baaa7') in 0.0119225 seconds [static and dynamic dependencies]. Details - ImportResultOutputID=800e54aa6de5e7d9d7c9ca906356716b DependenciesID=e8eaf5b8e05e2656afd968c6db5bb490 StaticDependenciesID=5e587aba23cbf80233aecd8858cdf3ab 
Number of updated asset objects reloaded before import = 0Number of asset objects unloaded after import = 3

========================================================================
Received Import Request.
  Time since last request: 0.000019 seconds.
  path: Assets/Sprites/Explosion/Explosion_00132.png
  importAddress: Guid(41ce95e7780564a3594bbb2119c262af) Importer(2089858483,b0f066a214c2f5e87bad3c948f4d605d)
Start importing Assets/Sprites/Explosion/Explosion_00132.png using Guid(41ce95e7780564a3594bbb2119c262af) Importer(2089858483,b0f066a214c2f5e87bad3c948f4d605d) (ScriptedImporter) -> (Import Result ID: '99f29f0f755202d0d50a9d308e7e73e3') in 0.0114361 seconds [static and dynamic dependencies]. Details - ImportResultOutputID=174ad7ec3a38258d787c7e259f1b751c DependenciesID=eb9ed1369846201a7bdf05940463d30e StaticDependenciesID=f5f667ce9139ee4bea2d23e8d57caa82 
Number of updated asset objects reloaded before import = 0Number of asset objects unloaded after import = 3

========================================================================
Received Import Request.
  Time since last request: 0.000016 seconds.
  path: Assets/Sprites/Explosion/Explosion_00015.png
  importAddress: Guid(fca63c482ee214bfba957504445b68f7) Importer(2089858483,b0f066a214c2f5e87bad3c948f4d605d)
Start importing Assets/Sprites/Explosion/Explosion_00015.png using Guid(fca63c482ee214bfba957504445b68f7) Importer(2089858483,b0f066a214c2f5e87bad3c948f4d605d) (ScriptedImporter) -> (Import Result ID: 'abb67ae5c25b8e0ebc4f533a64d14c4f') in 0.0113493 seconds [static and dynamic dependencies]. Details - ImportResultOutputID=5cf12a89f3c0a64202e5fc9f70a06f0d DependenciesID=87937c1e59af4cde318a7f43ed219418 StaticDependenciesID=14fbdabbbe5622c61e209e9a8716bd6e 
Number of updated asset objects reloaded before import = 0Number of asset objects unloaded after import = 3

========================================================================
Received Import Request.
  Time since last request: 0.000019 seconds.
  path: Assets/Sprites/Explosion/Explosion_00020.png
  importAddress: Guid(d9e99148b15674c8fafeea7daa557973) Importer(2089858483,b0f066a214c2f5e87bad3c948f4d605d)
Start importing Assets/Sprites/Explosion/Explosion_00020.png using Guid(d9e99148b15674c8fafeea7daa557973) Importer(2089858483,b0f066a214c2f5e87bad3c948f4d605d) (ScriptedImporter) -> (Import Result ID: '73b96c98abd744815d2a7c1cbf707d8a') in 0.012904 seconds [static and dynamic dependencies]. Details - ImportResultOutputID=b8d44f8f6131f00b0fff81d3c8d59026 DependenciesID=2c2fc742b0c4fcbe38d92ee0269e9395 StaticDependenciesID=18d2e2af45878ade838ae7214951c9da 
Number of updated asset objects reloaded before import = 0Number of asset objects unloaded after import = 3

========================================================================
Received Import Request.
  Time since last request: 0.000017 seconds.
  path: Assets/Sprites/Explosion/Explosion_00018.png
  importAddress: Guid(0dca7a237738f409aaf402ba9104aef5) Importer(2089858483,b0f066a214c2f5e87bad3c948f4d605d)
Start importing Assets/Sprites/Explosion/Explosion_00018.png using Guid(0dca7a237738f409aaf402ba9104aef5) Importer(2089858483,b0f066a214c2f5e87bad3c948f4d605d) (ScriptedImporter) -> (Import Result ID: 'a36fe74e8bbe44964b260d9b8e2af884') in 0.0113608 seconds [static and dynamic dependencies]. Details - ImportResultOutputID=345231be3f3620fad3d63afe98aded91 DependenciesID=f2a3a90221decc20fa6da8e69c5ccabd StaticDependenciesID=f3fc4d7966f4e45ad3f9cc1074049427 
Number of updated asset objects reloaded before import = 0Number of asset objects unloaded after import = 3

========================================================================
Received Import Request.
  Time since last request: 0.000018 seconds.
  path: Assets/Sprites/Explosion/Explosion_00067.png
  importAddress: Guid(088651ed39c9146ebbad76cba215e2ce) Importer(2089858483,b0f066a214c2f5e87bad3c948f4d605d)
Start importing Assets/Sprites/Explosion/Explosion_00067.png using Guid(088651ed39c9146ebbad76cba215e2ce) Importer(2089858483,b0f066a214c2f5e87bad3c948f4d605d) (ScriptedImporter) -> (Import Result ID: 'db3f48414911ab6227333014358052b3') in 0.0120825 seconds [static and dynamic dependencies]. Details - ImportResultOutputID=71abc5c92846dbd3b00b75eae9ceb09d DependenciesID=d671c8a21731099769bf223426952337 StaticDependenciesID=e0e0eedffad0a04820659d7d15bc764c 
Number of updated asset objects reloaded before import = 0Number of asset objects unloaded after import = 3

========================================================================
Received Import Request.
  Time since last request: 0.000019 seconds.
  path: Assets/Sprites/Explosion/Explosion_00098.png
  importAddress: Guid(1fc97c3974dbd495cb0e0473cab77e18) Importer(2089858483,b0f066a214c2f5e87bad3c948f4d605d)
Start importing Assets/Sprites/Explosion/Explosion_00098.png using Guid(1fc97c3974dbd495cb0e0473cab77e18) Importer(2089858483,b0f066a214c2f5e87bad3c948f4d605d) (ScriptedImporter) -> (Import Result ID: '5a082ecb148d08090d5e91481efb9b6e') in 0.0115843 seconds [static and dynamic dependencies]. Details - ImportResultOutputID=b4a4bca303bcf18719c02b87ab883b2a DependenciesID=7e0e30f32948297b519a7a6ce8cae2eb StaticDependenciesID=fa78822806bef92a4b01f12fd8471fd3 
Number of updated asset objects reloaded before import = 0Number of asset objects unloaded after import = 3

========================================================================
Received Import Request.
  Time since last request: 0.000019 seconds.
  path: Assets/Sprites/Explosion/Explosion_00003.png
  importAddress: Guid(daf5661546aee426997534d69e803087) Importer(2089858483,b0f066a214c2f5e87bad3c948f4d605d)
Start importing Assets/Sprites/Explosion/Explosion_00003.png using Guid(daf5661546aee426997534d69e803087) Importer(2089858483,b0f066a214c2f5e87bad3c948f4d605d) (ScriptedImporter) -> (Import Result ID: '995d7e3afcbf7701c3e642001ccd6ff9') in 0.0135597 seconds [static and dynamic dependencies]. Details - ImportResultOutputID=4b853a9d95b58c43525b5a0060d7fb36 DependenciesID=e47c7a8ce4f2180edd6cf73b13e57119 StaticDependenciesID=a171cf01d81ff83aa2add412ffaf8adb 
Number of updated asset objects reloaded before import = 0Number of asset objects unloaded after import = 3

========================================================================
Received Import Request.
  Time since last request: 0.000018 seconds.
  path: Assets/Sprites/Explosion/Explosion_00108.png
  importAddress: Guid(2370ec9bb8f5149a389dc30589b6a185) Importer(2089858483,b0f066a214c2f5e87bad3c948f4d605d)
Start importing Assets/Sprites/Explosion/Explosion_00108.png using Guid(2370ec9bb8f5149a389dc30589b6a185) Importer(2089858483,b0f066a214c2f5e87bad3c948f4d605d) (ScriptedImporter) -> (Import Result ID: 'c2f1fe7435a06821a06b8b1442e6a052') in 0.0117191 seconds [static and dynamic dependencies]. Details - ImportResultOutputID=615741e3934bcb6291a536de04144f3c DependenciesID=cb9cd49ed085d80b5091cafed628d4a4 StaticDependenciesID=da66a2dd009dcaefe0e9cbd325db0c0e 
Number of updated asset objects reloaded before import = 0Number of asset objects unloaded after import = 3

========================================================================
Received Import Request.
  Time since last request: 0.000017 seconds.
  path: Assets/Sprites/Explosion/Explosion_00054.png
  importAddress: Guid(f289d1ad9e6414b6f97e6d719db4b212) Importer(2089858483,b0f066a214c2f5e87bad3c948f4d605d)
Start importing Assets/Sprites/Explosion/Explosion_00054.png using Guid(f289d1ad9e6414b6f97e6d719db4b212) Importer(2089858483,b0f066a214c2f5e87bad3c948f4d605d) (ScriptedImporter) -> (Import Result ID: '8d97f2a262156d340108beff61454b18') in 0.0125783 seconds [static and dynamic dependencies]. Details - ImportResultOutputID=efc620df5392e6e4d6d7f79be69f22c6 DependenciesID=a38377ca28ef497d55f1a22036e3f350 StaticDependenciesID=b3b210eb985cdfb2337e5ec72434744a 
Number of updated asset objects reloaded before import = 0Number of asset objects unloaded after import = 3

========================================================================
Received Import Request.
  Time since last request: 0.000022 seconds.
  path: Assets/Sprites/Explosion/Explosion_00115.png
  importAddress: Guid(f78460ceeb77640c595dd74dc6ddd745) Importer(2089858483,b0f066a214c2f5e87bad3c948f4d605d)
Start importing Assets/Sprites/Explosion/Explosion_00115.png using Guid(f78460ceeb77640c595dd74dc6ddd745) Importer(2089858483,b0f066a214c2f5e87bad3c948f4d605d) (ScriptedImporter) -> (Import Result ID: '5312d5fc941990ee1a2b0c0a5a6f8a1f') in 0.0164671 seconds [static and dynamic dependencies]. Details - ImportResultOutputID=1d91a7e9153ed8bfd49be407c232d386 DependenciesID=260da4e9ff35f8f50c6f844082ff6614 StaticDependenciesID=61d714f669fe66a01637fdc82f64c12d 
Number of updated asset objects reloaded before import = 0Number of asset objects unloaded after import = 3

========================================================================
Received Import Request.
  Time since last request: 0.000025 seconds.
  path: Assets/Sprites/Explosion/Explosion_00039.png
  importAddress: Guid(0c07d4b493afb43158afaae5c2dfb177) Importer(2089858483,b0f066a214c2f5e87bad3c948f4d605d)
Start importing Assets/Sprites/Explosion/Explosion_00039.png using Guid(0c07d4b493afb43158afaae5c2dfb177) Importer(2089858483,b0f066a214c2f5e87bad3c948f4d605d) (ScriptedImporter) -> (Import Result ID: 'a58362f674c88affc8e450bd1db37a3a') in 0.0116954 seconds [static and dynamic dependencies]. Details - ImportResultOutputID=94e82f4728e1969d36be77c14c473eab DependenciesID=4f886d46f73dce3b72444a092f2ecefb StaticDependenciesID=22055f64b633f9c43dd707fbda56ea11 
Number of updated asset objects reloaded before import = 0Number of asset objects unloaded after import = 3

========================================================================
Received Import Request.
  Time since last request: 0.000018 seconds.
  path: Assets/Sprites/Explosion/Explosion_00006.png
  importAddress: Guid(d89c5abd9258140a3ac8d6f4a5f79ad6) Importer(2089858483,b0f066a214c2f5e87bad3c948f4d605d)
Start importing Assets/Sprites/Explosion/Explosion_00006.png using Guid(d89c5abd9258140a3ac8d6f4a5f79ad6) Importer(2089858483,b0f066a214c2f5e87bad3c948f4d605d) (ScriptedImporter) -> (Import Result ID: '9c92c4feacf8edc7f1b3f9e38dcbf34e') in 0.0109909 seconds [static and dynamic dependencies]. Details - ImportResultOutputID=3ebcbbb652eebc67eda3a3986fddfa1b DependenciesID=97794e5511042d4a91483363dd1ec2a1 StaticDependenciesID=9af2ab0ea1c08e179c1603b3dd7bd30b 
Number of updated asset objects reloaded before import = 0Number of asset objects unloaded after import = 3

========================================================================
Received Import Request.
  Time since last request: 0.000017 seconds.
  path: Assets/Sprites/Explosion/Explosion_00017.png
  importAddress: Guid(e341161a4a28d43d2acab309a9952db7) Importer(2089858483,b0f066a214c2f5e87bad3c948f4d605d)
Start importing Assets/Sprites/Explosion/Explosion_00017.png using Guid(e341161a4a28d43d2acab309a9952db7) Importer(2089858483,b0f066a214c2f5e87bad3c948f4d605d) (ScriptedImporter) -> (Import Result ID: 'fa51a0d3e7aacd206edcca011ccf190a') in 0.012065 seconds [static and dynamic dependencies]. Details - ImportResultOutputID=d09808ff6b6727965d52715a9e4a2210 DependenciesID=154a84a8f264e52bd2011d95a41c1e3d StaticDependenciesID=cae49da78a7128e13395321e7b1fb5b4 
Number of updated asset objects reloaded before import = 0Number of asset objects unloaded after import = 3

========================================================================
Received Import Request.
  Time since last request: 0.000016 seconds.
  path: Assets/Sprites/Explosion/Explosion_00092.png
  importAddress: Guid(a888d8489650b40779af5b693cc98a28) Importer(2089858483,b0f066a214c2f5e87bad3c948f4d605d)
Start importing Assets/Sprites/Explosion/Explosion_00092.png using Guid(a888d8489650b40779af5b693cc98a28) Importer(2089858483,b0f066a214c2f5e87bad3c948f4d605d) (ScriptedImporter) -> (Import Result ID: 'f378e9f521c8cb59d0969db2fb607157') in 0.0118889 seconds [static and dynamic dependencies]. Details - ImportResultOutputID=8500399b276aeb6591f902e77bd075d5 DependenciesID=a2abc4811c21eaa3e432e691f3f2b347 StaticDependenciesID=b3c462108f2026cce1997448321c82aa 
Number of updated asset objects reloaded before import = 0Number of asset objects unloaded after import = 3

========================================================================
Received Import Request.
  Time since last request: 0.000018 seconds.
  path: Assets/Sprites/Explosion/Explosion_00120.png
  importAddress: Guid(4979cbdac38b6463eb4502dc57c997e1) Importer(2089858483,b0f066a214c2f5e87bad3c948f4d605d)
Start importing Assets/Sprites/Explosion/Explosion_00120.png using Guid(4979cbdac38b6463eb4502dc57c997e1) Importer(2089858483,b0f066a214c2f5e87bad3c948f4d605d) (ScriptedImporter) -> (Import Result ID: '4892e7baafea0234cea0311ab62a996e') in 0.012699 seconds [static and dynamic dependencies]. Details - ImportResultOutputID=e1f3277181139dd2bd6e5cc508b26841 DependenciesID=38d1f9c414450d3a60ec135d763074a5 StaticDependenciesID=c61fb74feb19e8be470f2dee46884ad8 
Number of updated asset objects reloaded before import = 0Number of asset objects unloaded after import = 3

========================================================================
Received Import Request.
  Time since last request: 0.000018 seconds.
  path: Assets/Sprites/Explosion/Explosion_00034.png
  importAddress: Guid(483587f42268942ed88360818f5cca79) Importer(2089858483,b0f066a214c2f5e87bad3c948f4d605d)
Start importing Assets/Sprites/Explosion/Explosion_00034.png using Guid(483587f42268942ed88360818f5cca79) Importer(2089858483,b0f066a214c2f5e87bad3c948f4d605d) (ScriptedImporter) -> (Import Result ID: '86bf7d1452adc16e2dac6f2f84ef0586') in 0.0109353 seconds [static and dynamic dependencies]. Details - ImportResultOutputID=b50915759209731a5fe16a02a0923108 DependenciesID=ef22d4fe115c671944e5be7050ecd121 StaticDependenciesID=025b316baa87ded8b03e648171153601 
Number of updated asset objects reloaded before import = 0Number of asset objects unloaded after import = 3

========================================================================
Received Import Request.
  Time since last request: 0.000015 seconds.
  path: Assets/Sprites/Enemy_Explode_Sequence/EnemyTurnLeft0000_00157.png
  importAddress: Guid(d23e2f57007dc4330bcbb17700957c97) Importer(2089858483,b0f066a214c2f5e87bad3c948f4d605d)
Start importing Assets/Sprites/Enemy_Explode_Sequence/EnemyTurnLeft0000_00157.png using Guid(d23e2f57007dc4330bcbb17700957c97) Importer(2089858483,b0f066a214c2f5e87bad3c948f4d605d) (ScriptedImporter) -> (Import Result ID: '86a9439176c9e0190fb14085b895113a') in 0.0113518 seconds [static and dynamic dependencies]. Details - ImportResultOutputID=55af813abec6be834e21f587c557143a DependenciesID=69e105517198ad87b67c1215b64e0330 StaticDependenciesID=eb9527ac06eec4cd91023f174e0d46b1 
Number of updated asset objects reloaded before import = 0Number of asset objects unloaded after import = 3

========================================================================
Received Import Request.
  Time since last request: 0.000020 seconds.
  path: Assets/Sprites/Explosion/Explosion_00014.png
  importAddress: Guid(7adc0065acd8041d49a7a3e113b132be) Importer(2089858483,b0f066a214c2f5e87bad3c948f4d605d)
Start importing Assets/Sprites/Explosion/Explosion_00014.png using Guid(7adc0065acd8041d49a7a3e113b132be) Importer(2089858483,b0f066a214c2f5e87bad3c948f4d605d) (ScriptedImporter) -> (Import Result ID: 'dbac98bfd2ae7761ece3d653a670fd0a') in 0.0155894 seconds [static and dynamic dependencies]. Details - ImportResultOutputID=6d3b974a47947b87f67f268ca5b7439f DependenciesID=5c7a725879c2feb905cca1d8f80385b2 StaticDependenciesID=32bb059eb188dfdaa2b7b15ef965be94 
Number of updated asset objects reloaded before import = 0Number of asset objects unloaded after import = 3

========================================================================
Received Import Request.
  Time since last request: 0.000018 seconds.
  path: Assets/Sprites/Explosion/Explosion_00122.png
  importAddress: Guid(d8a7707ab40384557a93c59e792c38d0) Importer(2089858483,b0f066a214c2f5e87bad3c948f4d605d)
Start importing Assets/Sprites/Explosion/Explosion_00122.png using Guid(d8a7707ab40384557a93c59e792c38d0) Importer(2089858483,b0f066a214c2f5e87bad3c948f4d605d) (ScriptedImporter) -> (Import Result ID: 'b9a179533dfad7833d19c827c255a839') in 0.0095419 seconds [static and dynamic dependencies]. Details - ImportResultOutputID=1a956dafe2e67daa807f0c8de998777f DependenciesID=7b9ba47b1ec2cbf244e253eb11593097 StaticDependenciesID=e623e3eb059a5b2083527e880c1ff866 
Number of updated asset objects reloaded before import = 0Number of asset objects unloaded after import = 3

========================================================================
Received Import Request.
  Time since last request: 0.000016 seconds.
  path: Assets/Sprites/Explosion/Explosion_00121.png
  importAddress: Guid(18eba4bdb099348efbfb7f64507bd501) Importer(2089858483,b0f066a214c2f5e87bad3c948f4d605d)
Start importing Assets/Sprites/Explosion/Explosion_00121.png using Guid(18eba4bdb099348efbfb7f64507bd501) Importer(2089858483,b0f066a214c2f5e87bad3c948f4d605d) (ScriptedImporter) -> (Import Result ID: '781d457bb2b189f04466727d244a21c7') in 0.0105642 seconds [static and dynamic dependencies]. Details - ImportResultOutputID=ecd33bc3da179c0f116db106cfcc75d5 DependenciesID=1d95e701b0f25c7eea13a64e7addc811 StaticDependenciesID=23bb36dd56aef069d4da1a8827008192 
Number of updated asset objects reloaded before import = 0Number of asset objects unloaded after import = 3

========================================================================
Received Import Request.
  Time since last request: 0.000016 seconds.
  path: Assets/Sprites/Explosion/Explosion_00051.png
  importAddress: Guid(4e34ec21cf0d8452795ab9381a0240d0) Importer(2089858483,b0f066a214c2f5e87bad3c948f4d605d)
Start importing Assets/Sprites/Explosion/Explosion_00051.png using Guid(4e34ec21cf0d8452795ab9381a0240d0) Importer(2089858483,b0f066a214c2f5e87bad3c948f4d605d) (ScriptedImporter) -> (Import Result ID: '675966b4d9615cca01b69fb0bb12bdc2') in 0.0121347 seconds [static and dynamic dependencies]. Details - ImportResultOutputID=d2736f6d0092a507be6eb0a502a91936 DependenciesID=2605e2d2d4d0555402b8ddc50615a025 StaticDependenciesID=6f02c29f33f73a007110756038844dd2 
Number of updated asset objects reloaded before import = 0Number of asset objects unloaded after import = 3

========================================================================
Received Import Request.
  Time since last request: 0.000016 seconds.
  path: Assets/Sprites/Explosion/Explosion_00029.png
  importAddress: Guid(e1c49d145e6a542c19dbb057bacb41f5) Importer(2089858483,b0f066a214c2f5e87bad3c948f4d605d)
Start importing Assets/Sprites/Explosion/Explosion_00029.png using Guid(e1c49d145e6a542c19dbb057bacb41f5) Importer(2089858483,b0f066a214c2f5e87bad3c948f4d605d) (ScriptedImporter) -> (Import Result ID: '902f8f165426019240fc5d4b12444c38') in 0.0155558 seconds [static and dynamic dependencies]. Details - ImportResultOutputID=b145a47ab1d399decea218d2abbf3735 DependenciesID=10bdb6cb9927afb8f14f19676fb8b16e StaticDependenciesID=1ba8f87c4354d7d807e795f510bda059 
Number of updated asset objects reloaded before import = 0Number of asset objects unloaded after import = 3

========================================================================
Received Import Request.
  Time since last request: 0.000019 seconds.
  path: Assets/Sprites/Explosion/Explosion_00127.png
  importAddress: Guid(5217911993c1c4c6aa093fd4e4dfab1f) Importer(2089858483,b0f066a214c2f5e87bad3c948f4d605d)
Start importing Assets/Sprites/Explosion/Explosion_00127.png using Guid(5217911993c1c4c6aa093fd4e4dfab1f) Importer(2089858483,b0f066a214c2f5e87bad3c948f4d605d) (ScriptedImporter) -> (Import Result ID: '1652f45dfeea3442bd0bc0fa3a05e2a3') in 0.0130558 seconds [static and dynamic dependencies]. Details - ImportResultOutputID=51de430409048d592e2b3d4d2fce4ff0 DependenciesID=131cf2695edbcacbf6daba92e7cd0946 StaticDependenciesID=12a0db838992fc311e1652f04e4605b0 
Number of updated asset objects reloaded before import = 0Number of asset objects unloaded after import = 3

========================================================================
Received Import Request.
  Time since last request: 0.000021 seconds.
  path: Assets/Sprites/Explosion/Explosion_00077.png
  importAddress: Guid(30d37ae0d67164c1592f31f4642d041b) Importer(2089858483,b0f066a214c2f5e87bad3c948f4d605d)
Start importing Assets/Sprites/Explosion/Explosion_00077.png using Guid(30d37ae0d67164c1592f31f4642d041b) Importer(2089858483,b0f066a214c2f5e87bad3c948f4d605d) (ScriptedImporter) -> (Import Result ID: '4de4bdbb2809259f5d22bf9f41645267') in 0.0106881 seconds [static and dynamic dependencies]. Details - ImportResultOutputID=01d4de0d720bc9cfb0279afdfa41ad70 DependenciesID=a0eab82a77fef7a0a49ca0322fc50c1f StaticDependenciesID=5f7c9e5bb2405cafb8ce700da6303310 
Number of updated asset objects reloaded before import = 0Number of asset objects unloaded after import = 3

========================================================================
Received Import Request.
  Time since last request: 0.000016 seconds.
  path: Assets/Sprites/Explosion/Explosion_00013.png
  importAddress: Guid(57fcb5d1186e648ca95a778c850f72cf) Importer(2089858483,b0f066a214c2f5e87bad3c948f4d605d)
Start importing Assets/Sprites/Explosion/Explosion_00013.png using Guid(57fcb5d1186e648ca95a778c850f72cf) Importer(2089858483,b0f066a214c2f5e87bad3c948f4d605d) (ScriptedImporter) -> (Import Result ID: 'cb282eee105198a0ad41cc367b53b220') in 0.0120338 seconds [static and dynamic dependencies]. Details - ImportResultOutputID=fdd6facfc641381033b98d03504a32a6 DependenciesID=8864df42e4e9cd66cbcd0a35291204bd StaticDependenciesID=3e2842ae5f48dd5fbaa3f21a92ecc7db 
Number of updated asset objects reloaded before import = 0Number of asset objects unloaded after import = 3

========================================================================
Received Import Request.
  Time since last request: 0.000016 seconds.
  path: Assets/Sprites/Explosion/Explosion_00087.png
  importAddress: Guid(00531221351834369aca584c05ba22a5) Importer(2089858483,b0f066a214c2f5e87bad3c948f4d605d)
Start importing Assets/Sprites/Explosion/Explosion_00087.png using Guid(00531221351834369aca584c05ba22a5) Importer(2089858483,b0f066a214c2f5e87bad3c948f4d605d) (ScriptedImporter) -> (Import Result ID: '2544ab773dd0875de9acf926cdf30710') in 0.0125616 seconds [static and dynamic dependencies]. Details - ImportResultOutputID=18717f5eda5c468707819a707b20108b DependenciesID=b7484aa936ade04668e9255b0717a3c8 StaticDependenciesID=575a5cc4cf15fe2b7d3f6231631e4c34 
Number of updated asset objects reloaded before import = 0Number of asset objects unloaded after import = 3

========================================================================
Received Import Request.
  Time since last request: 0.469063 seconds.
  path: Assets/Sprites/Explosion/Explosion_00144.png
  importAddress: Guid(a93478cc813924a6d85ecb54a8085791) Importer(2089858483,b0f066a214c2f5e87bad3c948f4d605d)
Start importing Assets/Sprites/Explosion/Explosion_00144.png using Guid(a93478cc813924a6d85ecb54a8085791) Importer(2089858483,b0f066a214c2f5e87bad3c948f4d605d) (ScriptedImporter) -> (Import Result ID: 'c5dd7c7d207157f796e0aee931627578') in 0.0120453 seconds [static and dynamic dependencies]. Details - ImportResultOutputID=07947d2c5ac4a7a94f7b75611a6afac2 DependenciesID=84d0d3d523df928db2a28da3ecc7e0f3 StaticDependenciesID=ffb9383efe9b3d467b7acf7ae3bfa906 
Number of updated asset objects reloaded before import = 0Number of asset objects unloaded after import = 3

========================================================================
Received Import Request.
  Time since last request: 0.000019 seconds.
  path: Assets/Sprites/Player_Hurt/Fire_00030.png
  importAddress: Guid(ac5743feac8594e9896814a5a6c7d973) Importer(2089858483,b0f066a214c2f5e87bad3c948f4d605d)
Start importing Assets/Sprites/Player_Hurt/Fire_00030.png using Guid(ac5743feac8594e9896814a5a6c7d973) Importer(2089858483,b0f066a214c2f5e87bad3c948f4d605d) (ScriptedImporter) -> (Import Result ID: '47a04b17af53592ec2fae0c792332e61') in 0.0118776 seconds [static and dynamic dependencies]. Details - ImportResultOutputID=849fc4ca51f1047362ee6f69e7f86ddb DependenciesID=c51f579a005da583096cd4e68ad9b061 StaticDependenciesID=1c0e58fab4f675a3cbde068df77fb24b 
Number of updated asset objects reloaded before import = 0Number of asset objects unloaded after import = 3

========================================================================
Received Import Request.
  Time since last request: 0.000019 seconds.
  path: Assets/Sprites/Player_Hurt/Fire_00001.png
  importAddress: Guid(b9b1e0bfea2594a8ab7c72b806ba1f74) Importer(2089858483,b0f066a214c2f5e87bad3c948f4d605d)
Start importing Assets/Sprites/Player_Hurt/Fire_00001.png using Guid(b9b1e0bfea2594a8ab7c72b806ba1f74) Importer(2089858483,b0f066a214c2f5e87bad3c948f4d605d) (ScriptedImporter) -> (Import Result ID: '06d429056efc9154b6e3e747788af041') in 0.0100664 seconds [static and dynamic dependencies]. Details - ImportResultOutputID=acbfb55084f596df9e18a9dcbf859e62 DependenciesID=b1991e167e9043a12dda26d52e8ca859 StaticDependenciesID=7a5c7a0585c7883581f63aa1481bb504 
Number of updated asset objects reloaded before import = 0Number of asset objects unloaded after import = 3

========================================================================
Received Import Request.
  Time since last request: 0.000017 seconds.
  path: Assets/Sprites/Thruster/Thruster_00003.png
  importAddress: Guid(0a4fcb091735d4ebaba319583cbed122) Importer(2089858483,b0f066a214c2f5e87bad3c948f4d605d)
Start importing Assets/Sprites/Thruster/Thruster_00003.png using Guid(0a4fcb091735d4ebaba319583cbed122) Importer(2089858483,b0f066a214c2f5e87bad3c948f4d605d) (ScriptedImporter) -> (Import Result ID: 'e8552a6cecf1fe5b736c82d6b0d74318') in 0.0112287 seconds [static and dynamic dependencies]. Details - ImportResultOutputID=4f07e9b1e481308145fcfb415952a701 DependenciesID=fd61c317e5ad588e34395c2af479c311 StaticDependenciesID=6005e63f071702522e2192a15be62f58 
Number of updated asset objects reloaded before import = 0Number of asset objects unloaded after import = 3

========================================================================
Received Import Request.
  Time since last request: 0.000015 seconds.
  path: Assets/Sprites/Player_Shield/Shields_00009.png
  importAddress: Guid(03c9786d3131a469586f726888fae1ae) Importer(2089858483,b0f066a214c2f5e87bad3c948f4d605d)
Start importing Assets/Sprites/Player_Shield/Shields_00009.png using Guid(03c9786d3131a469586f726888fae1ae) Importer(2089858483,b0f066a214c2f5e87bad3c948f4d605d) (ScriptedImporter) -> (Import Result ID: 'f7050c72bacc53152eb3ac2f4d8df443') in 0.0123846 seconds [static and dynamic dependencies]. Details - ImportResultOutputID=3d063697772c63ef67d8c4f245f22edb DependenciesID=7c27e40bfc1e86f7deefeb9e0c39f260 StaticDependenciesID=02786e46dfc99e563fac80a1ef02f002 
Number of updated asset objects reloaded before import = 0Number of asset objects unloaded after import = 3

========================================================================
Received Import Request.
  Time since last request: 0.000015 seconds.
  path: Assets/Sprites/Player_Hurt/Fire_00018.png
  importAddress: Guid(6a96bfb47f6b847b18526fa45d03f75f) Importer(2089858483,b0f066a214c2f5e87bad3c948f4d605d)
Start importing Assets/Sprites/Player_Hurt/Fire_00018.png using Guid(6a96bfb47f6b847b18526fa45d03f75f) Importer(2089858483,b0f066a214c2f5e87bad3c948f4d605d) (ScriptedImporter) -> (Import Result ID: '8b1aac370ad6ba60b4af6d7aa1ed0ac8') in 0.0112321 seconds [static and dynamic dependencies]. Details - ImportResultOutputID=5fad9a8f92ff582ba4935095c033833a DependenciesID=65664b291858e0a2010fa53b9222cff0 StaticDependenciesID=c0495a7d95eea7b8c8de914ec6734ef6 
Number of updated asset objects reloaded before import = 0Number of asset objects unloaded after import = 3

========================================================================
Received Import Request.
  Time since last request: 0.000016 seconds.
  path: Assets/Sprites/Player_Hurt/Fire_00037.png
  importAddress: Guid(48f3fa46f18ed4f76a575fd05255c485) Importer(2089858483,b0f066a214c2f5e87bad3c948f4d605d)
Start importing Assets/Sprites/Player_Hurt/Fire_00037.png using Guid(48f3fa46f18ed4f76a575fd05255c485) Importer(2089858483,b0f066a214c2f5e87bad3c948f4d605d) (ScriptedImporter) -> (Import Result ID: 'ffe4f448924193a65787beba521dacba') in 0.0109571 seconds [static and dynamic dependencies]. Details - ImportResultOutputID=3b23a211a2890376b0b0383594d1a55f DependenciesID=5af8504a5fc5e8899a49b8fc08ab5485 StaticDependenciesID=5bb3c6ff470c0000674b0462d6ac7e18 
Number of updated asset objects reloaded before import = 0Number of asset objects unloaded after import = 3

========================================================================
Received Import Request.
  Time since last request: 0.000015 seconds.
  path: Assets/Sprites/Player_Hurt/Fire_00017.png
  importAddress: Guid(98e39fe546a914dcc9274ea19783befc) Importer(2089858483,b0f066a214c2f5e87bad3c948f4d605d)
Start importing Assets/Sprites/Player_Hurt/Fire_00017.png using Guid(98e39fe546a914dcc9274ea19783befc) Importer(2089858483,b0f066a214c2f5e87bad3c948f4d605d) (ScriptedImporter) -> (Import Result ID: '8d1aabd1a86c3b0e39c36d3a41610627') in 0.0097856 seconds [static and dynamic dependencies]. Details - ImportResultOutputID=5b0426c8d9f1106b655b0a4dd927193e DependenciesID=84b1694ff2f945dd1807d4c1b318c631 StaticDependenciesID=5ea15f4edc151e24c6cbac453b2f457a 
Number of updated asset objects reloaded before import = 0Number of asset objects unloaded after import = 3

========================================================================
Received Import Request.
  Time since last request: 0.000016 seconds.
  path: Assets/Sprites/Player_Hurt/Fire_00019.png
  importAddress: Guid(724814e4658a14ea781207ca48fa2177) Importer(2089858483,b0f066a214c2f5e87bad3c948f4d605d)
Start importing Assets/Sprites/Player_Hurt/Fire_00019.png using Guid(724814e4658a14ea781207ca48fa2177) Importer(2089858483,b0f066a214c2f5e87bad3c948f4d605d) (ScriptedImporter) -> (Import Result ID: 'f3dd7564d291bb3f43ec0e2c47ca77c8') in 0.0109893 seconds [static and dynamic dependencies]. Details - ImportResultOutputID=f5bd4fb68b45ebb8f817d19aba8fceb9 DependenciesID=3dc04b9da9a2be673c13c0bffa2c5439 StaticDependenciesID=a1d2f04473955dd505161ca8ae1ad6ee 
Number of updated asset objects reloaded before import = 0Number of asset objects unloaded after import = 3

========================================================================
Received Import Request.
  Time since last request: 0.000017 seconds.
  path: Assets/Sprites/Thruster/Thruster_00018.png
  importAddress: Guid(abef6a6fdc4ab421e9da5f177026134c) Importer(2089858483,b0f066a214c2f5e87bad3c948f4d605d)
Start importing Assets/Sprites/Thruster/Thruster_00018.png using Guid(abef6a6fdc4ab421e9da5f177026134c) Importer(2089858483,b0f066a214c2f5e87bad3c948f4d605d) (ScriptedImporter) -> (Import Result ID: '3f6605702df813bec74bc81a63535a49') in 0.0121937 seconds [static and dynamic dependencies]. Details - ImportResultOutputID=1c30b6b799f98883b67d3bacf77ea9cb DependenciesID=baa188385098ea503fb0c1cf4381a9b7 StaticDependenciesID=ee7ebb6a0c31c05a385b0327eb959290 
Number of updated asset objects reloaded before import = 0Number of asset objects unloaded after import = 3

========================================================================
Received Import Request.
  Time since last request: 0.000017 seconds.
  path: Assets/Sprites/Player_Hurt/Fire_00029.png
  importAddress: Guid(592a623b9883f40fdbd14650715e348d) Importer(2089858483,b0f066a214c2f5e87bad3c948f4d605d)
Start importing Assets/Sprites/Player_Hurt/Fire_00029.png using Guid(592a623b9883f40fdbd14650715e348d) Importer(2089858483,b0f066a214c2f5e87bad3c948f4d605d) (ScriptedImporter) -> (Import Result ID: '448fe95b606a481ddd3d1837e97b4b4e') in 0.0130188 seconds [static and dynamic dependencies]. Details - ImportResultOutputID=b3213e8876594181e4701a2940a7c260 DependenciesID=74aae99bec51113b13ff1172c53f6f69 StaticDependenciesID=8949e48e20eaf0d9da78d8304197881a 
Number of updated asset objects reloaded before import = 0Number of asset objects unloaded after import = 3

========================================================================
Received Import Request.
  Time since last request: 0.000017 seconds.
  path: Assets/Sprites/Player_Turn_Right/Player Turn Right0000.png
  importAddress: Guid(1d5981962683d455ba1857f592a65b02) Importer(2089858483,b0f066a214c2f5e87bad3c948f4d605d)
Start importing Assets/Sprites/Player_Turn_Right/Player Turn Right0000.png using Guid(1d5981962683d455ba1857f592a65b02) Importer(2089858483,b0f066a214c2f5e87bad3c948f4d605d) (ScriptedImporter) -> (Import Result ID: 'abd12b62f8023adf9b0e6fab4c08a087') in 0.0109422 seconds [static and dynamic dependencies]. Details - ImportResultOutputID=389e6c7c3b2569fbdcbeac2303730f90 DependenciesID=620adcf9e940a8a68ab7be884c80a322 StaticDependenciesID=ce15ac82b5c7c8b43ca67dea0c6a1a36 
Number of updated asset objects reloaded before import = 0Number of asset objects unloaded after import = 3

========================================================================
Received Import Request.
  Time since last request: 0.000020 seconds.
  path: Assets/Sprites/Player_Shield/Shields_00011.png
  importAddress: Guid(df43701bd05b94c1cb31591aaf90b2e6) Importer(2089858483,b0f066a214c2f5e87bad3c948f4d605d)
Start importing Assets/Sprites/Player_Shield/Shields_00011.png using Guid(df43701bd05b94c1cb31591aaf90b2e6) Importer(2089858483,b0f066a214c2f5e87bad3c948f4d605d) (ScriptedImporter) -> (Import Result ID: '6d927665ffb76cb37e32d1acf6ffd428') in 0.011332 seconds [static and dynamic dependencies]. Details - ImportResultOutputID=f35f7649a383a1b7c63d1100c472fc50 DependenciesID=9298944cea6729ce85d4fcfa10136c27 StaticDependenciesID=38583faf401bf00505e82b4edf602560 
Number of updated asset objects reloaded before import = 0Number of asset objects unloaded after import = 3

========================================================================
Received Import Request.
  Time since last request: 0.000032 seconds.
  path: Assets/Sprites/Player_Turn_Left/Player Turn Left0006.png
  importAddress: Guid(bb173694be00148b4bc0ebfa1a1e58ed) Importer(2089858483,b0f066a214c2f5e87bad3c948f4d605d)
Start importing Assets/Sprites/Player_Turn_Left/Player Turn Left0006.png using Guid(bb173694be00148b4bc0ebfa1a1e58ed) Importer(2089858483,b0f066a214c2f5e87bad3c948f4d605d) (ScriptedImporter) -> (Import Result ID: '72ab908f785193ca800fadcb24d36dc6') in 0.0110765 seconds [static and dynamic dependencies]. Details - ImportResultOutputID=e4b612926cc5692ac1f2b329da9f1e24 DependenciesID=01bce4f7a5fff861f9f6d74d62fbc62a StaticDependenciesID=a986ecadc0f95fd43ec788077d8e7fe0 
Number of updated asset objects reloaded before import = 0Number of asset objects unloaded after import = 3

========================================================================
Received Import Request.
  Time since last request: 0.000017 seconds.
  path: Assets/Sprites/Thruster/Thruster_00014.png
  importAddress: Guid(a76c2bbbd8e1f45bea939ceeb3ada592) Importer(2089858483,b0f066a214c2f5e87bad3c948f4d605d)
Start importing Assets/Sprites/Thruster/Thruster_00014.png using Guid(a76c2bbbd8e1f45bea939ceeb3ada592) Importer(2089858483,b0f066a214c2f5e87bad3c948f4d605d) (ScriptedImporter) -> (Import Result ID: '726dc85feb15804318034ca324477733') in 0.0120765 seconds [static and dynamic dependencies]. Details - ImportResultOutputID=4d352ab7a47c36a0a4c8c60c3c19bee7 DependenciesID=a8b4ecb9ddcb59e0ab88b4cf64db1273 StaticDependenciesID=05da8288a8fd7861feee3b9d0042327d 
Number of updated asset objects reloaded before import = 0Number of asset objects unloaded after import = 3

========================================================================
Received Import Request.
  Time since last request: 0.000018 seconds.
  path: Assets/Sprites/Player_Shield/Shields_00006.png
  importAddress: Guid(7b111af9da8424aeabb8f9f17684d021) Importer(2089858483,b0f066a214c2f5e87bad3c948f4d605d)
Start importing Assets/Sprites/Player_Shield/Shields_00006.png using Guid(7b111af9da8424aeabb8f9f17684d021) Importer(2089858483,b0f066a214c2f5e87bad3c948f4d605d) (ScriptedImporter) -> (Import Result ID: '6f407b5a284578541a0ad1a627a29e4b') in 0.0121152 seconds [static and dynamic dependencies]. Details - ImportResultOutputID=1b02505b5c4c2b0a7ee04ad64f9799b8 DependenciesID=5c0ef34d6138f732cbcacc25660bb1ca StaticDependenciesID=e061949b06de6eb82a7ff1198266d58e 
Number of updated asset objects reloaded before import = 0Number of asset objects unloaded after import = 3

========================================================================
Received Import Request.
  Time since last request: 0.000021 seconds.
  path: Assets/Sprites/Explosion/Explosion_00149.png
  importAddress: Guid(9c06f0cb6117c4842b82ca92b9ae0da8) Importer(2089858483,b0f066a214c2f5e87bad3c948f4d605d)
Start importing Assets/Sprites/Explosion/Explosion_00149.png using Guid(9c06f0cb6117c4842b82ca92b9ae0da8) Importer(2089858483,b0f066a214c2f5e87bad3c948f4d605d) (ScriptedImporter) -> (Import Result ID: '35b910d254d53a68694207adc280e8ef') in 0.0150572 seconds [static and dynamic dependencies]. Details - ImportResultOutputID=5d0f933de4ff4c230505128f1636c829 DependenciesID=85d60f4b9c0784652af086569dc67200 StaticDependenciesID=d4bf2bff057cb3aedf7bc9c814cb1cc1 
Number of updated asset objects reloaded before import = 0Number of asset objects unloaded after import = 3

========================================================================
Received Import Request.
  Time since last request: 0.000018 seconds.
  path: Assets/Sprites/Player_Hurt/Fire_00035.png
  importAddress: Guid(b2482e14e17d14409bd610a03856206e) Importer(2089858483,b0f066a214c2f5e87bad3c948f4d605d)
Start importing Assets/Sprites/Player_Hurt/Fire_00035.png using Guid(b2482e14e17d14409bd610a03856206e) Importer(2089858483,b0f066a214c2f5e87bad3c948f4d605d) (ScriptedImporter) -> (Import Result ID: 'f1d4934d0143cb128b70dc9d30699303') in 0.0128949 seconds [static and dynamic dependencies]. Details - ImportResultOutputID=ece8a13e94724ad6c172e5a64efc4a4f DependenciesID=d9439f7ae129b25adb32ee25ad83fd28 StaticDependenciesID=1121a551e6738ad427c30c2c06c4b726 
Number of updated asset objects reloaded before import = 0Number of asset objects unloaded after import = 3

========================================================================
Received Import Request.
  Time since last request: 0.000018 seconds.
  path: Assets/Sprites/Player_Shield/Shields_00010.png
  importAddress: Guid(ab4d2edbeeb18455c9417fe4f46e859e) Importer(2089858483,b0f066a214c2f5e87bad3c948f4d605d)
Start importing Assets/Sprites/Player_Shield/Shields_00010.png using Guid(ab4d2edbeeb18455c9417fe4f46e859e) Importer(2089858483,b0f066a214c2f5e87bad3c948f4d605d) (ScriptedImporter) -> (Import Result ID: 'ee9b6af1fd1daf0412ba8ef7c6cbcd82') in 0.0120345 seconds [static and dynamic dependencies]. Details - ImportResultOutputID=a567823236ec0fbbd993fa886c6e471e DependenciesID=cc19869d0ceb30ca174e0098d7e5ef9d StaticDependenciesID=ec38f61bb460eaf242b11b415d079b02 
Number of updated asset objects reloaded before import = 0Number of asset objects unloaded after import = 3

========================================================================
Received Import Request.
  Time since last request: 0.000016 seconds.
  path: Assets/Sprites/Player_Hurt/Fire_00056.png
  importAddress: Guid(5ba671ba06a4f473686885c04b0bd004) Importer(2089858483,b0f066a214c2f5e87bad3c948f4d605d)
Start importing Assets/Sprites/Player_Hurt/Fire_00056.png using Guid(5ba671ba06a4f473686885c04b0bd004) Importer(2089858483,b0f066a214c2f5e87bad3c948f4d605d) (ScriptedImporter) -> (Import Result ID: '5ccb5e41585bf88b27791271836f5050') in 0.0109307 seconds [static and dynamic dependencies]. Details - ImportResultOutputID=9d765fac7a6a07f4e3a45c7fb25c74f5 DependenciesID=cbf55a5007f503ef562275b71db71a1d StaticDependenciesID=67af4df4eb83046bafc619a029ed2670 
Number of updated asset objects reloaded before import = 0Number of asset objects unloaded after import = 3

========================================================================
Received Import Request.
  Time since last request: 0.000016 seconds.
  path: Assets/Sprites/Explosion/Explosion_00153.png
  importAddress: Guid(33875e9041f4c49f0b4d0fe1d309f182) Importer(2089858483,b0f066a214c2f5e87bad3c948f4d605d)
Start importing Assets/Sprites/Explosion/Explosion_00153.png using Guid(33875e9041f4c49f0b4d0fe1d309f182) Importer(2089858483,b0f066a214c2f5e87bad3c948f4d605d) (ScriptedImporter) -> (Import Result ID: '12dc6e6666b4988435e3a6be664b402f') in 0.0107445 seconds [static and dynamic dependencies]. Details - ImportResultOutputID=9e32fe888fb14687c45e9f3297491b1d DependenciesID=63f7e829627f38d36639a180e80429fd StaticDependenciesID=662184fb2a0aecac3a574526bd430950 
Number of updated asset objects reloaded before import = 0Number of asset objects unloaded after import = 3

========================================================================
Received Import Request.
  Time since last request: 0.000019 seconds.
  path: Assets/Sprites/Player_Hurt/Fire_00045.png
  importAddress: Guid(12fd7f0d3ade74968ad2d5c45e3b0dc2) Importer(2089858483,b0f066a214c2f5e87bad3c948f4d605d)
Start importing Assets/Sprites/Player_Hurt/Fire_00045.png using Guid(12fd7f0d3ade74968ad2d5c45e3b0dc2) Importer(2089858483,b0f066a214c2f5e87bad3c948f4d605d) (ScriptedImporter) -> (Import Result ID: '14594f9833cf6947d43ddd34b1a09bd1') in 0.0169329 seconds [static and dynamic dependencies]. Details - ImportResultOutputID=aaa1f9f16d249c1c1bf1ca9de455d219 DependenciesID=aedce3741667bb2ce1e66252cd36f5d1 StaticDependenciesID=52a031cf14a530fe42ecf459fd53d8f2 
Number of updated asset objects reloaded before import = 0Number of asset objects unloaded after import = 3

========================================================================
Received Import Request.
  Time since last request: 0.000021 seconds.
  path: Assets/Sprites/Player_Turn_Left/Player Turn Left0005.png
  importAddress: Guid(35a20c271ee5445c6b637c26ef35a015) Importer(2089858483,b0f066a214c2f5e87bad3c948f4d605d)
Start importing Assets/Sprites/Player_Turn_Left/Player Turn Left0005.png using Guid(35a20c271ee5445c6b637c26ef35a015) Importer(2089858483,b0f066a214c2f5e87bad3c948f4d605d) (ScriptedImporter) -> (Import Result ID: '78eff09fe6ba936fcbe2f6be0aa566b3') in 0.0125167 seconds [static and dynamic dependencies]. Details - ImportResultOutputID=8f62698c61541949755966805b53ebe5 DependenciesID=c82de3a65992d4d48e0bd340dac36e3b StaticDependenciesID=17464cf69aa65ba860b3f73473ab2be1 
Number of updated asset objects reloaded before import = 0Number of asset objects unloaded after import = 3

========================================================================
Received Import Request.
  Time since last request: 0.000019 seconds.
  path: Assets/Sprites/Thruster/Thruster_00016.png
  importAddress: Guid(c2dea038ca36d4388bcf6953ca023881) Importer(2089858483,b0f066a214c2f5e87bad3c948f4d605d)
Start importing Assets/Sprites/Thruster/Thruster_00016.png using Guid(c2dea038ca36d4388bcf6953ca023881) Importer(2089858483,b0f066a214c2f5e87bad3c948f4d605d) (ScriptedImporter) -> (Import Result ID: 'a0039e905c81c30d3d7cdf79d43d822e') in 0.013236 seconds [static and dynamic dependencies]. Details - ImportResultOutputID=d0fa88c6b7dc506c217bbaf2b50ebce0 DependenciesID=9805b7a62f68989e770a05f32b0badaa StaticDependenciesID=96ed62156f2a4322c3ab0c1b559190d4 
Number of updated asset objects reloaded before import = 0Number of asset objects unloaded after import = 3

========================================================================
Received Import Request.
  Time since last request: 0.000020 seconds.
  path: Assets/Sprites/UI/MainMenu.png
  importAddress: Guid(80c6ed412bb1f4445bbb19730dc9d1df) Importer(2089858483,b0f066a214c2f5e87bad3c948f4d605d)
Start importing Assets/Sprites/UI/MainMenu.png using Guid(80c6ed412bb1f4445bbb19730dc9d1df) Importer(2089858483,b0f066a214c2f5e87bad3c948f4d605d) (ScriptedImporter) -> (Import Result ID: 'f1ed9a0a0eb6ec5db538f603a610dc67') in 0.0119567 seconds [static and dynamic dependencies]. Details - ImportResultOutputID=172ba6e42a7bbf7795ad470bd4b017b6 DependenciesID=67350f522f9bcce4ee8d25f7b52e6e79 StaticDependenciesID=4ec463d1a48bfc4f3c29bc938bcd12ba 
Number of updated asset objects reloaded before import = 0Number of asset objects unloaded after import = 3

========================================================================
Received Import Request.
  Time since last request: 0.000021 seconds.
  path: Assets/Sprites/Player_Hurt/Fire_00034.png
  importAddress: Guid(71aa8bacfa9f9481ab8633709b75736e) Importer(2089858483,b0f066a214c2f5e87bad3c948f4d605d)
Start importing Assets/Sprites/Player_Hurt/Fire_00034.png using Guid(71aa8bacfa9f9481ab8633709b75736e) Importer(2089858483,b0f066a214c2f5e87bad3c948f4d605d) (ScriptedImporter) -> (Import Result ID: '5088c360ee1b5cf846c6a297cc8b8acf') in 0.0120576 seconds [static and dynamic dependencies]. Details - ImportResultOutputID=38256fb1601251c169a152a6439be791 DependenciesID=5946fb9620849b84cfe10470f25b5482 StaticDependenciesID=6e39a4935697c5c54bc8dc01220b922e 
Number of updated asset objects reloaded before import = 0Number of asset objects unloaded after import = 3

========================================================================
Received Import Request.
  Time since last request: 0.000018 seconds.
  path: Assets/Sprites/Player_Shield/Shields_00001.png
  importAddress: Guid(4ea61a9455584432a8ccb6d82066f861) Importer(2089858483,b0f066a214c2f5e87bad3c948f4d605d)
Start importing Assets/Sprites/Player_Shield/Shields_00001.png using Guid(4ea61a9455584432a8ccb6d82066f861) Importer(2089858483,b0f066a214c2f5e87bad3c948f4d605d) (ScriptedImporter) -> (Import Result ID: '6534ea691e2a090ca1cd92c24dbf9ce9') in 0.0115995 seconds [static and dynamic dependencies]. Details - ImportResultOutputID=a75440197e1f7f19bf3b783b3d42a4d3 DependenciesID=8215fe585f61ee6a4538439a6fdd5fae StaticDependenciesID=5a68afccf111d3e46da5afd265971a48 
Number of updated asset objects reloaded before import = 0Number of asset objects unloaded after import = 3

========================================================================
Received Import Request.
  Time since last request: 0.000016 seconds.
  path: Assets/Sprites/Player_Turn_Left/Player Turn Left0008.png
  importAddress: Guid(f3346fe3e2c9e4527a394f1e99d25f1f) Importer(2089858483,b0f066a214c2f5e87bad3c948f4d605d)
Start importing Assets/Sprites/Player_Turn_Left/Player Turn Left0008.png using Guid(f3346fe3e2c9e4527a394f1e99d25f1f) Importer(2089858483,b0f066a214c2f5e87bad3c948f4d605d) (ScriptedImporter) -> (Import Result ID: '028a6bffaa7ce61dc9466050608d2981') in 0.0119287 seconds [static and dynamic dependencies]. Details - ImportResultOutputID=03ac413ffbb2869bb3b257e2b88dd542 DependenciesID=7bafe83913e79a60c339dbef21f5c5dd StaticDependenciesID=badac121ec5ab9772d1f89dd4865eacd 
Number of updated asset objects reloaded before import = 0Number of asset objects unloaded after import = 3

========================================================================
Received Import Request.
  Time since last request: 0.000016 seconds.
  path: Assets/Sprites/Thruster/Thruster_00013.png
  importAddress: Guid(f01b1f5ee6ee446129cb2ce5ee970d41) Importer(2089858483,b0f066a214c2f5e87bad3c948f4d605d)
Start importing Assets/Sprites/Thruster/Thruster_00013.png using Guid(f01b1f5ee6ee446129cb2ce5ee970d41) Importer(2089858483,b0f066a214c2f5e87bad3c948f4d605d) (ScriptedImporter) -> (Import Result ID: 'a3d1e6903d85a75eb2a75dbdbba31b4a') in 0.0110466 seconds [static and dynamic dependencies]. Details - ImportResultOutputID=7f4e7e0c9b407f1525406354ef4f4f04 DependenciesID=78839cb47d82e8a07baf8f9ddcfe5912 StaticDependenciesID=70b910c2b625350774b8ea031587ade7 
Number of updated asset objects reloaded before import = 0Number of asset objects unloaded after import = 3

========================================================================
Received Import Request.
  Time since last request: 0.000022 seconds.
  path: Assets/Sprites/Player_Hurt/Fire_00051.png
  importAddress: Guid(0d2a3411cd96d4376bfc43624c9d28aa) Importer(2089858483,b0f066a214c2f5e87bad3c948f4d605d)
Start importing Assets/Sprites/Player_Hurt/Fire_00051.png using Guid(0d2a3411cd96d4376bfc43624c9d28aa) Importer(2089858483,b0f066a214c2f5e87bad3c948f4d605d) (ScriptedImporter) -> (Import Result ID: 'c8d63304ee4d85d3521e118c9384bd6a') in 0.0118369 seconds [static and dynamic dependencies]. Details - ImportResultOutputID=f08c8df40fbedc86bcd1977ddcb8ba28 DependenciesID=f9554de816257184417a829efafe1c7a StaticDependenciesID=52e1c06b92fb53cb07492e65e7985578 
Number of updated asset objects reloaded before import = 0Number of asset objects unloaded after import = 3

========================================================================
Received Import Request.
  Time since last request: 0.000027 seconds.
  path: Assets/Sprites/Player_Shield/Shields_00008.png
  importAddress: Guid(9372f250c02b44bb5b5ff568f4e2c8b1) Importer(2089858483,b0f066a214c2f5e87bad3c948f4d605d)
Start importing Assets/Sprites/Player_Shield/Shields_00008.png using Guid(9372f250c02b44bb5b5ff568f4e2c8b1) Importer(2089858483,b0f066a214c2f5e87bad3c948f4d605d) (ScriptedImporter) -> (Import Result ID: 'e69e9004a3d5d78382818aa72ec5b7ca') in 0.0114809 seconds [static and dynamic dependencies]. Details - ImportResultOutputID=aab2d1b6d06ea9464a01dc861e33a009 DependenciesID=0e5aeea1af4235b27e6f3335c33a60eb StaticDependenciesID=d961c976873e53b01e378a72248055a1 
Number of updated asset objects reloaded before import = 0Number of asset objects unloaded after import = 3

========================================================================
Received Import Request.
  Time since last request: 0.000019 seconds.
  path: Assets/Sprites/Player_Hurt/Fire_00040.png
  importAddress: Guid(0cc757a8bfc7c49f186df041b0e23d3c) Importer(2089858483,b0f066a214c2f5e87bad3c948f4d605d)
Start importing Assets/Sprites/Player_Hurt/Fire_00040.png using Guid(0cc757a8bfc7c49f186df041b0e23d3c) Importer(2089858483,b0f066a214c2f5e87bad3c948f4d605d) (ScriptedImporter) -> (Import Result ID: 'fb1f69bb101373054c5e762f857154e2') in 0.0108265 seconds [static and dynamic dependencies]. Details - ImportResultOutputID=35422f3a96c6200c4265cbf4307e94b0 DependenciesID=9bfa9d7b0c8f10afd1bd6a2bb5b74cbd StaticDependenciesID=c1565a1bef6854fd275a65c06d12f35d 
Number of updated asset objects reloaded before import = 0Number of asset objects unloaded after import = 3

========================================================================
Received Import Request.
  Time since last request: 0.000016 seconds.
  path: Assets/Sprites/Player_Turn_Left/Player Turn Left0000.png
  importAddress: Guid(1b4a8fdd39d3a45d0a9ee484ad6800ec) Importer(2089858483,b0f066a214c2f5e87bad3c948f4d605d)
Start importing Assets/Sprites/Player_Turn_Left/Player Turn Left0000.png using Guid(1b4a8fdd39d3a45d0a9ee484ad6800ec) Importer(2089858483,b0f066a214c2f5e87bad3c948f4d605d) (ScriptedImporter) -> (Import Result ID: 'd8ab5bedba04cad4bd32431d8199019c') in 0.0116092 seconds [static and dynamic dependencies]. Details - ImportResultOutputID=8663f0932ba094ca5328a15d242e58f8 DependenciesID=715d111470a37260c8b6e9b94140b900 StaticDependenciesID=7c775ddd8aa2b49c96e908c01a27d021 
Number of updated asset objects reloaded before import = 0Number of asset objects unloaded after import = 3

========================================================================
Received Import Request.
  Time since last request: 0.000018 seconds.
  path: Assets/Sprites/Player_Turn_Right/Player Turn Right0004.png
  importAddress: Guid(c17202ebaabb9488a968b16bdf23eeae) Importer(2089858483,b0f066a214c2f5e87bad3c948f4d605d)
Start importing Assets/Sprites/Player_Turn_Right/Player Turn Right0004.png using Guid(c17202ebaabb9488a968b16bdf23eeae) Importer(2089858483,b0f066a214c2f5e87bad3c948f4d605d) (ScriptedImporter) -> (Import Result ID: '90c82b1c4cf5a429165524fa14b4ad26') in 0.0109509 seconds [static and dynamic dependencies]. Details - ImportResultOutputID=032eba34c24c680e9e2b25059cb97566 DependenciesID=39696a9ada216204d855cf3a9eb3a776 StaticDependenciesID=54e2f208a607b16e3762b6bcbf07e82f 
Number of updated asset objects reloaded before import = 0Number of asset objects unloaded after import = 3

========================================================================
Received Import Request.
  Time since last request: 0.000017 seconds.
  path: Assets/Sprites/Thruster/Thruster_00000.png
  importAddress: Guid(a45d21c30e0154a9ca1a5d6fb2bf3cfa) Importer(2089858483,b0f066a214c2f5e87bad3c948f4d605d)
Start importing Assets/Sprites/Thruster/Thruster_00000.png using Guid(a45d21c30e0154a9ca1a5d6fb2bf3cfa) Importer(2089858483,b0f066a214c2f5e87bad3c948f4d605d) (ScriptedImporter) -> (Import Result ID: 'ec4d5c396513fc82369ebf96242aacda') in 0.0117581 seconds [static and dynamic dependencies]. Details - ImportResultOutputID=b45738c6fa4a888f7f377df90f3fe0e0 DependenciesID=ea1cc3829d45e27f2fb4917c849a636c StaticDependenciesID=7c24eb1ea51bb8edd2a8c4b918d98c48 
Number of updated asset objects reloaded before import = 0Number of asset objects unloaded after import = 3

========================================================================
Received Import Request.
  Time since last request: 0.000018 seconds.
  path: Assets/Standard Assets/CrossPlatformInput/CrossPlatformInputGuidelines.txt
  importAddress: Guid(a3b997593a4f12c4c991490593f3b513) Importer(2089858483,b0f066a214c2f5e87bad3c948f4d605d)
Start importing Assets/Standard Assets/CrossPlatformInput/CrossPlatformInputGuidelines.txt using Guid(a3b997593a4f12c4c991490593f3b513) Importer(2089858483,b0f066a214c2f5e87bad3c948f4d605d) (ScriptedImporter) -> (Import Result ID: 'fafac2040d9397689a4848cda79c7de6') in 0.0090998 seconds [static and dynamic dependencies]. Details - ImportResultOutputID=5a2a9304e5e81e85332390284d11ba37 DependenciesID=2ac23b513ffa6907b47400b924172a66 StaticDependenciesID=59ff27bef5890e07f63323df84e8b4d0 
Number of updated asset objects reloaded before import = 0Number of asset objects unloaded after import = 1

========================================================================
Received Import Request.
  Time since last request: 0.000093 seconds.
  path: Assets/Sprites/Player_Shield/Shields_00007.png
  importAddress: Guid(d7522c919f80846ca9022932f5ab5e7d) Importer(2089858483,b0f066a214c2f5e87bad3c948f4d605d)
Start importing Assets/Sprites/Player_Shield/Shields_00007.png using Guid(d7522c919f80846ca9022932f5ab5e7d) Importer(2089858483,b0f066a214c2f5e87bad3c948f4d605d) (ScriptedImporter) -> (Import Result ID: '820707a70628c35360e12a9fc8ed1539') in 0.0107799 seconds [static and dynamic dependencies]. Details - ImportResultOutputID=ca4eb70673767f534172039934c32e9e DependenciesID=0670ddd81c04b76ac53ace1dbe4ed401 StaticDependenciesID=ae3897949301009d1720853c3910ae60 
Number of updated asset objects reloaded before import = 0Number of asset objects unloaded after import = 3

========================================================================
Received Import Request.
  Time since last request: 0.335411 seconds.
  path: Assets/Standard Assets/Utility/DynamicShadowSettings.cs
  importAddress: Guid(8566902b50d5bfb4fb7f8b89f9cdbe8b) Importer(2089858483,b0f066a214c2f5e87bad3c948f4d605d)
Start importing Assets/Standard Assets/Utility/DynamicShadowSettings.cs using Guid(8566902b50d5bfb4fb7f8b89f9cdbe8b) Importer(2089858483,b0f066a214c2f5e87bad3c948f4d605d) (ScriptedImporter) -> (Import Result ID: 'a69306692aa48333a653e76d969d8149') in 0.0077084 seconds [static and dynamic dependencies]. Details - ImportResultOutputID=1c21bc166be5d23fd787665f74835e53 DependenciesID=16f36d6fee25aece5c53c0ed6bc8c0d1 StaticDependenciesID=4ca46aa69b19e6f720602ab4ca48ba43 
Number of updated asset objects reloaded before import = 0Number of asset objects unloaded after import = 0

========================================================================
Received Import Request.
  Time since last request: 0.000026 seconds.
  path: Assets/Standard Assets/CrossPlatformInput/Sprites/ButtonBrakeOverSprite.png
  importAddress: Guid(5b1a64ea234fb2343b8d0686c51280de) Importer(2089858483,b0f066a214c2f5e87bad3c948f4d605d)
Start importing Assets/Standard Assets/CrossPlatformInput/Sprites/ButtonBrakeOverSprite.png using Guid(5b1a64ea234fb2343b8d0686c51280de) Importer(2089858483,b0f066a214c2f5e87bad3c948f4d605d) (ScriptedImporter) -> (Import Result ID: '755ffd6d8599f58e5baab7a4c645a3db') in 0.0136782 seconds [static and dynamic dependencies]. Details - ImportResultOutputID=95ebcc4ce5674058136e819792f33547 DependenciesID=0064002edb78444f381d4f66e42f4ccd StaticDependenciesID=deb1af4fb5febd94ab81bf7ce378c49b 
Number of updated asset objects reloaded before import = 0Number of asset objects unloaded after import = 3

========================================================================
Received Import Request.
  Time since last request: 0.000018 seconds.
  path: Assets/Standard Assets/ParticleSystems/Prefabs/FireMobile.prefab
  importAddress: Guid(b99a0a5998b2736429fd2a2fd1d01c5e) Importer(2089858483,b0f066a214c2f5e87bad3c948f4d605d)
Start importing Assets/Standard Assets/ParticleSystems/Prefabs/FireMobile.prefab using Guid(b99a0a5998b2736429fd2a2fd1d01c5e) Importer(2089858483,b0f066a214c2f5e87bad3c948f4d605d) (ScriptedImporter) -> (Import Result ID: 'dc742a34542f81bfae8ff8089fff3c06') in 0.0724567 seconds [static and dynamic dependencies]. Details - ImportResultOutputID=d412adef27ab0f71083cd8268b047268 DependenciesID=f082b8ec58c76b4a93c24f6ede5a7999 StaticDependenciesID=8c20b1baf4555a583fb2c1c1df31c016 
Number of updated asset objects reloaded before import = 0Number of asset objects unloaded after import = 19

========================================================================
Received Import Request.
  Time since last request: 0.000018 seconds.
  path: Assets/Standard Assets/CrossPlatformInput/Scripts/ButtonHandler.cs
  importAddress: Guid(85bf3be603548374ca46f521a3aa7fda) Importer(2089858483,b0f066a214c2f5e87bad3c948f4d605d)
Start importing Assets/Standard Assets/CrossPlatformInput/Scripts/ButtonHandler.cs using Guid(85bf3be603548374ca46f521a3aa7fda) Importer(2089858483,b0f066a214c2f5e87bad3c948f4d605d) (ScriptedImporter) -> (Import Result ID: 'b5f0e4b21c15129652cd6446277e9a74') in 0.0080704 seconds [static and dynamic dependencies]. Details - ImportResultOutputID=cbaadfc63e816a813e73e9bd8cca4dd3 DependenciesID=543ef441d19840d86cc738b63ad9650c StaticDependenciesID=20acbcbb2394d50ee6ebcc1bbaa2e989 
Number of updated asset objects reloaded before import = 0Number of asset objects unloaded after import = 0

========================================================================
Received Import Request.
  Time since last request: 0.000076 seconds.
  path: Assets/Sprites/Power_Ups/Speed/Powerup1_0008_00009.psd
  importAddress: Guid(baa9c1371622a9b42a10d5b06f18b0c3) Importer(2089858483,b0f066a214c2f5e87bad3c948f4d605d)
Start importing Assets/Sprites/Power_Ups/Speed/Powerup1_0008_00009.psd using Guid(baa9c1371622a9b42a10d5b06f18b0c3) Importer(2089858483,b0f066a214c2f5e87bad3c948f4d605d) (ScriptedImporter) -> (Import Result ID: 'd336d9d4c75194bb517612833d430f1a') in 0.0122909 seconds [static and dynamic dependencies]. Details - ImportResultOutputID=3f93f7ad3ea74236005f0fe02d566162 DependenciesID=c7a7a3cc33c6c20727eea82096106005 StaticDependenciesID=5ee77845ffbab80d8a85c12b99bef993 
Number of updated asset objects reloaded before import = 0Number of asset objects unloaded after import = 3

========================================================================
Received Import Request.
  Time since last request: 0.000018 seconds.
  path: Assets/Standard Assets/ParticleSystems/Materials/ParticleWaterSpray.mat
  importAddress: Guid(09a99b10658931c46a438c586a49ec65) Importer(2089858483,b0f066a214c2f5e87bad3c948f4d605d)
Start importing Assets/Standard Assets/ParticleSystems/Materials/ParticleWaterSpray.mat using Guid(09a99b10658931c46a438c586a49ec65) Importer(2089858483,b0f066a214c2f5e87bad3c948f4d605d) (ScriptedImporter) -> (Import Result ID: '8ddcd845615f6436eccc6c287992b4e3') in 0.0097529 seconds [static and dynamic dependencies]. Details - ImportResultOutputID=08727fccdc982f463eeaad35dcd270ff DependenciesID=db80b3e784e25a9c2a183c1311b1d4df StaticDependenciesID=35949d7ae7cd5738a9e5d4491df83c36 
Number of updated asset objects reloaded before import = 0Number of asset objects unloaded after import = 2

========================================================================
Received Import Request.
  Time since last request: 0.000019 seconds.
  path: Assets/Standard Assets/Utility/SmoothFollow.cs
  importAddress: Guid(f76806479d916a64aa03f8e3eba7912f) Importer(2089858483,b0f066a214c2f5e87bad3c948f4d605d)
Start importing Assets/Standard Assets/Utility/SmoothFollow.cs using Guid(f76806479d916a64aa03f8e3eba7912f) Importer(2089858483,b0f066a214c2f5e87bad3c948f4d605d) (ScriptedImporter) -> (Import Result ID: '7179a4525e088c36f696b1994236ef36') in 0.0081766 seconds [static and dynamic dependencies]. Details - ImportResultOutputID=177ad8ad14fa948c2406616a59844af0 DependenciesID=430ca670ddbadce3dd42e50f9d80213f StaticDependenciesID=b28afe9e87b8246d7557e63fa818e7e6 
Number of updated asset objects reloaded before import = 0Number of asset objects unloaded after import = 0

========================================================================
Received Import Request.
  Time since last request: 0.000018 seconds.
  path: Assets/Standard Assets/ParticleSystems/Prefabs/HoseMobile.prefab
  importAddress: Guid(4dbf077105ba797428d118320f2a10aa) Importer(2089858483,b0f066a214c2f5e87bad3c948f4d605d)
Start importing Assets/Standard Assets/ParticleSystems/Prefabs/HoseMobile.prefab using Guid(4dbf077105ba797428d118320f2a10aa) Importer(2089858483,b0f066a214c2f5e87bad3c948f4d605d) (ScriptedImporter) -> (Import Result ID: 'b6ca0d4ff168d455e0931bd6ccd4dcb8') in 0.0118027 seconds [static and dynamic dependencies]. Details - ImportResultOutputID=3b1d8e769e29f05e2a977decf3839d4c DependenciesID=ea61820fa8e642cbb932ba2b109b762f StaticDependenciesID=e5aa0b69c467416db46159b7dc430f41 
Number of updated asset objects reloaded before import = 0Number of asset objects unloaded after import = 23

========================================================================
Received Import Request.
  Time since last request: 0.000016 seconds.
  path: Assets/Standard Assets/2D/Prefabs/CharacterRobotBoy.prefab
  importAddress: Guid(87a2357765801c34292d6718d8b4d770) Importer(2089858483,b0f066a214c2f5e87bad3c948f4d605d)
Start importing Assets/Standard Assets/2D/Prefabs/CharacterRobotBoy.prefab using Guid(87a2357765801c34292d6718d8b4d770) Importer(2089858483,b0f066a214c2f5e87bad3c948f4d605d) (ScriptedImporter) -> (Import Result ID: '8f2f0f902c3b02c19659dc02831d4abd') in 0.025282 seconds [static and dynamic dependencies]. Details - ImportResultOutputID=e1f4fb1bcaeaae93690c94aed276c542 DependenciesID=19aa255b33810d54ad77b3133986c84f StaticDependenciesID=3921f325752cea398728c21a118bc4fc 
Number of updated asset objects reloaded before import = 0Number of asset objects unloaded after import = 57

========================================================================
Received Import Request.
  Time since last request: 0.000019 seconds.
  path: Assets/Standard Assets/2D/Sprites/BackgroundGreyGridSprite.png
  importAddress: Guid(cbbabe9e292f5604897926494bb38fef) Importer(2089858483,b0f066a214c2f5e87bad3c948f4d605d)
Start importing Assets/Standard Assets/2D/Sprites/BackgroundGreyGridSprite.png using Guid(cbbabe9e292f5604897926494bb38fef) Importer(2089858483,b0f066a214c2f5e87bad3c948f4d605d) (ScriptedImporter) -> (Import Result ID: '067155423848326cf191b90e4d6211a6') in 0.0130895 seconds [static and dynamic dependencies]. Details - ImportResultOutputID=7fff45cba8039394eaa9a753b22f3c75 DependenciesID=9dbecd2422b5815ee52c93af11ee5218 StaticDependenciesID=f4a7fe022c38d54dcb952721dc057e15 
Number of updated asset objects reloaded before import = 0Number of asset objects unloaded after import = 3

========================================================================
Received Import Request.
  Time since last request: 0.000019 seconds.
  path: Assets/Standard Assets/CrossPlatformInput/Scripts/Joystick.cs
  importAddress: Guid(00c3c865782347f41b6358d9fba14b48) Importer(2089858483,b0f066a214c2f5e87bad3c948f4d605d)
Start importing Assets/Standard Assets/CrossPlatformInput/Scripts/Joystick.cs using Guid(00c3c865782347f41b6358d9fba14b48) Importer(2089858483,b0f066a214c2f5e87bad3c948f4d605d) (ScriptedImporter) -> (Import Result ID: '78d6a68040f27df4cee066df6e971ce2') in 0.0101305 seconds [static and dynamic dependencies]. Details - ImportResultOutputID=0e2043ffcaacfc98db395d6cf4cd5bfd DependenciesID=dbf0ff425afdeffdd946400484ec71d6 StaticDependenciesID=f900b16778d56c723c50d6ab96fa4916 
Number of updated asset objects reloaded before import = 0Number of asset objects unloaded after import = 0

========================================================================
Received Import Request.
  Time since last request: 0.000046 seconds.
  path: Assets/Standard Assets/ParticleSystems/Materials/ParticleSpray.mat
  importAddress: Guid(3062613153ea47f42a262f065fec69d1) Importer(2089858483,b0f066a214c2f5e87bad3c948f4d605d)
Start importing Assets/Standard Assets/ParticleSystems/Materials/ParticleSpray.mat using Guid(3062613153ea47f42a262f065fec69d1) Importer(2089858483,b0f066a214c2f5e87bad3c948f4d605d) (ScriptedImporter) -> (Import Result ID: 'eaea56d3f2cd3e55136b82e673491596') in 0.0097323 seconds [static and dynamic dependencies]. Details - ImportResultOutputID=edccce57a3650dfc12228cb8da04a73b DependenciesID=166644521190b9866d1689eca8890f24 StaticDependenciesID=32ce991ae0b10993e7988fbef5e4ca0f 
Number of updated asset objects reloaded before import = 0Number of asset objects unloaded after import = 2

========================================================================
Received Import Request.
  Time since last request: 0.000017 seconds.
  path: Assets/Sprites/Power_Ups/Shield/Powerup2_0008_00012.png
  importAddress: Guid(7c9c992a438891a40be8ace1b6808e50) Importer(2089858483,b0f066a214c2f5e87bad3c948f4d605d)
Start importing Assets/Sprites/Power_Ups/Shield/Powerup2_0008_00012.png using Guid(7c9c992a438891a40be8ace1b6808e50) Importer(2089858483,b0f066a214c2f5e87bad3c948f4d605d) (ScriptedImporter) -> (Import Result ID: '9db0bf2fe47daefdee175825d866ae27') in 0.0113884 seconds [static and dynamic dependencies]. Details - ImportResultOutputID=6f57e8759fdbea665d2947501182ef79 DependenciesID=3a4178cea9da11ca4681bd823c4b94e3 StaticDependenciesID=f5b33eec0f4fbd232c00348bbccb3fa7 
Number of updated asset objects reloaded before import = 0Number of asset objects unloaded after import = 3

========================================================================
Received Import Request.
  Time since last request: 0.000016 seconds.
  path: Assets/Standard Assets/2D/Animations/RobotBoyJump03.anim
  importAddress: Guid(d73a8b77a39f57843b3a434596ae2bc7) Importer(2089858483,b0f066a214c2f5e87bad3c948f4d605d)
Start importing Assets/Standard Assets/2D/Animations/RobotBoyJump03.anim using Guid(d73a8b77a39f57843b3a434596ae2bc7) Importer(2089858483,b0f066a214c2f5e87bad3c948f4d605d) (ScriptedImporter) -> (Import Result ID: '45a9782f3fa10667a6e72f789e1406c2') in 0.0094145 seconds [static and dynamic dependencies]. Details - ImportResultOutputID=1cd2776f399a2586d981a2dc77064d27 DependenciesID=35a572fcdc1395c801307e8501f10597 StaticDependenciesID=57bc1f3e6bcebe7fc7cf0b45111a072d 
Number of updated asset objects reloaded before import = 0Number of asset objects unloaded after import = 1

========================================================================
Received Import Request.
  Time since last request: 0.000064 seconds.
  path: Assets/Standard Assets/CrossPlatformInput/Sprites/ButtonArrowUpSprite.png
  importAddress: Guid(4db017495c69e8140a56a0e2b669e3f8) Importer(2089858483,b0f066a214c2f5e87bad3c948f4d605d)
Start importing Assets/Standard Assets/CrossPlatformInput/Sprites/ButtonArrowUpSprite.png using Guid(4db017495c69e8140a56a0e2b669e3f8) Importer(2089858483,b0f066a214c2f5e87bad3c948f4d605d) (ScriptedImporter) -> (Import Result ID: '733906b4f5e15b889cef92ccb9d451ce') in 0.0114823 seconds [static and dynamic dependencies]. Details - ImportResultOutputID=67092c647b7ee1f967f3368fa9ee1750 DependenciesID=dfab68b79872ff1594104ef20222d343 StaticDependenciesID=b656b4dcd360ec0f62555f416c69e6cc 
Number of updated asset objects reloaded before import = 0Number of asset objects unloaded after import = 3

========================================================================
Received Import Request.
  Time since last request: 0.000017 seconds.
  path: Assets/Standard Assets/Environment/Water/DO_NOT_WORK_IN_VR.txt
  importAddress: Guid(f9478da7c1b3d6a49a07a049fd8c9763) Importer(2089858483,b0f066a214c2f5e87bad3c948f4d605d)
Start importing Assets/Standard Assets/Environment/Water/DO_NOT_WORK_IN_VR.txt using Guid(f9478da7c1b3d6a49a07a049fd8c9763) Importer(2089858483,b0f066a214c2f5e87bad3c948f4d605d) (ScriptedImporter) -> (Import Result ID: 'bc4ce05df6449d3a0d0599acc8e7fd9e') in 0.0087009 seconds [static and dynamic dependencies]. Details - ImportResultOutputID=5d7252b832591910230914d3334a113b DependenciesID=e3909c9d979f9134f2c14f99fc4210ae StaticDependenciesID=aa117a4557c963988fdf9db8ed663263 
Number of updated asset objects reloaded before import = 0Number of asset objects unloaded after import = 1

========================================================================
Received Import Request.
  Time since last request: 0.000016 seconds.
  path: Assets/Standard Assets/ParticleSystems/Materials/ParticleFirecloud.mat
  importAddress: Guid(77d08210df254d845885518314593544) Importer(2089858483,b0f066a214c2f5e87bad3c948f4d605d)
Start importing Assets/Standard Assets/ParticleSystems/Materials/ParticleFirecloud.mat using Guid(77d08210df254d845885518314593544) Importer(2089858483,b0f066a214c2f5e87bad3c948f4d605d) (ScriptedImporter) -> (Import Result ID: 'ef1fa92bcbba2a7bcaf6671d63244909') in 0.0094003 seconds [static and dynamic dependencies]. Details - ImportResultOutputID=18de8674c4211a1e1fabaa80ea16a8a5 DependenciesID=c8490e09b04ba8f0e824f45f4a8c6956 StaticDependenciesID=3c25df1c316a426321b32f3397bd98e3 
Number of updated asset objects reloaded before import = 0Number of asset objects unloaded after import = 2

========================================================================
Received Import Request.
  Time since last request: 0.000018 seconds.
  path: Assets/Standard Assets/ParticleSystems/Materials/ParticleDuststorm.mat
  importAddress: Guid(7911795df27dd464190eed77dda90191) Importer(2089858483,b0f066a214c2f5e87bad3c948f4d605d)
Start importing Assets/Standard Assets/ParticleSystems/Materials/ParticleDuststorm.mat using Guid(7911795df27dd464190eed77dda90191) Importer(2089858483,b0f066a214c2f5e87bad3c948f4d605d) (ScriptedImporter) -> (Import Result ID: '075492d23759aac193a32557ee59a02c') in 0.0093713 seconds [static and dynamic dependencies]. Details - ImportResultOutputID=ad2c9d77c2fb28cb3d058361d38d626e DependenciesID=2a132c36cfdd9ec9ee1d55e377cb919e StaticDependenciesID=7adf35bea4cba52101ab16430054a6f6 
Number of updated asset objects reloaded before import = 0Number of asset objects unloaded after import = 2

========================================================================
Received Import Request.
  Time since last request: 0.000019 seconds.
  path: Assets/Sprites/Power_Ups/Triple_Shot/Powerup3_0008_00006.png
  importAddress: Guid(a58a8d41efafe8343b08c0b7f3b1b916) Importer(2089858483,b0f066a214c2f5e87bad3c948f4d605d)
Start importing Assets/Sprites/Power_Ups/Triple_Shot/Powerup3_0008_00006.png using Guid(a58a8d41efafe8343b08c0b7f3b1b916) Importer(2089858483,b0f066a214c2f5e87bad3c948f4d605d) (ScriptedImporter) -> (Import Result ID: '0994f669ec91198029cd4aa78c796e2c') in 0.0123247 seconds [static and dynamic dependencies]. Details - ImportResultOutputID=bc44eb84247b66caefbdaa1f0b6f1e13 DependenciesID=00c4685ece3412155f4795732a9623ec StaticDependenciesID=792cc6fdd037e06beab2ebc0e511ae6d 
Number of updated asset objects reloaded before import = 0Number of asset objects unloaded after import = 3

========================================================================
Received Import Request.
  Time since last request: 0.000016 seconds.
  path: Assets/Standard Assets/Cameras/Prefabs/HandheldCamera.prefab
  importAddress: Guid(a5be31db3f71b0642af74fe491b4bc89) Importer(2089858483,b0f066a214c2f5e87bad3c948f4d605d)
Start importing Assets/Standard Assets/Cameras/Prefabs/HandheldCamera.prefab using Guid(a5be31db3f71b0642af74fe491b4bc89) Importer(2089858483,b0f066a214c2f5e87bad3c948f4d605d) (ScriptedImporter) -> (Import Result ID: '4ff94c63c8a78b89eb1a45cb365a07f4') in 0.0185117 seconds [static and dynamic dependencies]. Details - ImportResultOutputID=8ce68b8a98adc91f6550ab1cd09feb2a DependenciesID=09857ccce26b51b9d983cf1fd38e1619 StaticDependenciesID=6d96b1fdcc2ec387bb095ae88f7b461b 
Number of updated asset objects reloaded before import = 0Number of asset objects unloaded after import = 9

========================================================================
Received Import Request.
  Time since last request: 0.000019 seconds.
  path: Assets/Standard Assets/Utility/ObjectResetter.cs
  importAddress: Guid(643c971818f68d3439e84b5d8bdafe07) Importer(2089858483,b0f066a214c2f5e87bad3c948f4d605d)
Start importing Assets/Standard Assets/Utility/ObjectResetter.cs using Guid(643c971818f68d3439e84b5d8bdafe07) Importer(2089858483,b0f066a214c2f5e87bad3c948f4d605d) (ScriptedImporter) -> (Import Result ID: 'c31b0c7b766807d074c4ecb60fed9a60') in 0.0072952 seconds [static and dynamic dependencies]. Details - ImportResultOutputID=36ce8257aecc6bba58ee1e9a711a6873 DependenciesID=8dd95f40df4fad83d7a21af9fe4f60a5 StaticDependenciesID=33dc3250509bda08955f0fade454a73c 
Number of updated asset objects reloaded before import = 0Number of asset objects unloaded after import = 0

========================================================================
Received Import Request.
  Time since last request: 0.000072 seconds.
  path: Assets/Standard Assets/ParticleSystems/Materials/ParticleAfterburner.mat
  importAddress: Guid(89ff19d667a6a5d4bb76df1fcb718402) Importer(2089858483,b0f066a214c2f5e87bad3c948f4d605d)
Start importing Assets/Standard Assets/ParticleSystems/Materials/ParticleAfterburner.mat using Guid(89ff19d667a6a5d4bb76df1fcb718402) Importer(2089858483,b0f066a214c2f5e87bad3c948f4d605d) (ScriptedImporter) -> (Import Result ID: 'd5e38cf9e3f0458aa6446d4efc143788') in 0.0094679 seconds [static and dynamic dependencies]. Details - ImportResultOutputID=aeb4eb068e83ec9e935f72ca50c9109a DependenciesID=9d31c980b1d9cf2ea3187daa663b54f2 StaticDependenciesID=d211c24893a1d0e18d2ca169c33e6941 
Number of updated asset objects reloaded before import = 0Number of asset objects unloaded after import = 1

========================================================================
Received Import Request.
  Time since last request: 0.000024 seconds.
  path: Assets/Sprites/Power_Ups/Speed/Powerup1_0008_00014.psd
  importAddress: Guid(55bd0bf19a65f4c4c8c025b57c92d5a4) Importer(2089858483,b0f066a214c2f5e87bad3c948f4d605d)
Start importing Assets/Sprites/Power_Ups/Speed/Powerup1_0008_00014.psd using Guid(55bd0bf19a65f4c4c8c025b57c92d5a4) Importer(2089858483,b0f066a214c2f5e87bad3c948f4d605d) (ScriptedImporter) -> (Import Result ID: 'a9babee34beb07643340a964ee511764') in 0.0139395 seconds [static and dynamic dependencies]. Details - ImportResultOutputID=3602bafe10ea3aa956fe5c548a23d44f DependenciesID=4c2de17f62def4892152cdb5a429095b StaticDependenciesID=198fac58344bd8c67b09e69d8cf18b80 
Number of updated asset objects reloaded before import = 0Number of asset objects unloaded after import = 3

========================================================================
Received Import Request.
  Time since last request: 0.000017 seconds.
  path: Assets/Standard Assets/ParticleSystems/Materials/ParticleSteamMobile.mat
  importAddress: Guid(ed1b89d39279f564ea077ad8e46f3595) Importer(2089858483,b0f066a214c2f5e87bad3c948f4d605d)
Start importing Assets/Standard Assets/ParticleSystems/Materials/ParticleSteamMobile.mat using Guid(ed1b89d39279f564ea077ad8e46f3595) Importer(2089858483,b0f066a214c2f5e87bad3c948f4d605d) (ScriptedImporter) -> (Import Result ID: '5374a3623b9afd48dbaea08f45949c18') in 0.0098149 seconds [static and dynamic dependencies]. Details - ImportResultOutputID=45429b1c08d1887710659ca9520f5ab6 DependenciesID=4a445aaa440e14b374c73c4c6cfab49d StaticDependenciesID=aa1c5eaae8c4685ae7d476a943c9df2b 
Number of updated asset objects reloaded before import = 0Number of asset objects unloaded after import = 2

========================================================================
Received Import Request.
  Time since last request: 0.000016 seconds.
  path: Assets/Standard Assets/Utility/SimpleActivatorMenu.cs
  importAddress: Guid(69b69a5b0e0a85b4aa97a7edc40c37d1) Importer(2089858483,b0f066a214c2f5e87bad3c948f4d605d)
Start importing Assets/Standard Assets/Utility/SimpleActivatorMenu.cs using Guid(69b69a5b0e0a85b4aa97a7edc40c37d1) Importer(2089858483,b0f066a214c2f5e87bad3c948f4d605d) (ScriptedImporter) -> (Import Result ID: 'caaa18a0e100298ce34c3bdb58c6ff58') in 0.007094 seconds [static and dynamic dependencies]. Details - ImportResultOutputID=7b82278461376fa8a94cf85b41e95c59 DependenciesID=8638531738360a2b560bdce03587263c StaticDependenciesID=948c2f3be063659d5733c3f071847236 
Number of updated asset objects reloaded before import = 0Number of asset objects unloaded after import = 0

========================================================================
Received Import Request.
  Time since last request: 0.000032 seconds.
  path: Assets/Standard Assets/Utility/TimedObjectDestructor.cs
  importAddress: Guid(37fac21d1f093d344816942d1abce94e) Importer(2089858483,b0f066a214c2f5e87bad3c948f4d605d)
Start importing Assets/Standard Assets/Utility/TimedObjectDestructor.cs using Guid(37fac21d1f093d344816942d1abce94e) Importer(2089858483,b0f066a214c2f5e87bad3c948f4d605d) (ScriptedImporter) -> (Import Result ID: 'c7830a4092136b69a17994ee3318a6a0') in 0.0078023 seconds [static and dynamic dependencies]. Details - ImportResultOutputID=e6c9086b21ad04503bfc324d6a99a4e2 DependenciesID=78e58933773a970cef3aab6fd970cdd8 StaticDependenciesID=e858c0e83e4892b792895aa6258b40b9 
Number of updated asset objects reloaded before import = 0Number of asset objects unloaded after import = 0

========================================================================
Received Import Request.
  Time since last request: 0.000058 seconds.
  path: Assets/Standard Assets/Utility/FOVKick.cs
  importAddress: Guid(6045a93fb05b9c74884821030da2c46c) Importer(2089858483,b0f066a214c2f5e87bad3c948f4d605d)
Start importing Assets/Standard Assets/Utility/FOVKick.cs using Guid(6045a93fb05b9c74884821030da2c46c) Importer(2089858483,b0f066a214c2f5e87bad3c948f4d605d) (ScriptedImporter) -> (Import Result ID: 'aeeaedc633a912eeb1852a8ecafe650e') in 0.0080552 seconds [static and dynamic dependencies]. Details - ImportResultOutputID=58b7516921033cf087e82bc677b57d6a DependenciesID=3307e5c3591fedad14a189fee1c0e05c StaticDependenciesID=ac4240c107a24aed76e009b5170d26c2 
Number of updated asset objects reloaded before import = 0Number of asset objects unloaded after import = 0

========================================================================
Received Import Request.
  Time since last request: 0.000066 seconds.
  path: Assets/Sprites/Power_Ups/Speed/Powerup1_0008_00011.psd
  importAddress: Guid(90a8c9325bb9fd4478658c0f72c135ab) Importer(2089858483,b0f066a214c2f5e87bad3c948f4d605d)
Start importing Assets/Sprites/Power_Ups/Speed/Powerup1_0008_00011.psd using Guid(90a8c9325bb9fd4478658c0f72c135ab) Importer(2089858483,b0f066a214c2f5e87bad3c948f4d605d) (ScriptedImporter) -> (Import Result ID: '33e4d0e07b492ffd0db1a53d85537df6') in 0.0120244 seconds [static and dynamic dependencies]. Details - ImportResultOutputID=d7dd13472b0161ee19a2f4021bfa2e64 DependenciesID=64c8051702b9a47db071418a8f17c855 StaticDependenciesID=637a7cbefb6c072b2cd76d36f1c60178 
Number of updated asset objects reloaded before import = 0Number of asset objects unloaded after import = 3

========================================================================
Received Import Request.
  Time since last request: 0.000016 seconds.
  path: Assets/Sprites/UI/Lives/Three.png
  importAddress: Guid(9fe6f40efddf0b64fb68a3382b14a4db) Importer(2089858483,b0f066a214c2f5e87bad3c948f4d605d)
Start importing Assets/Sprites/UI/Lives/Three.png using Guid(9fe6f40efddf0b64fb68a3382b14a4db) Importer(2089858483,b0f066a214c2f5e87bad3c948f4d605d) (ScriptedImporter) -> (Import Result ID: 'eb8b9891734d2ab0e8a4a3d8f998714b') in 0.009857 seconds [static and dynamic dependencies]. Details - ImportResultOutputID=363f1a7555e06b4f80dc22eef12abf1b DependenciesID=27b5fb97d3bd222349158b6a669af836 StaticDependenciesID=6024b58a92a2342d6f10a92ce48db483 
Number of updated asset objects reloaded before import = 0Number of asset objects unloaded after import = 3

========================================================================
Received Import Request.
  Time since last request: 0.000016 seconds.
  path: Assets/Standard Assets/ParticleSystems/Materials/ParticleSmokeMobile.mat
  importAddress: Guid(473d6d3ec0d161b4a85e466c8c6da3fb) Importer(2089858483,b0f066a214c2f5e87bad3c948f4d605d)
Start importing Assets/Standard Assets/ParticleSystems/Materials/ParticleSmokeMobile.mat using Guid(473d6d3ec0d161b4a85e466c8c6da3fb) Importer(2089858483,b0f066a214c2f5e87bad3c948f4d605d) (ScriptedImporter) -> (Import Result ID: 'b5ce3b10708e7efd81a64bfd24de8c67') in 0.0101344 seconds [static and dynamic dependencies]. Details - ImportResultOutputID=8fe0c9b209ea5397f499fb398dc30a89 DependenciesID=c1de399e50413ddfa2de3f191c7f44e1 StaticDependenciesID=0dccb5020efbbe9140a64460f0e62bb2 
Number of updated asset objects reloaded before import = 0Number of asset objects unloaded after import = 2

========================================================================
Received Import Request.
  Time since last request: 0.000019 seconds.
  path: Assets/TextMesh Pro/Sprites/EmojiOne.png
  importAddress: Guid(dffef66376be4fa480fb02b19edbe903) Importer(2089858483,b0f066a214c2f5e87bad3c948f4d605d)
Start importing Assets/TextMesh Pro/Sprites/EmojiOne.png using Guid(dffef66376be4fa480fb02b19edbe903) Importer(2089858483,b0f066a214c2f5e87bad3c948f4d605d) (ScriptedImporter) -> (Import Result ID: '7917912c3280148ea63593cb601d13d7') in 0.0099703 seconds [static and dynamic dependencies]. Details - ImportResultOutputID=1560e0caea7908a5732c2ad17b7cbb5d DependenciesID=bd3811a2c86467ad8f09dbb598bb084d StaticDependenciesID=6d2ff252331512ff0d7928836ab4a193 
Number of updated asset objects reloaded before import = 0Number of asset objects unloaded after import = 1

========================================================================
Received Import Request.
  Time since last request: 0.000023 seconds.
  path: Assets/Sprites/UI/Lives/Two.png
  importAddress: Guid(482c8e4c0346b704aa5f1760c3c989d5) Importer(2089858483,b0f066a214c2f5e87bad3c948f4d605d)
Start importing Assets/Sprites/UI/Lives/Two.png using Guid(482c8e4c0346b704aa5f1760c3c989d5) Importer(2089858483,b0f066a214c2f5e87bad3c948f4d605d) (ScriptedImporter) -> (Import Result ID: 'e72447497159fe168e3545a96e32283a') in 0.0098792 seconds [static and dynamic dependencies]. Details - ImportResultOutputID=c7e03abb235c7149769849a281dd3d35 DependenciesID=fc3cb6f8ec987b677931a1b5cb8dabea StaticDependenciesID=5f5cbe60e9feb25f0c5dbf230b4e786c 
Number of updated asset objects reloaded before import = 0Number of asset objects unloaded after import = 3

========================================================================
Received Import Request.
  Time since last request: 0.000015 seconds.
  path: Assets/Standard Assets/CrossPlatformInput/Prefabs/MobileSingleStickControl.prefab
  importAddress: Guid(9529ecc3d479da5499993355e6c2cb4f) Importer(2089858483,b0f066a214c2f5e87bad3c948f4d605d)
Start importing Assets/Standard Assets/CrossPlatformInput/Prefabs/MobileSingleStickControl.prefab using Guid(9529ecc3d479da5499993355e6c2cb4f) Importer(2089858483,b0f066a214c2f5e87bad3c948f4d605d) (ScriptedImporter) -> (Import Result ID: '8eee7273686b9100a1662664eece9c7e') in 0.0217919 seconds [static and dynamic dependencies]. Details - ImportResultOutputID=9a9d35d19043474296deba590f47108d DependenciesID=b9413fd56560c89321f82333ad97c355 StaticDependenciesID=36c422bcb28c9f53e1502c41c4d9b6cf 
Number of updated asset objects reloaded before import = 0Number of asset objects unloaded after import = 27

========================================================================
Received Import Request.
  Time since last request: 0.000019 seconds.
  path: Assets/Standard Assets/CrossPlatformInput/Scripts/TiltInput.cs
  importAddress: Guid(5c2d84226fbbaf94e9c1451f1c39b06a) Importer(2089858483,b0f066a214c2f5e87bad3c948f4d605d)
Start importing Assets/Standard Assets/CrossPlatformInput/Scripts/TiltInput.cs using Guid(5c2d84226fbbaf94e9c1451f1c39b06a) Importer(2089858483,b0f066a214c2f5e87bad3c948f4d605d) (ScriptedImporter) -> (Import Result ID: 'a98003172c27a7e0f8922b75a3847adb') in 0.0082669 seconds [static and dynamic dependencies]. Details - ImportResultOutputID=5cc958dff5399cdb6780e7c58afe96c1 DependenciesID=ffb47d1e7cf47918d27c419cf8313ef7 StaticDependenciesID=d6023a408fd8dce9b5d329523d845316 
Number of updated asset objects reloaded before import = 0Number of asset objects unloaded after import = 0

========================================================================
Received Import Request.
  Time since last request: 0.000018 seconds.
  path: Assets/Standard Assets/ParticleSystems/Prefabs/DustStorm.prefab
  importAddress: Guid(1f7aa4d40edff6e48b549003cad031e1) Importer(2089858483,b0f066a214c2f5e87bad3c948f4d605d)
Start importing Assets/Standard Assets/ParticleSystems/Prefabs/DustStorm.prefab using Guid(1f7aa4d40edff6e48b549003cad031e1) Importer(2089858483,b0f066a214c2f5e87bad3c948f4d605d) (ScriptedImporter) -> (Import Result ID: '6d9a70d5b895ae5436a76f6520166a3b') in 0.024536 seconds [static and dynamic dependencies]. Details - ImportResultOutputID=45d31237174d959020772b54ba6b41fa DependenciesID=5afdec0616ecf2bb7c22b788d40bb37e StaticDependenciesID=31b0b9049ed03da6e62f0767ab8b747a 
Number of updated asset objects reloaded before import = 0Number of asset objects unloaded after import = 6

========================================================================
Received Import Request.
  Time since last request: 0.000019 seconds.
  path: Assets/Sprites/Power_Ups/Speed/Powerup1_0008_00003.psd
  importAddress: Guid(73f17f0ea9044d5419812f58e8154a41) Importer(2089858483,b0f066a214c2f5e87bad3c948f4d605d)
Start importing Assets/Sprites/Power_Ups/Speed/Powerup1_0008_00003.psd using Guid(73f17f0ea9044d5419812f58e8154a41) Importer(2089858483,b0f066a214c2f5e87bad3c948f4d605d) (ScriptedImporter) -> (Import Result ID: '10bce5874a6ded8ad6061086196c4d89') in 0.0128599 seconds [static and dynamic dependencies]. Details - ImportResultOutputID=99f56410b0170957449255ee4ada3314 DependenciesID=310d986de5034a38823548f9f5d69c37 StaticDependenciesID=867f3a98c1abf367114ddeb7f6a957d3 
Number of updated asset objects reloaded before import = 0Number of asset objects unloaded after import = 3

========================================================================
Received Import Request.
  Time since last request: 0.000020 seconds.
  path: Assets/Standard Assets/2D/Sprites/RobotBoyRollSprite.png
  importAddress: Guid(fc67a9002ed4034419f91d0d85bd6b24) Importer(2089858483,b0f066a214c2f5e87bad3c948f4d605d)
Start importing Assets/Standard Assets/2D/Sprites/RobotBoyRollSprite.png using Guid(fc67a9002ed4034419f91d0d85bd6b24) Importer(2089858483,b0f066a214c2f5e87bad3c948f4d605d) (ScriptedImporter) -> (Import Result ID: '2faf1654400de40fa07dbf41fe61c407') in 0.0312311 seconds [static and dynamic dependencies]. Details - ImportResultOutputID=ca08222fdd4bb9642d8bdf8e7c2490eb DependenciesID=d9d6e1accf8b8200e1317a74fc004050 StaticDependenciesID=6fc52efb79b058d59876dda66064ad8f 
Number of updated asset objects reloaded before import = 0Number of asset objects unloaded after import = 26

========================================================================
Received Import Request.
  Time since last request: 0.000019 seconds.
  path: Assets/Standard Assets/ParticleSystems/Scripts/AfterburnerPhysicsForce.cs
  importAddress: Guid(5d44a238286f6904198ab78e914c229d) Importer(2089858483,b0f066a214c2f5e87bad3c948f4d605d)
Start importing Assets/Standard Assets/ParticleSystems/Scripts/AfterburnerPhysicsForce.cs using Guid(5d44a238286f6904198ab78e914c229d) Importer(2089858483,b0f066a214c2f5e87bad3c948f4d605d) (ScriptedImporter) -> (Import Result ID: '38cb52b966018bd3755f27c9066ea438') in 0.0077939 seconds [static and dynamic dependencies]. Details - ImportResultOutputID=ad7ca060346952c66df91e865b710f87 DependenciesID=d39c3f9bb70cc22813218b5613c9aac6 StaticDependenciesID=271fbb375012792a84b6836f19e6eead 
Number of updated asset objects reloaded before import = 0Number of asset objects unloaded after import = 0

========================================================================
Received Import Request.
  Time since last request: 0.000046 seconds.
  path: Assets/Standard Assets/Fonts/OpenSans/OpenSansBold.ttf
  importAddress: Guid(87c316b602156405d92e616621658222) Importer(2089858483,b0f066a214c2f5e87bad3c948f4d605d)
Start importing Assets/Standard Assets/Fonts/OpenSans/OpenSansBold.ttf using Guid(87c316b602156405d92e616621658222) Importer(2089858483,b0f066a214c2f5e87bad3c948f4d605d) (ScriptedImporter) -> (Import Result ID: '1906f1ee545bcbbff753373ca19b9c29') in 0.014834 seconds [static and dynamic dependencies]. Details - ImportResultOutputID=b938bffbb2c64a35e57da3d77edbeaba DependenciesID=0dc2f7f007594e264066dc3a9eecbdfd StaticDependenciesID=caa803874a3484f7ca484b0cf8ebd6ef 
Number of updated asset objects reloaded before import = 0Number of asset objects unloaded after import = 3

========================================================================
Received Import Request.
  Time since last request: 0.000020 seconds.
  path: Assets/Standard Assets/2D/Sprites/RobotBoyWalkSprite.png
  importAddress: Guid(feda0c18015b3284cabbc0da85254f9a) Importer(2089858483,b0f066a214c2f5e87bad3c948f4d605d)
Start importing Assets/Standard Assets/2D/Sprites/RobotBoyWalkSprite.png using Guid(feda0c18015b3284cabbc0da85254f9a) Importer(2089858483,b0f066a214c2f5e87bad3c948f4d605d) (ScriptedImporter) -> (Import Result ID: 'fab0851cb8dd1505d1e8d1c641276a8a') in 0.023894 seconds [static and dynamic dependencies]. Details - ImportResultOutputID=ee86b6aaba33f1f1046e73133a337229 DependenciesID=648d799040b9c1e420ff5def04c9db6d StaticDependenciesID=b6b935a968c8c645ab495b313e360c11 
Number of updated asset objects reloaded before import = 0Number of asset objects unloaded after import = 18

========================================================================
Received Import Request.
  Time since last request: 0.000019 seconds.
  path: Assets/Sprites/Power_Ups/Shield/Powerup2_0008_00000.png
  importAddress: Guid(e2f5f1638e62545a09c5d6e6d3643101) Importer(2089858483,b0f066a214c2f5e87bad3c948f4d605d)
Start importing Assets/Sprites/Power_Ups/Shield/Powerup2_0008_00000.png using Guid(e2f5f1638e62545a09c5d6e6d3643101) Importer(2089858483,b0f066a214c2f5e87bad3c948f4d605d) (ScriptedImporter) -> (Import Result ID: 'c58493d3a7872d91c8cad74b869c4e72') in 0.0112938 seconds [static and dynamic dependencies]. Details - ImportResultOutputID=4b0ca4b353ff0d26021717a94e08cf94 DependenciesID=5b4f1bf0b560a38e1670a6bf9ec6efd2 StaticDependenciesID=844f83af47f9a2529088637d7e6ff2e6 
Number of updated asset objects reloaded before import = 0Number of asset objects unloaded after import = 3

========================================================================
Received Import Request.
  Time since last request: 0.000018 seconds.
  path: Assets/Standard Assets/Cameras/Scripts/HandHeldCam.cs
  importAddress: Guid(d947636a9390f6a46a121124154e6e3f) Importer(2089858483,b0f066a214c2f5e87bad3c948f4d605d)
Start importing Assets/Standard Assets/Cameras/Scripts/HandHeldCam.cs using Guid(d947636a9390f6a46a121124154e6e3f) Importer(2089858483,b0f066a214c2f5e87bad3c948f4d605d) (ScriptedImporter) -> (Import Result ID: 'de1adde58b35fae4decb7a8764d4327c') in 0.0081176 seconds [static and dynamic dependencies]. Details - ImportResultOutputID=c37ce4279fbf6c97b8747e0ec239086c DependenciesID=d9dd3fed5d859bb39478020d7de502e2 StaticDependenciesID=9be3f6e2d7187138af8528e97d6041e3 
Number of updated asset objects reloaded before import = 0Number of asset objects unloaded after import = 0

========================================================================
Received Import Request.
  Time since last request: 0.000064 seconds.
  path: Assets/Standard Assets/CrossPlatformInput/Sprites/ButtonThumbstickUpSprite.png
  importAddress: Guid(9866a92691696b346901281f2b329034) Importer(2089858483,b0f066a214c2f5e87bad3c948f4d605d)
Start importing Assets/Standard Assets/CrossPlatformInput/Sprites/ButtonThumbstickUpSprite.png using Guid(9866a92691696b346901281f2b329034) Importer(2089858483,b0f066a214c2f5e87bad3c948f4d605d) (ScriptedImporter) -> (Import Result ID: '72d3df69fb0ff1f84b53d557bac54842') in 0.0111522 seconds [static and dynamic dependencies]. Details - ImportResultOutputID=90073963b937456d2886616de59a4c91 DependenciesID=5c193139239cb304950db3a3508b8a4f StaticDependenciesID=a5b2d399710a041b3832f3c44691d15a 
Number of updated asset objects reloaded before import = 0Number of asset objects unloaded after import = 3

========================================================================
Received Import Request.
  Time since last request: 0.000021 seconds.
  path: Assets/Standard Assets/ParticleSystems/Prefabs/SteamMobile.prefab
  importAddress: Guid(b6fecef6c92b67147b638a07ef91195b) Importer(2089858483,b0f066a214c2f5e87bad3c948f4d605d)
Start importing Assets/Standard Assets/ParticleSystems/Prefabs/SteamMobile.prefab using Guid(b6fecef6c92b67147b638a07ef91195b) Importer(2089858483,b0f066a214c2f5e87bad3c948f4d605d) (ScriptedImporter) -> (Import Result ID: 'baf1db77992c7d6465a6377792cf3ce1') in 0.0316302 seconds [static and dynamic dependencies]. Details - ImportResultOutputID=7919e2820a4f5ab59d0cf6a5995e9dd6 DependenciesID=7a9b19d33b2c014745fbd0b03b2b9351 StaticDependenciesID=e74bdf9a6c2ba1cdb9a276ceae47aef7 
Number of updated asset objects reloaded before import = 0Number of asset objects unloaded after import = 8

========================================================================
Received Import Request.
  Time since last request: 0.000022 seconds.
  path: Assets/Standard Assets/CrossPlatformInput/Prefabs/MobileTiltControlRig.prefab
  importAddress: Guid(999388b68bb99b44099461bfbed94358) Importer(2089858483,b0f066a214c2f5e87bad3c948f4d605d)
Start importing Assets/Standard Assets/CrossPlatformInput/Prefabs/MobileTiltControlRig.prefab using Guid(999388b68bb99b44099461bfbed94358) Importer(2089858483,b0f066a214c2f5e87bad3c948f4d605d) (ScriptedImporter) -> (Import Result ID: '524e2f95aa7f25e3a3233675ce5d1d64') in 0.0087771 seconds [static and dynamic dependencies]. Details - ImportResultOutputID=f3d4877f1a1e56c556608409611526de DependenciesID=818294fb87d2760845aee2f4fc828338 StaticDependenciesID=12d36f0047243a99661d1b7d97502932 
Number of updated asset objects reloaded before import = 0Number of asset objects unloaded after import = 11

========================================================================
Received Import Request.
  Time since last request: 0.000029 seconds.
  path: Assets/TextMesh Pro/Resources/Shaders/TMP_SDF.shader
  importAddress: Guid(68e6db2ebdc24f95958faec2be5558d6) Importer(2089858483,b0f066a214c2f5e87bad3c948f4d605d)
Start importing Assets/TextMesh Pro/Resources/Shaders/TMP_SDF.shader using Guid(68e6db2ebdc24f95958faec2be5558d6) Importer(2089858483,b0f066a214c2f5e87bad3c948f4d605d) (ScriptedImporter) -> (Import Result ID: '582f7de69ce6410e6069878eddd27fbc') in 0.0103422 seconds [static and dynamic dependencies]. Details - ImportResultOutputID=e44ea2179fd9c26e4af5720a44dfd117 DependenciesID=afa436e7b370996d4929255abb8226ac StaticDependenciesID=4d54ed9930b33e6eca3a607ed84689f1 
Number of updated asset objects reloaded before import = 0Number of asset objects unloaded after import = 1

========================================================================
Received Import Request.
  Time since last request: 0.000030 seconds.
  path: Assets/Standard Assets/Prototyping/Prefabs/JoinOuterPrototype02x06x02.prefab
  importAddress: Guid(b321aed21e0872743a175d8dbbe12ac8) Importer(2089858483,b0f066a214c2f5e87bad3c948f4d605d)
Start importing Assets/Standard Assets/Prototyping/Prefabs/JoinOuterPrototype02x06x02.prefab using Guid(b321aed21e0872743a175d8dbbe12ac8) Importer(2089858483,b0f066a214c2f5e87bad3c948f4d605d) (ScriptedImporter) -> (Import Result ID: '8cf0ef02439bbd41e4858b79a2038ad4') in 0.0145624 seconds [static and dynamic dependencies]. Details - ImportResultOutputID=22b62f8f82e078252c86c1224f624996 DependenciesID=67d3fd610842d37576e8cb5d01cde081 StaticDependenciesID=d1f3af16805e0b04e8165eb6202b96a3 
Number of updated asset objects reloaded before import = 0Number of asset objects unloaded after import = 9

========================================================================
Received Import Request.
  Time since last request: 0.000019 seconds.
  path: Assets/Standard Assets/Characters/ThirdPersonCharacter/Animation/HumanoidRunTurn.fbx
  importAddress: Guid(1062212255550964e974f3ffb3cbaae3) Importer(2089858483,b0f066a214c2f5e87bad3c948f4d605d)
Start importing Assets/Standard Assets/Characters/ThirdPersonCharacter/Animation/HumanoidRunTurn.fbx using Guid(1062212255550964e974f3ffb3cbaae3) Importer(2089858483,b0f066a214c2f5e87bad3c948f4d605d) (ScriptedImporter) -> (Import Result ID: '5ad42d4ae451f6d0dd3d13ca59152ee0') in 0.0255711 seconds [static and dynamic dependencies]. Details - ImportResultOutputID=170574d931eaefe6db4b25cddd3bc745 DependenciesID=783a70aeda672ed2ef6919d8e759b634 StaticDependenciesID=cb18687f6b7732323cf0f63aaaad7c42 
Number of updated asset objects reloaded before import = 0Number of asset objects unloaded after import = 184

========================================================================
Received Import Request.
  Time since last request: 0.000019 seconds.
  path: Assets/Standard Assets/Prototyping/Shaders/WorldCoordDiffuse.shader
  importAddress: Guid(406a976191e8366459222b654c60e1f8) Importer(2089858483,b0f066a214c2f5e87bad3c948f4d605d)
Start importing Assets/Standard Assets/Prototyping/Shaders/WorldCoordDiffuse.shader using Guid(406a976191e8366459222b654c60e1f8) Importer(2089858483,b0f066a214c2f5e87bad3c948f4d605d) (ScriptedImporter) -> (Import Result ID: '155f709c0f0633893ae765bc7078835e') in 0.0099676 seconds [static and dynamic dependencies]. Details - ImportResultOutputID=7a9d9b1ba3747a4bed48ea093385013c DependenciesID=8cd851f57b9ff4f4709a93553ffb5c2c StaticDependenciesID=926f34d82eb62b45452795db30d3440e 
Number of updated asset objects reloaded before import = 0Number of asset objects unloaded after import = 1

========================================================================
Received Import Request.
  Time since last request: 0.000023 seconds.
  path: Assets/TextMesh Pro/Resources/Shaders/TMPro_Properties.cginc
  importAddress: Guid(3997e2241185407d80309a82f9148466) Importer(2089858483,b0f066a214c2f5e87bad3c948f4d605d)
Start importing Assets/TextMesh Pro/Resources/Shaders/TMPro_Properties.cginc using Guid(3997e2241185407d80309a82f9148466) Importer(2089858483,b0f066a214c2f5e87bad3c948f4d605d) (ScriptedImporter) -> (Import Result ID: 'c6604f61f28fad4768d25e6b71ed4f60') in 0.0078475 seconds [static and dynamic dependencies]. Details - ImportResultOutputID=cddd73a6329de51f026f8518ca32e88f DependenciesID=a7e8cde9ffad2a670154a351a8e3b1c5 StaticDependenciesID=f3817184ca9151a1888d572253eb154e 
Number of updated asset objects reloaded before import = 0Number of asset objects unloaded after import = 1

========================================================================
Received Import Request.
  Time since last request: 0.000040 seconds.
  path: Assets/Standard Assets/ParticleSystems/Textures/ParticleFlameLickSheet.png
  importAddress: Guid(3587b30505d00a44c87d9c3b9d8bc35c) Importer(2089858483,b0f066a214c2f5e87bad3c948f4d605d)
Start importing Assets/Standard Assets/ParticleSystems/Textures/ParticleFlameLickSheet.png using Guid(3587b30505d00a44c87d9c3b9d8bc35c) Importer(2089858483,b0f066a214c2f5e87bad3c948f4d605d) (ScriptedImporter) -> (Import Result ID: 'f2b6832b2ad9b7af4404bd6f3cd50155') in 0.0107261 seconds [static and dynamic dependencies]. Details - ImportResultOutputID=bf782c06b84edf3e9f01a020d2ad1890 DependenciesID=55e424614927b3af6b02a64c785bf80d StaticDependenciesID=121d1b3e31cd6c6ea525a8ee88a8aa7c 
Number of updated asset objects reloaded before import = 0Number of asset objects unloaded after import = 1

========================================================================
Received Import Request.
  Time since last request: 0.000015 seconds.
  path: Assets/Standard Assets/Prototyping/Prefabs/PlatformPrototype04x01x04.prefab
  importAddress: Guid(831c1389ceffed84d947c9aa3fc86ac2) Importer(2089858483,b0f066a214c2f5e87bad3c948f4d605d)
Start importing Assets/Standard Assets/Prototyping/Prefabs/PlatformPrototype04x01x04.prefab using Guid(831c1389ceffed84d947c9aa3fc86ac2) Importer(2089858483,b0f066a214c2f5e87bad3c948f4d605d) (ScriptedImporter) -> (Import Result ID: 'd47e4cc562c296e0b5d217cc4761e6df') in 0.010736 seconds [static and dynamic dependencies]. Details - ImportResultOutputID=9de59894e1e6c0a15e6e9d17d7c990db DependenciesID=370894f65b3b7ba8a951b95eacf9e1ca StaticDependenciesID=9960df612094fa9cf200ec82194927ca 
Number of updated asset objects reloaded before import = 0Number of asset objects unloaded after import = 9

========================================================================
Received Import Request.
  Time since last request: 0.000016 seconds.
  path: Assets/Standard Assets/Characters/RollerBall/Scripts/BallUserControl.cs
  importAddress: Guid(daa7e0829bc72c94babd728cc0466196) Importer(2089858483,b0f066a214c2f5e87bad3c948f4d605d)
Start importing Assets/Standard Assets/Characters/RollerBall/Scripts/BallUserControl.cs using Guid(daa7e0829bc72c94babd728cc0466196) Importer(2089858483,b0f066a214c2f5e87bad3c948f4d605d) (ScriptedImporter) -> (Import Result ID: 'f02bf9c0200a655dcb244ee8e3c84974') in 0.0089999 seconds [static and dynamic dependencies]. Details - ImportResultOutputID=a426495a72d177ebedc15ab3e9a1db8e DependenciesID=c17f00cf4a44dd062a56de6dbb24c717 StaticDependenciesID=a06e720f4ac9e72fe2e365fb835cec70 
Number of updated asset objects reloaded before import = 0Number of asset objects unloaded after import = 0

========================================================================
Received Import Request.
  Time since last request: 0.000016 seconds.
  path: Assets/TextMesh Pro/Resources/Fonts & Materials/LiberationSans SDF - Drop Shadow.mat
  importAddress: Guid(e73a58f6e2794ae7b1b7e50b7fb811b0) Importer(2089858483,b0f066a214c2f5e87bad3c948f4d605d)
Start importing Assets/TextMesh Pro/Resources/Fonts & Materials/LiberationSans SDF - Drop Shadow.mat using Guid(e73a58f6e2794ae7b1b7e50b7fb811b0) Importer(2089858483,b0f066a214c2f5e87bad3c948f4d605d) (ScriptedImporter) -> (Import Result ID: '7f646a74cc0ee0c1fc0c2ed0d7d80b78') in 0.0200278 seconds [static and dynamic dependencies]. Details - ImportResultOutputID=abdc82fe143494578e18ff1d2851721e DependenciesID=6adba2e71da97ec7ca1f0f78855a8aa3 StaticDependenciesID=6ad0d3979512cff7ca5be0c6551e59c7 
Number of updated asset objects reloaded before import = 0Number of asset objects unloaded after import = 2

========================================================================
Received Import Request.
  Time since last request: 0.000017 seconds.
  path: Assets/Standard Assets/Effects/LightCookies/Textures/LightSoftCookie.tif
  importAddress: Guid(8caa437b19957a045866b84c6218a0db) Importer(2089858483,b0f066a214c2f5e87bad3c948f4d605d)
Start importing Assets/Standard Assets/Effects/LightCookies/Textures/LightSoftCookie.tif using Guid(8caa437b19957a045866b84c6218a0db) Importer(2089858483,b0f066a214c2f5e87bad3c948f4d605d) (ScriptedImporter) -> (Import Result ID: '16efa60ed815e5ea5520d465c177e6c9') in 0.0104254 seconds [static and dynamic dependencies]. Details - ImportResultOutputID=36ba6f98d41c770f476a6754d19ac935 DependenciesID=611b0756357c53b706a3ff102eeebd46 StaticDependenciesID=3e330917922933408abf4fe667420f56 
Number of updated asset objects reloaded before import = 0Number of asset objects unloaded after import = 1

========================================================================
Received Import Request.
  Time since last request: 0.000018 seconds.
  path: Assets/Standard Assets/ParticleSystems/Textures/ParticleFlamesSheet.png
  importAddress: Guid(4e505ad81f5b19c4cb6f445d36463955) Importer(2089858483,b0f066a214c2f5e87bad3c948f4d605d)
Start importing Assets/Standard Assets/ParticleSystems/Textures/ParticleFlamesSheet.png using Guid(4e505ad81f5b19c4cb6f445d36463955) Importer(2089858483,b0f066a214c2f5e87bad3c948f4d605d) (ScriptedImporter) -> (Import Result ID: 'da79588cf6a7daa48512abfaf01de259') in 0.0131403 seconds [static and dynamic dependencies]. Details - ImportResultOutputID=8ac0962c179f15a5eee023adadc912b1 DependenciesID=1ef3c0d8e40e9cf952d14b6d4fdc805b StaticDependenciesID=edefe3e734be93b9b0c826cb75ca0020 
Number of updated asset objects reloaded before import = 0Number of asset objects unloaded after import = 1

========================================================================
Received Import Request.
  Time since last request: 0.000020 seconds.
  path: Assets/Standard Assets/ParticleSystems/Shaders/PriorityParticleAddSoft.shader
  importAddress: Guid(694eef9939f180440a9d0891272eddba) Importer(2089858483,b0f066a214c2f5e87bad3c948f4d605d)
Start importing Assets/Standard Assets/ParticleSystems/Shaders/PriorityParticleAddSoft.shader using Guid(694eef9939f180440a9d0891272eddba) Importer(2089858483,b0f066a214c2f5e87bad3c948f4d605d) (ScriptedImporter) -> (Import Result ID: 'f86ca77ba987ad44e37dde86d140e770') in 0.0092169 seconds [static and dynamic dependencies]. Details - ImportResultOutputID=2e1022cd7c9892af522df1493e9030a6 DependenciesID=e6ae5e5a3e3a97f8e8ff7debabd332d4 StaticDependenciesID=31c6528637c2aaa0f996dd46d344072a 
Number of updated asset objects reloaded before import = 0Number of asset objects unloaded after import = 1

========================================================================
Received Import Request.
  Time since last request: 0.000030 seconds.
  path: Assets/Standard Assets/Effects/Projectors/Materials/LightProjector.mat
  importAddress: Guid(c8c80c5b03f5c7e40b07eb2170e667e5) Importer(2089858483,b0f066a214c2f5e87bad3c948f4d605d)
Start importing Assets/Standard Assets/Effects/Projectors/Materials/LightProjector.mat using Guid(c8c80c5b03f5c7e40b07eb2170e667e5) Importer(2089858483,b0f066a214c2f5e87bad3c948f4d605d) (ScriptedImporter) -> (Import Result ID: '68e7773e5f89159355ff194788047d77') in 0.0114088 seconds [static and dynamic dependencies]. Details - ImportResultOutputID=4643e989e92f1d500a6f5e2e1bd3c323 DependenciesID=4eca3de2ed32e62563ce018eb4dae56f StaticDependenciesID=f5232819de6f77beafe82fcbda2cb835 
Number of updated asset objects reloaded before import = 0Number of asset objects unloaded after import = 3

========================================================================
Received Import Request.
  Time since last request: 0.000022 seconds.
  path: Assets/Standard Assets/Effects/GlassRefraction/Materials/GlassRefractive.mat
  importAddress: Guid(848918a99d11f25f110026ca44295342) Importer(2089858483,b0f066a214c2f5e87bad3c948f4d605d)
Start importing Assets/Standard Assets/Effects/GlassRefraction/Materials/GlassRefractive.mat using Guid(848918a99d11f25f110026ca44295342) Importer(2089858483,b0f066a214c2f5e87bad3c948f4d605d) (ScriptedImporter) -> (Import Result ID: '91019d7c17028edd14de6e29b297af9c') in 0.0098671 seconds [static and dynamic dependencies]. Details - ImportResultOutputID=d96d3568becbd24d9423240fa7d00290 DependenciesID=3d485f8b77aace5eaf144d5ca3250b2c StaticDependenciesID=dd6fd36a20268eae33b3e6d9ae92a691 
Number of updated asset objects reloaded before import = 0Number of asset objects unloaded after import = 3

========================================================================
Received Import Request.
  Time since last request: 0.000019 seconds.
  path: Assets/Standard Assets/Prototyping/Models/PlatformPrototype04x01x04.fbx
  importAddress: Guid(bc2ed85df3924a4458576f17e8b10057) Importer(2089858483,b0f066a214c2f5e87bad3c948f4d605d)
Start importing Assets/Standard Assets/Prototyping/Models/PlatformPrototype04x01x04.fbx using Guid(bc2ed85df3924a4458576f17e8b10057) Importer(2089858483,b0f066a214c2f5e87bad3c948f4d605d) (ScriptedImporter) -> (Import Result ID: 'bd6444dad3df0bf799231a483bee8669') in 0.0206137 seconds [static and dynamic dependencies]. Details - ImportResultOutputID=e670698426da9709c473cac0a6b2fb91 DependenciesID=ffee95fef595185935b3ffee570f50d7 StaticDependenciesID=8befcc7d1ec570db432066a6f5b607f5 
Number of updated asset objects reloaded before import = 0Number of asset objects unloaded after import = 8

========================================================================
Received Import Request.
  Time since last request: 0.000021 seconds.
  path: Assets/Standard Assets/Prototyping/Prefabs/PickupPrototype.prefab
  importAddress: Guid(c02747e7134ef1948a039c94a8f33c5b) Importer(2089858483,b0f066a214c2f5e87bad3c948f4d605d)
Start importing Assets/Standard Assets/Prototyping/Prefabs/PickupPrototype.prefab using Guid(c02747e7134ef1948a039c94a8f33c5b) Importer(2089858483,b0f066a214c2f5e87bad3c948f4d605d) (ScriptedImporter) -> (Import Result ID: 'bf2e9079724a904ef5df82856cce705b') in 0.0095885 seconds [static and dynamic dependencies]. Details - ImportResultOutputID=94bfffb524fdd3cdb1a99b4f6e2e15f6 DependenciesID=229b91a9a5c63c1367db1e3ebc12a3b1 StaticDependenciesID=e03daa47a1e9d7278eae9b7c2683230f 
Number of updated asset objects reloaded before import = 0Number of asset objects unloaded after import = 8

========================================================================
Received Import Request.
  Time since last request: 0.000074 seconds.
  path: Assets/Standard Assets/Characters/ThirdPersonCharacter/Textures/EthanNormals.png
  importAddress: Guid(3b5b7be0f2332c24f89a2af018daa62d) Importer(2089858483,b0f066a214c2f5e87bad3c948f4d605d)
Start importing Assets/Standard Assets/Characters/ThirdPersonCharacter/Textures/EthanNormals.png using Guid(3b5b7be0f2332c24f89a2af018daa62d) Importer(2089858483,b0f066a214c2f5e87bad3c948f4d605d) (ScriptedImporter) -> (Import Result ID: '0a8de2f000ee5057db593677cc1b72b8') in 0.0257065 seconds [static and dynamic dependencies]. Details - ImportResultOutputID=dac891e4d139ccb5414f4f1db51698e4 DependenciesID=1d06aecdfa8ec8e607e0257ca13048ab StaticDependenciesID=4dee18d328d32432eeb244dd21b1d883 
Number of updated asset objects reloaded before import = 0Number of asset objects unloaded after import = 1

========================================================================
Received Import Request.
  Time since last request: 0.000019 seconds.
  path: Assets/Standard Assets/ParticleSystems/Textures/ParticleCloudWhite.png
  importAddress: Guid(5b303ff28ad9368468a2edd759cf458d) Importer(2089858483,b0f066a214c2f5e87bad3c948f4d605d)
Start importing Assets/Standard Assets/ParticleSystems/Textures/ParticleCloudWhite.png using Guid(5b303ff28ad9368468a2edd759cf458d) Importer(2089858483,b0f066a214c2f5e87bad3c948f4d605d) (ScriptedImporter) -> (Import Result ID: 'f50f77e821ffd6dc306b17af415fc479') in 0.0130914 seconds [static and dynamic dependencies]. Details - ImportResultOutputID=7cb77fd7668a37926128070e0a7fbede DependenciesID=49186942107b01b9bd9a8a211b077e0e StaticDependenciesID=21f2d5056636e90f051002d4c84d6e39 
Number of updated asset objects reloaded before import = 0Number of asset objects unloaded after import = 1

========================================================================
Received Import Request.
  Time since last request: 0.000018 seconds.
  path: Assets/Standard Assets/Prototyping/Models/PillarPrototype02x08x02.fbx
  importAddress: Guid(66a13889798137c498eae4b3acdafe19) Importer(2089858483,b0f066a214c2f5e87bad3c948f4d605d)
Start importing Assets/Standard Assets/Prototyping/Models/PillarPrototype02x08x02.fbx using Guid(66a13889798137c498eae4b3acdafe19) Importer(2089858483,b0f066a214c2f5e87bad3c948f4d605d) (ScriptedImporter) -> (Import Result ID: '422d759f894449d00793e7ae890620fa') in 0.0118389 seconds [static and dynamic dependencies]. Details - ImportResultOutputID=3886f893550d94e98deb748915793483 DependenciesID=07474a7dfabde27c2bf497adfd28850b StaticDependenciesID=9ed19da848569a0bb31f3e339b79f4c1 
Number of updated asset objects reloaded before import = 0Number of asset objects unloaded after import = 8

========================================================================
Received Import Request.
  Time since last request: 0.000017 seconds.
  path: Assets/Standard Assets/Effects/TessellationShaders/Textures/CliffHeight.png
  importAddress: Guid(17da6d53ec93a0444bd0f751b1d02477) Importer(2089858483,b0f066a214c2f5e87bad3c948f4d605d)
Start importing Assets/Standard Assets/Effects/TessellationShaders/Textures/CliffHeight.png using Guid(17da6d53ec93a0444bd0f751b1d02477) Importer(2089858483,b0f066a214c2f5e87bad3c948f4d605d) (ScriptedImporter) -> (Import Result ID: '848f469e71a90afabe2a42b1a3f284da') in 0.0115657 seconds [static and dynamic dependencies]. Details - ImportResultOutputID=625fa517d34bb556f97cec80b4793b7e DependenciesID=82a4a8c1eb5daead714e1d5b11ecfd2e StaticDependenciesID=65bb8065952fadba0ee07409b352b0f1 
Number of updated asset objects reloaded before import = 0Number of asset objects unloaded after import = 1

========================================================================
Received Import Request.
  Time since last request: 0.000019 seconds.
  path: Assets/Standard Assets/Prototyping/Models/PlatformPrototype08x01x08.fbx
  importAddress: Guid(879dd62cbfd65314d812354e257fc5cc) Importer(2089858483,b0f066a214c2f5e87bad3c948f4d605d)
Start importing Assets/Standard Assets/Prototyping/Models/PlatformPrototype08x01x08.fbx using Guid(879dd62cbfd65314d812354e257fc5cc) Importer(2089858483,b0f066a214c2f5e87bad3c948f4d605d) (ScriptedImporter) -> (Import Result ID: '95265548137a61f4c6d5a93bf26d843b') in 0.0135705 seconds [static and dynamic dependencies]. Details - ImportResultOutputID=053f80464de641bd9db8a5a02849596f DependenciesID=9f65cd1384b660b2625622ee18bfb75a StaticDependenciesID=6607fafef5a08a0b9e5a4fbce9cd20b0 
Number of updated asset objects reloaded before import = 0Number of asset objects unloaded after import = 8

========================================================================
Received Import Request.
  Time since last request: 0.000015 seconds.
  path: Assets/Standard Assets/Prototyping/Prefabs/HousePrototype16x16x24.prefab
  importAddress: Guid(5862bbfe91a75054ca72c13b555b6ac5) Importer(2089858483,b0f066a214c2f5e87bad3c948f4d605d)
Start importing Assets/Standard Assets/Prototyping/Prefabs/HousePrototype16x16x24.prefab using Guid(5862bbfe91a75054ca72c13b555b6ac5) Importer(2089858483,b0f066a214c2f5e87bad3c948f4d605d) (ScriptedImporter) -> (Import Result ID: '3adc6ec65e0850e52f1dced8bae2d60d') in 0.0119538 seconds [static and dynamic dependencies]. Details - ImportResultOutputID=1dcb4c46361751d164c5f28b05bab612 DependenciesID=ac5be7cb35e57313b3ac9cb10ed9d5cd StaticDependenciesID=6b9c1dcaf54a9d99947ef8a66fbaad88 
Number of updated asset objects reloaded before import = 0Number of asset objects unloaded after import = 9

========================================================================
Received Import Request.
  Time since last request: 0.000021 seconds.
  path: Assets/Standard Assets/Characters/ThirdPersonCharacter/Models/Ethan.fbx
  importAddress: Guid(b235179bd2a63d1468dd430670338c55) Importer(2089858483,b0f066a214c2f5e87bad3c948f4d605d)
Start importing Assets/Standard Assets/Characters/ThirdPersonCharacter/Models/Ethan.fbx using Guid(b235179bd2a63d1468dd430670338c55) Importer(2089858483,b0f066a214c2f5e87bad3c948f4d605d) (ScriptedImporter) -> (Import Result ID: '276626a61eea485b5c0e0eb5e30ad59b') in 0.0163588 seconds [static and dynamic dependencies]. Details - ImportResultOutputID=8bc342955626ff5bfa50f326a66ada23 DependenciesID=020e1ec11e9946e90ad4ef1550893d7b StaticDependenciesID=fbd72a3da5b4f19cd9a429d0d3f51406 
Number of updated asset objects reloaded before import = 0Number of asset objects unloaded after import = 177

========================================================================
Received Import Request.
  Time since last request: 0.000022 seconds.
  path: Assets/Standard Assets/Prototyping/Materials/NavySmooth.mat
  importAddress: Guid(1032d41f900276c40a9dd24f55b7d420) Importer(2089858483,b0f066a214c2f5e87bad3c948f4d605d)
Start importing Assets/Standard Assets/Prototyping/Materials/NavySmooth.mat using Guid(1032d41f900276c40a9dd24f55b7d420) Importer(2089858483,b0f066a214c2f5e87bad3c948f4d605d) (ScriptedImporter) -> (Import Result ID: 'd274a8716330279670f4d6a139fb1253') in 0.0535885 seconds [static and dynamic dependencies]. Details - ImportResultOutputID=ff560f5a76edd71d1e7b4bdac9b0cd84 DependenciesID=35bbc33061a5eefe3cfcc1486ba500a8 StaticDependenciesID=725b80ed803145115b3f45429fbbe67c 
Number of updated asset objects reloaded before import = 0Number of asset objects unloaded after import = 2

========================================================================
Received Import Request.
  Time since last request: 0.000021 seconds.
  path: Assets/TextMesh Pro/Resources/Shaders/TMP_SDF-Surface.shader
  importAddress: Guid(f7ada0af4f174f0694ca6a487b8f543d) Importer(2089858483,b0f066a214c2f5e87bad3c948f4d605d)
Start importing Assets/TextMesh Pro/Resources/Shaders/TMP_SDF-Surface.shader using Guid(f7ada0af4f174f0694ca6a487b8f543d) Importer(2089858483,b0f066a214c2f5e87bad3c948f4d605d) (ScriptedImporter) -> (Import Result ID: '52839f8dbe14200f2a0d54ec39ca6c0d') in 0.0079515 seconds [static and dynamic dependencies]. Details - ImportResultOutputID=bc72789bf2f746ceff1637aba64e71be DependenciesID=fe2cc7109ce458bef2064e54b12ccf79 StaticDependenciesID=2fccaee07b1f405e1217d9b55d4235c3 
Number of updated asset objects reloaded before import = 0Number of asset objects unloaded after import = 1

========================================================================
Received Import Request.
  Time since last request: 0.000016 seconds.
  path: Assets/Standard Assets/Prototyping/Materials/YellowSmooth.mat
  importAddress: Guid(6e1d36c4bbd37d54f9ea183e4f5fd656) Importer(2089858483,b0f066a214c2f5e87bad3c948f4d605d)
Start importing Assets/Standard Assets/Prototyping/Materials/YellowSmooth.mat using Guid(6e1d36c4bbd37d54f9ea183e4f5fd656) Importer(2089858483,b0f066a214c2f5e87bad3c948f4d605d) (ScriptedImporter) -> (Import Result ID: '271f06fa3e9592acff4fb113edcf40c9') in 0.0093777 seconds [static and dynamic dependencies]. Details - ImportResultOutputID=c6084063b27bc1335277eb6e26ae0590 DependenciesID=4c5d9445bf6b17c1868e713aa83a3598 StaticDependenciesID=0dd5dabd9430336faf4b2df89d0611ce 
Number of updated asset objects reloaded before import = 0Number of asset objects unloaded after import = 2

========================================================================
Received Import Request.
  Time since last request: 0.000019 seconds.
  path: Assets/Standard Assets/Characters/FirstPersonCharacter/Audio/Footstep02.wav
  importAddress: Guid(8bc94ec6ed537e743b481638bdcd503d) Importer(2089858483,b0f066a214c2f5e87bad3c948f4d605d)
Start importing Assets/Standard Assets/Characters/FirstPersonCharacter/Audio/Footstep02.wav using Guid(8bc94ec6ed537e743b481638bdcd503d) Importer(2089858483,b0f066a214c2f5e87bad3c948f4d605d) (ScriptedImporter) -> (Import Result ID: 'f5023cb2efb2b4df338a8fbbaa9034d0') in 0.0095534 seconds [static and dynamic dependencies]. Details - ImportResultOutputID=46a56c77425534a9d19417f338cd3214 DependenciesID=8a97a4e81d41451d77cb4e42e14a5ec7 StaticDependenciesID=a914ac601f90d04b8fd9ac8bcb5d95c6 
Number of updated asset objects reloaded before import = 0Number of asset objects unloaded after import = 1

========================================================================
Received Import Request.
  Time since last request: 0.000018 seconds.
  path: Assets/Standard Assets/Prototyping/Materials/PinkGrid.mat
  importAddress: Guid(8c19a618a0bd9844583b91dca0875a34) Importer(2089858483,b0f066a214c2f5e87bad3c948f4d605d)
Start importing Assets/Standard Assets/Prototyping/Materials/PinkGrid.mat using Guid(8c19a618a0bd9844583b91dca0875a34) Importer(2089858483,b0f066a214c2f5e87bad3c948f4d605d) (ScriptedImporter) -> (Import Result ID: '4239cba2ce606d80dd258e1c44ac6ead') in 0.0098406 seconds [static and dynamic dependencies]. Details - ImportResultOutputID=f80dd805f1f469b8ad9384d2d31cefc5 DependenciesID=e165394873c5ef5ac502706d5dc6d9db StaticDependenciesID=729c9e187ea32edb8b9cc363af263fe7 
Number of updated asset objects reloaded before import = 0Number of asset objects unloaded after import = 3

========================================================================
Received Import Request.
  Time since last request: 0.000020 seconds.
  path: Assets/Standard Assets/Vehicles/Car/CarGuidelines.txt
  importAddress: Guid(c51c09bcabc8c1441afe23a1da5fb6d8) Importer(2089858483,b0f066a214c2f5e87bad3c948f4d605d)
Start importing Assets/Standard Assets/Vehicles/Car/CarGuidelines.txt using Guid(c51c09bcabc8c1441afe23a1da5fb6d8) Importer(2089858483,b0f066a214c2f5e87bad3c948f4d605d) (ScriptedImporter) -> (Import Result ID: '74d808ac5a8205f2ed6e9af25a706b1a') in 0.0083295 seconds [static and dynamic dependencies]. Details - ImportResultOutputID=8a45a80a4bd66593c4329a715651cd2e DependenciesID=c42ece55a979499e17cbb1e02dd6e26b StaticDependenciesID=f2290483eb16c6bfa194a6acf904d258 
Number of updated asset objects reloaded before import = 0Number of asset objects unloaded after import = 1

========================================================================
Received Import Request.
  Time since last request: 0.000037 seconds.
  path: Assets/TextMesh Pro/Resources/Shaders/TMP_SDF-Mobile Overlay.shader
  importAddress: Guid(a02a7d8c237544f1962732b55a9aebf1) Importer(2089858483,b0f066a214c2f5e87bad3c948f4d605d)
Start importing Assets/TextMesh Pro/Resources/Shaders/TMP_SDF-Mobile Overlay.shader using Guid(a02a7d8c237544f1962732b55a9aebf1) Importer(2089858483,b0f066a214c2f5e87bad3c948f4d605d) (ScriptedImporter) -> (Import Result ID: 'd402c7168d1e859e5c55662b862b1cd3') in 0.0096678 seconds [static and dynamic dependencies]. Details - ImportResultOutputID=c7b613acf85d6dc80271ab20fa0ebbc5 DependenciesID=778e38cbfe82ec53f516ef6136d967d9 StaticDependenciesID=962919776939c621c8c2e703a56e2b9d 
Number of updated asset objects reloaded before import = 0Number of asset objects unloaded after import = 1

========================================================================
Received Import Request.
  Time since last request: 0.000042 seconds.
  path: Assets/Standard Assets/Prototyping/Prefabs/StepsPrototype04x02x02.prefab
  importAddress: Guid(d85d3a32fb6157d488e31edf82b7b1c4) Importer(2089858483,b0f066a214c2f5e87bad3c948f4d605d)
Start importing Assets/Standard Assets/Prototyping/Prefabs/StepsPrototype04x02x02.prefab using Guid(d85d3a32fb6157d488e31edf82b7b1c4) Importer(2089858483,b0f066a214c2f5e87bad3c948f4d605d) (ScriptedImporter) -> (Import Result ID: 'c0cf12916e8b13d32374eb49dd3e7b71') in 0.0129509 seconds [static and dynamic dependencies]. Details - ImportResultOutputID=8ccfb1fea3b8c9923ccfa64b4a0c3602 DependenciesID=1f1204191068471fc16a2096424c311e StaticDependenciesID=d054b55edc4ef3ec6e1e4d8e414cc5d5 
Number of updated asset objects reloaded before import = 0Number of asset objects unloaded after import = 9

========================================================================
Received Import Request.
  Time since last request: 0.000019 seconds.
  path: Assets/Standard Assets/Characters/ThirdPersonCharacter/Prefabs/AIThirdPersonController.prefab
  importAddress: Guid(54eb5844754051b40a918a84c33b7c1a) Importer(2089858483,b0f066a214c2f5e87bad3c948f4d605d)
Start importing Assets/Standard Assets/Characters/ThirdPersonCharacter/Prefabs/AIThirdPersonController.prefab using Guid(54eb5844754051b40a918a84c33b7c1a) Importer(2089858483,b0f066a214c2f5e87bad3c948f4d605d) (ScriptedImporter) -> (Import Result ID: '4d1cb56531afbbe5e57870cd81071038') in 0.0257325 seconds [static and dynamic dependencies]. Details - ImportResultOutputID=089753dd695b0eeb7150dd19e7fabdff DependenciesID=69af0220be809a2bf754c1856ebf80e1 StaticDependenciesID=abf8ef3c7726d3a09773a504bea3e69f 
Number of updated asset objects reloaded before import = 0Number of asset objects unloaded after import = 222

========================================================================
Received Import Request.
  Time since last request: 0.000022 seconds.
  path: Assets/Standard Assets/Editor/Water/Water4/WaterEditorUtility.cs
  importAddress: Guid(f67f2bac30f824d4f8270bb8bb0779df) Importer(2089858483,b0f066a214c2f5e87bad3c948f4d605d)
Start importing Assets/Standard Assets/Editor/Water/Water4/WaterEditorUtility.cs using Guid(f67f2bac30f824d4f8270bb8bb0779df) Importer(2089858483,b0f066a214c2f5e87bad3c948f4d605d) (ScriptedImporter) -> (Import Result ID: '594b2cb58829ae834b3748aa8366650d') in 0.0079832 seconds [static and dynamic dependencies]. Details - ImportResultOutputID=5251625df2337013943617821aecfb08 DependenciesID=a6086de2e198eaaf922b8dea320592de StaticDependenciesID=9c692e9305e97ac8c41b9bbe9d76b947 
Number of updated asset objects reloaded before import = 0Number of asset objects unloaded after import = 0

========================================================================
Received Import Request.
  Time since last request: 0.000013 seconds.
  path: Assets/Standard Assets/Environment/SpeedTree/Conifer/ConiferBark.tga
  importAddress: Guid(9654cfdd87d7daf429b8931c28d7a93c) Importer(2089858483,b0f066a214c2f5e87bad3c948f4d605d)
Start importing Assets/Standard Assets/Environment/SpeedTree/Conifer/ConiferBark.tga using Guid(9654cfdd87d7daf429b8931c28d7a93c) Importer(2089858483,b0f066a214c2f5e87bad3c948f4d605d) (ScriptedImporter) -> (Import Result ID: '2553ec1859d4efb4289f0f96a302c66e') in 0.0110493 seconds [static and dynamic dependencies]. Details - ImportResultOutputID=7295d1bc7738add207344bc5a37033c5 DependenciesID=560fa06de7d9e7484b9c5e49c7ac37a7 StaticDependenciesID=4939e177d9b114f461c2d7ff73ebec00 
Number of updated asset objects reloaded before import = 0Number of asset objects unloaded after import = 1

========================================================================
Received Import Request.
  Time since last request: 0.000017 seconds.
  path: Assets/Standard Assets/Vehicles/Aircraft/Materials/ParticleJetTrail.mat
  importAddress: Guid(7a474fad7982a8e42af709db5f90c4f6) Importer(2089858483,b0f066a214c2f5e87bad3c948f4d605d)
Start importing Assets/Standard Assets/Vehicles/Aircraft/Materials/ParticleJetTrail.mat using Guid(7a474fad7982a8e42af709db5f90c4f6) Importer(2089858483,b0f066a214c2f5e87bad3c948f4d605d) (ScriptedImporter) -> (Import Result ID: '6a940e70ee306fcc2120e02e8e069915') in 0.0102523 seconds [static and dynamic dependencies]. Details - ImportResultOutputID=d465fbb0fdebb43678c5a7f295d678dd DependenciesID=7f959b48d4add62a07143f82a4f97b6c StaticDependenciesID=5022f0ee7bfb724e7795d8833437bfb2 
Number of updated asset objects reloaded before import = 0Number of asset objects unloaded after import = 1

========================================================================
Received Import Request.
  Time since last request: 0.000033 seconds.
  path: Assets/Standard Assets/Environment/TerrainAssets/SurfaceTextures/CliffAlbedoSpecular.psd
  importAddress: Guid(18214e9d6af6248559d501391856f1c7) Importer(2089858483,b0f066a214c2f5e87bad3c948f4d605d)
Start importing Assets/Standard Assets/Environment/TerrainAssets/SurfaceTextures/CliffAlbedoSpecular.psd using Guid(18214e9d6af6248559d501391856f1c7) Importer(2089858483,b0f066a214c2f5e87bad3c948f4d605d) (ScriptedImporter) -> (Import Result ID: '6902815e7e617220c8d4b2e594002b56') in 0.0147051 seconds [static and dynamic dependencies]. Details - ImportResultOutputID=24a091a2440515ca73d2279cb83b6b58 DependenciesID=51fc9dbb7726e66658cb489662433b6d StaticDependenciesID=f731462f67f8a2b6b53ee2eb5188b085 
Number of updated asset objects reloaded before import = 0Number of asset objects unloaded after import = 1

========================================================================
Received Import Request.
  Time since last request: 0.000015 seconds.
  path: Assets/Standard Assets/Vehicles/Aircraft/Materials/AircraftFuselageGrey.mat
  importAddress: Guid(141b5bb76b8b39342a5a787acbeaabfd) Importer(2089858483,b0f066a214c2f5e87bad3c948f4d605d)
Start importing Assets/Standard Assets/Vehicles/Aircraft/Materials/AircraftFuselageGrey.mat using Guid(141b5bb76b8b39342a5a787acbeaabfd) Importer(2089858483,b0f066a214c2f5e87bad3c948f4d605d) (ScriptedImporter) -> (Import Result ID: 'cf557b00954f8b67498486cebefbfb2f') in 0.0311091 seconds [static and dynamic dependencies]. Details - ImportResultOutputID=80dffc871f35c477098342ee5ce70a19 DependenciesID=89c22118a1e223152d3a06625f1774ea StaticDependenciesID=5bb141f640791f5dfb08fca4b1d2c901 
Number of updated asset objects reloaded before import = 0Number of asset objects unloaded after import = 3

========================================================================
Received Import Request.
  Time since last request: 0.000017 seconds.
  path: Assets/Standard Assets/Environment/SpeedTree/Palm/PalmFrond_Spec.tga
  importAddress: Guid(3e27d9cfd3a59af4ebdf7444f6f57620) Importer(2089858483,b0f066a214c2f5e87bad3c948f4d605d)
Start importing Assets/Standard Assets/Environment/SpeedTree/Palm/PalmFrond_Spec.tga using Guid(3e27d9cfd3a59af4ebdf7444f6f57620) Importer(2089858483,b0f066a214c2f5e87bad3c948f4d605d) (ScriptedImporter) -> (Import Result ID: '75b4c093ca3ef5299d699ed5bcc0c855') in 0.0138408 seconds [static and dynamic dependencies]. Details - ImportResultOutputID=7ab5427e9572b296659855483254b08d DependenciesID=860ce63bb80452b457d5a5881b003344 StaticDependenciesID=a4cd91394ea7f141b5f232f3b668b60e 
Number of updated asset objects reloaded before import = 0Number of asset objects unloaded after import = 1

========================================================================
Received Import Request.
  Time since last request: 0.000017 seconds.
  path: Assets/Standard Assets/Vehicles/Aircraft/Prefabs/AircraftJet.prefab
  importAddress: Guid(147d826ca4c5a834a9dfe5db390c47f4) Importer(2089858483,b0f066a214c2f5e87bad3c948f4d605d)
Start importing Assets/Standard Assets/Vehicles/Aircraft/Prefabs/AircraftJet.prefab using Guid(147d826ca4c5a834a9dfe5db390c47f4) Importer(2089858483,b0f066a214c2f5e87bad3c948f4d605d) (ScriptedImporter) -> (Import Result ID: 'ad7d4a609cb5a9a22731b0d15aa12c04') in 0.0432259 seconds [static and dynamic dependencies]. Details - ImportResultOutputID=0480f84cb193379152a868fb224d8cfd DependenciesID=85be9c044e57a16ef511a4a5820362ad StaticDependenciesID=782f4ea5cd1b0e70965af3db4ae68a99 
Number of updated asset objects reloaded before import = 0Number of asset objects unloaded after import = 227

========================================================================
Received Import Request.
  Time since last request: 0.000016 seconds.
  path: Assets/Standard Assets/Environment/SpeedTree/Palm/PalmBark_Detail.tga
  importAddress: Guid(4d6c994b9ad45b847bc67ec5f857fc78) Importer(2089858483,b0f066a214c2f5e87bad3c948f4d605d)
Start importing Assets/Standard Assets/Environment/SpeedTree/Palm/PalmBark_Detail.tga using Guid(4d6c994b9ad45b847bc67ec5f857fc78) Importer(2089858483,b0f066a214c2f5e87bad3c948f4d605d) (ScriptedImporter) -> (Import Result ID: '68908d2f715b72705e2fdeaa4d589695') in 0.0138297 seconds [static and dynamic dependencies]. Details - ImportResultOutputID=9340eaf3f75b3bd491604de9ea3871a5 DependenciesID=4b5906f7decc7922908444c9f73f01ac StaticDependenciesID=ae4dbfe03fa676c2b08b9eec95631756 
Number of updated asset objects reloaded before import = 0Number of asset objects unloaded after import = 1

========================================================================
Received Import Request.
  Time since last request: 0.000080 seconds.
  path: Assets/Standard Assets/Environment/SpeedTree/Palm/PalmBark_Detail_Normal.tga
  importAddress: Guid(bf4c945c1f5a9b74bb15ab0c7f238617) Importer(2089858483,b0f066a214c2f5e87bad3c948f4d605d)
Start importing Assets/Standard Assets/Environment/SpeedTree/Palm/PalmBark_Detail_Normal.tga using Guid(bf4c945c1f5a9b74bb15ab0c7f238617) Importer(2089858483,b0f066a214c2f5e87bad3c948f4d605d) (ScriptedImporter) -> (Import Result ID: '383e71bd5014405ee9319d6bfdf4fb90') in 0.0124155 seconds [static and dynamic dependencies]. Details - ImportResultOutputID=558c160ceec056914ae07f0b3a87e952 DependenciesID=5653343b1d36db3d3e7a03634a5cc6cd StaticDependenciesID=2d06941a84f4a10f19cddedc372e4583 
Number of updated asset objects reloaded before import = 0Number of asset objects unloaded after import = 1

========================================================================
Received Import Request.
  Time since last request: 0.000015 seconds.
  path: Assets/Standard Assets/Environment/SpeedTree/Broadleaf/Broadleaf_Mobile_Atlas_Specular.tga
  importAddress: Guid(45cab4c9b31009748999eec1556926b3) Importer(2089858483,b0f066a214c2f5e87bad3c948f4d605d)
Start importing Assets/Standard Assets/Environment/SpeedTree/Broadleaf/Broadleaf_Mobile_Atlas_Specular.tga using Guid(45cab4c9b31009748999eec1556926b3) Importer(2089858483,b0f066a214c2f5e87bad3c948f4d605d) (ScriptedImporter) -> (Import Result ID: 'e152e27ae8f32e7ddec071c982140617') in 0.0129437 seconds [static and dynamic dependencies]. Details - ImportResultOutputID=99678bc6b8636a5ed6149a2c0dbce33a DependenciesID=ee382ac00c1b309525223031c27cb755 StaticDependenciesID=6fca0c1a8e6d0072342e51b30d0ec5eb 
Number of updated asset objects reloaded before import = 0Number of asset objects unloaded after import = 1

========================================================================
Received Import Request.
  Time since last request: 0.000028 seconds.
  path: Assets/Standard Assets/Environment/SpeedTree/Broadleaf/Broadleaf_Desktop.spm
  importAddress: Guid(c91c1eb85782d5748ace27eb4d7415bb) Importer(2089858483,b0f066a214c2f5e87bad3c948f4d605d)
Start importing Assets/Standard Assets/Environment/SpeedTree/Broadleaf/Broadleaf_Desktop.spm using Guid(c91c1eb85782d5748ace27eb4d7415bb) Importer(2089858483,b0f066a214c2f5e87bad3c948f4d605d) (ScriptedImporter) -> (Import Result ID: 'fce9895d7ee6cf8f8fd935664383f96a') in 0.0240033 seconds [static and dynamic dependencies]. Details - ImportResultOutputID=578e8b4bb9c581fe410167b5a5b6930e DependenciesID=a24f6f7186b9e3ca65842f6d1e92f902 StaticDependenciesID=527b129dc5730311bed891706f520642 
Number of updated asset objects reloaded before import = 0Number of asset objects unloaded after import = 70

========================================================================
Received Import Request.
  Time since last request: 0.000016 seconds.
  path: Assets/Standard Assets/Vehicles/Aircraft/Materials/ParticleContrail.mat
  importAddress: Guid(6f57e3384acd5dc45bb4df479f10466b) Importer(2089858483,b0f066a214c2f5e87bad3c948f4d605d)
Start importing Assets/Standard Assets/Vehicles/Aircraft/Materials/ParticleContrail.mat using Guid(6f57e3384acd5dc45bb4df479f10466b) Importer(2089858483,b0f066a214c2f5e87bad3c948f4d605d) (ScriptedImporter) -> (Import Result ID: '9f463f456440859d6e720744d52acfad') in 0.0100595 seconds [static and dynamic dependencies]. Details - ImportResultOutputID=e485218f39b7afa7e401377f676f524b DependenciesID=b1a9382aa2c60973731eaea594fee7c3 StaticDependenciesID=dc5c2fd2d0553dec7d9a249697033d55 
Number of updated asset objects reloaded before import = 0Number of asset objects unloaded after import = 1

========================================================================
Received Import Request.
  Time since last request: 0.000016 seconds.
  path: Assets/Standard Assets/Environment/SpeedTree/Palm/Palm_Desktop_Atlas_Normal.tga
  importAddress: Guid(20c65bc5a7d28f54c9ca69569d77706d) Importer(2089858483,b0f066a214c2f5e87bad3c948f4d605d)
Start importing Assets/Standard Assets/Environment/SpeedTree/Palm/Palm_Desktop_Atlas_Normal.tga using Guid(20c65bc5a7d28f54c9ca69569d77706d) Importer(2089858483,b0f066a214c2f5e87bad3c948f4d605d) (ScriptedImporter) -> (Import Result ID: 'aea572cc9b49cd34ee65a1e052647668') in 0.0133101 seconds [static and dynamic dependencies]. Details - ImportResultOutputID=04a7bfc120380d7803f13ceb795bc272 DependenciesID=30022d30dcc485d083aa4141aeeed1fe StaticDependenciesID=ec6a9194dadeba8bf24473f8279e3b25 
Number of updated asset objects reloaded before import = 0Number of asset objects unloaded after import = 1

========================================================================
Received Import Request.
  Time since last request: 0.000016 seconds.
  path: Assets/Standard Assets/Environment/TerrainAssets/SurfaceTextures/GrassRockyAlbedo.psd
  importAddress: Guid(440eb36db91ca410f800ff3cfe43572f) Importer(2089858483,b0f066a214c2f5e87bad3c948f4d605d)
Start importing Assets/Standard Assets/Environment/TerrainAssets/SurfaceTextures/GrassRockyAlbedo.psd using Guid(440eb36db91ca410f800ff3cfe43572f) Importer(2089858483,b0f066a214c2f5e87bad3c948f4d605d) (ScriptedImporter) -> (Import Result ID: '6cd0ad39ade57523ba24da136f7933d3') in 0.0179646 seconds [static and dynamic dependencies]. Details - ImportResultOutputID=4d6cc5d70e83e1e4babff2e514f879d8 DependenciesID=63f09d13a8f6b874a18420f9b308dc88 StaticDependenciesID=b524babd022976b92ed02313002480ce 
Number of updated asset objects reloaded before import = 0Number of asset objects unloaded after import = 1

========================================================================
Received Import Request.
  Time since last request: 0.000040 seconds.
  path: Assets/Standard Assets/Effects/ToonShading/Materials/ToonLitOutline.mat
  importAddress: Guid(5d69df9d9d11e49d110086ba44295342) Importer(2089858483,b0f066a214c2f5e87bad3c948f4d605d)
Start importing Assets/Standard Assets/Effects/ToonShading/Materials/ToonLitOutline.mat using Guid(5d69df9d9d11e49d110086ba44295342) Importer(2089858483,b0f066a214c2f5e87bad3c948f4d605d) (ScriptedImporter) -> (Import Result ID: 'a0042909ceb3c649a8face9c15363c97') in 0.0294559 seconds [static and dynamic dependencies]. Details - ImportResultOutputID=00a7719ab5ed826b254a834ed2d31b1b DependenciesID=6f53bb61d84244f183e67ff4f57efe15 StaticDependenciesID=8f1c98403baff4b2a250ef483d908fdf 
Number of updated asset objects reloaded before import = 0Number of asset objects unloaded after import = 4

========================================================================
Received Import Request.
  Time since last request: 0.000017 seconds.
  path: Assets/Standard Assets/Environment/SpeedTree/Conifer/Conifer_Desktop.spm
  importAddress: Guid(469edab27ab6d004d84af2c4a851bd7f) Importer(2089858483,b0f066a214c2f5e87bad3c948f4d605d)
Start importing Assets/Standard Assets/Environment/SpeedTree/Conifer/Conifer_Desktop.spm using Guid(469edab27ab6d004d84af2c4a851bd7f) Importer(2089858483,b0f066a214c2f5e87bad3c948f4d605d) (ScriptedImporter) -> (Import Result ID: '022a675161dced48e3dd529828261c2b') in 0.0170993 seconds [static and dynamic dependencies]. Details - ImportResultOutputID=7323e3393631356ccc20c5acd03e237e DependenciesID=4eb0cd17cbe18b5f6a424495f76eecb3 StaticDependenciesID=b93ddabf60e0aa5d564939ff53155fa1 
Number of updated asset objects reloaded before import = 0Number of asset objects unloaded after import = 55

========================================================================
Received Import Request.
  Time since last request: 0.000020 seconds.
  path: Assets/Standard Assets/Environment/SpeedTree/Broadleaf/Cap_02_Normal.tga
  importAddress: Guid(371fa5d370f67534696194100d17bfad) Importer(2089858483,b0f066a214c2f5e87bad3c948f4d605d)
Start importing Assets/Standard Assets/Environment/SpeedTree/Broadleaf/Cap_02_Normal.tga using Guid(371fa5d370f67534696194100d17bfad) Importer(2089858483,b0f066a214c2f5e87bad3c948f4d605d) (ScriptedImporter) -> (Import Result ID: 'cdcd536ffad492ec1d1f31172eb9177b') in 0.0117149 seconds [static and dynamic dependencies]. Details - ImportResultOutputID=3a6039c70bf87175970ae496e4d8706a DependenciesID=d3930dac77118a3b2638d39090fb3a3f StaticDependenciesID=f9e8b8b38679f97fae15f0a537498671 
Number of updated asset objects reloaded before import = 0Number of asset objects unloaded after import = 1

========================================================================
Received Import Request.
  Time since last request: 0.000022 seconds.
  path: Assets/Standard Assets/Environment/SpeedTree/Broadleaf/Broadleaf_Mobile.spm
  importAddress: Guid(6aab193b7693b5e4c9741f1917d2987c) Importer(2089858483,b0f066a214c2f5e87bad3c948f4d605d)
Start importing Assets/Standard Assets/Environment/SpeedTree/Broadleaf/Broadleaf_Mobile.spm using Guid(6aab193b7693b5e4c9741f1917d2987c) Importer(2089858483,b0f066a214c2f5e87bad3c948f4d605d) (ScriptedImporter) -> (Import Result ID: '8ad27891b1d98d1664d5b69fb516af22') in 0.0173873 seconds [static and dynamic dependencies]. Details - ImportResultOutputID=50634387910ad4b1686af666800e604c DependenciesID=02572857191d23c25741693c87917941 StaticDependenciesID=539b7d324e1427c36c8159f8c2bb228b 
Number of updated asset objects reloaded before import = 0Number of asset objects unloaded after import = 40

========================================================================
Received Import Request.
  Time since last request: 0.000017 seconds.
  path: Assets/Standard Assets/Environment/SpeedTree/Palm/Palm_Desktop_Atlas_Specular.tga
  importAddress: Guid(6af82a665aaf44c41874a383a4225c48) Importer(2089858483,b0f066a214c2f5e87bad3c948f4d605d)
Start importing Assets/Standard Assets/Environment/SpeedTree/Palm/Palm_Desktop_Atlas_Specular.tga using Guid(6af82a665aaf44c41874a383a4225c48) Importer(2089858483,b0f066a214c2f5e87bad3c948f4d605d) (ScriptedImporter) -> (Import Result ID: 'c7c4b158ba53f0bc15c1f48091f1cf7d') in 0.0140364 seconds [static and dynamic dependencies]. Details - ImportResultOutputID=13e3928b4167196b2ea414c3710ca3e8 DependenciesID=6eb7a57a82c938377606e9e00f3b8499 StaticDependenciesID=94a8e330442b2fe7e1475bdc48846d5b 
Number of updated asset objects reloaded before import = 0Number of asset objects unloaded after import = 1

========================================================================
Received Import Request.
  Time since last request: 0.000021 seconds.
  path: Assets/Standard Assets/Environment/SpeedTree/Conifer/ConiferBark_Normal.tga
  importAddress: Guid(2b46b029d8dc37049aebb484e79998ff) Importer(2089858483,b0f066a214c2f5e87bad3c948f4d605d)
Start importing Assets/Standard Assets/Environment/SpeedTree/Conifer/ConiferBark_Normal.tga using Guid(2b46b029d8dc37049aebb484e79998ff) Importer(2089858483,b0f066a214c2f5e87bad3c948f4d605d) (ScriptedImporter) -> (Import Result ID: 'a62cb19bae557aeec09a153e52b04bad') in 0.0108943 seconds [static and dynamic dependencies]. Details - ImportResultOutputID=8634ead87c7e61f803110abb2e6b8bca DependenciesID=dddd2ee7161de6d3219a162c5b22a5a3 StaticDependenciesID=b1585c19c0914e7d91bb4589773a31b2 
Number of updated asset objects reloaded before import = 0Number of asset objects unloaded after import = 1

========================================================================
Received Import Request.
  Time since last request: 0.000020 seconds.
  path: Assets/Standard Assets/Environment/TerrainAssets/SurfaceTextures/MudRockyAlbedoSpecular.bmp
  importAddress: Guid(ef5c51cfa2ce46043a41a376b560c525) Importer(2089858483,b0f066a214c2f5e87bad3c948f4d605d)
Start importing Assets/Standard Assets/Environment/TerrainAssets/SurfaceTextures/MudRockyAlbedoSpecular.bmp using Guid(ef5c51cfa2ce46043a41a376b560c525) Importer(2089858483,b0f066a214c2f5e87bad3c948f4d605d) (ScriptedImporter) -> (Import Result ID: '73417aaaba8cd3a04da1836a6aae8210') in 0.0129892 seconds [static and dynamic dependencies]. Details - ImportResultOutputID=4f5d17ece728eef6f5ccb1be055ad20c DependenciesID=a29be6f47171d9062e4c8c769be70a1f StaticDependenciesID=720bee7956153f1c307e945322759053 
Number of updated asset objects reloaded before import = 0Number of asset objects unloaded after import = 1

========================================================================
Received Import Request.
  Time since last request: 0.000016 seconds.
  path: Assets/Standard Assets/Vehicles/Aircraft/Scripts/AeroplaneControlSurfaceAnimator.cs
  importAddress: Guid(1ee34fdb2d383a84e9ef60c30fc2778e) Importer(2089858483,b0f066a214c2f5e87bad3c948f4d605d)
Start importing Assets/Standard Assets/Vehicles/Aircraft/Scripts/AeroplaneControlSurfaceAnimator.cs using Guid(1ee34fdb2d383a84e9ef60c30fc2778e) Importer(2089858483,b0f066a214c2f5e87bad3c948f4d605d) (ScriptedImporter) -> (Import Result ID: 'd9bec0a1b72b7dd5e007e217ccca6803') in 0.009107 seconds [static and dynamic dependencies]. Details - ImportResultOutputID=5a700cdcb20d68e798eb119f5e0638ec DependenciesID=d7d23562bd1417941b27bcb6cc114bd4 StaticDependenciesID=3483e757fa5ea92c13cc3690bfc14ef4 
Number of updated asset objects reloaded before import = 0Number of asset objects unloaded after import = 0

========================================================================
Received Import Request.
  Time since last request: 0.000086 seconds.
  path: Assets/Standard Assets/Environment/Water (Basic)/Materials/WaterBasicDaytime.mat
  importAddress: Guid(52b7d70b1de7c4ce09662b77c14d9fda) Importer(2089858483,b0f066a214c2f5e87bad3c948f4d605d)
Start importing Assets/Standard Assets/Environment/Water (Basic)/Materials/WaterBasicDaytime.mat using Guid(52b7d70b1de7c4ce09662b77c14d9fda) Importer(2089858483,b0f066a214c2f5e87bad3c948f4d605d) (ScriptedImporter) -> (Import Result ID: 'e03db90f11ad7b20093895a8344f4d92') in 0.0136394 seconds [static and dynamic dependencies]. Details - ImportResultOutputID=2a2d1193efe30dfa1973a8dc72532d81 DependenciesID=a88114d484c597d846aea0469d97a034 StaticDependenciesID=2f52d5ef8f34ff6047e04e956e8cbcf8 
Number of updated asset objects reloaded before import = 0Number of asset objects unloaded after import = 3

========================================================================
Received Import Request.
  Time since last request: 0.000066 seconds.
  path: Assets/Standard Assets/Effects/ToonShading/Textures/UtilToonGradient.png
  importAddress: Guid(4a056241e2722dc46a7262a8e7073fd9) Importer(2089858483,b0f066a214c2f5e87bad3c948f4d605d)
Start importing Assets/Standard Assets/Effects/ToonShading/Textures/UtilToonGradient.png using Guid(4a056241e2722dc46a7262a8e7073fd9) Importer(2089858483,b0f066a214c2f5e87bad3c948f4d605d) (ScriptedImporter) -> (Import Result ID: '366b5c2175b2906b4a75738e1eb09932') in 0.0130857 seconds [static and dynamic dependencies]. Details - ImportResultOutputID=275da045403a4422104d1f0377617269 DependenciesID=1a7c7a23e8bd4661c44cdc8a7e560352 StaticDependenciesID=9cf45f1ddff9050e774077ac24d8f538 
Number of updated asset objects reloaded before import = 0Number of asset objects unloaded after import = 1

========================================================================
Received Import Request.
  Time since last request: 0.000032 seconds.
  path: Assets/Standard Assets/Environment/Water (Basic)/Shaders/FXWaterBasic.shader
  importAddress: Guid(9dccc8e8f0da4494991c26ef59019551) Importer(2089858483,b0f066a214c2f5e87bad3c948f4d605d)
Start importing Assets/Standard Assets/Environment/Water (Basic)/Shaders/FXWaterBasic.shader using Guid(9dccc8e8f0da4494991c26ef59019551) Importer(2089858483,b0f066a214c2f5e87bad3c948f4d605d) (ScriptedImporter) -> (Import Result ID: '5a0ec1d949558a08efea5dcc5b04ad89') in 0.0076561 seconds [static and dynamic dependencies]. Details - ImportResultOutputID=670b734bde4386c37f6244b471a28bc3 DependenciesID=75e9c0ec9ec74aec2ef27856e2880cb9 StaticDependenciesID=06d67d7ac7f2472bd5687ad469682d26 
Number of updated asset objects reloaded before import = 0Number of asset objects unloaded after import = 1

========================================================================
Received Import Request.
  Time since last request: 0.000042 seconds.
  path: Assets/Standard Assets/Environment/SpeedTree/Conifer/Conifer_Desktop_Atlas_Billboards.tga
  importAddress: Guid(612b65e0cd1576e4bbba0516d756a99d) Importer(2089858483,b0f066a214c2f5e87bad3c948f4d605d)
Start importing Assets/Standard Assets/Environment/SpeedTree/Conifer/Conifer_Desktop_Atlas_Billboards.tga using Guid(612b65e0cd1576e4bbba0516d756a99d) Importer(2089858483,b0f066a214c2f5e87bad3c948f4d605d) (ScriptedImporter) -> (Import Result ID: '107fe34179fbf26c4fcd2f1ffdd3c95f') in 0.0118411 seconds [static and dynamic dependencies]. Details - ImportResultOutputID=6320a56698b1f554e983fe8ea342f226 DependenciesID=060146f0848deb0ced18221abeedf046 StaticDependenciesID=4e8a5f0212ce6bf1a41c8a6e95c155f7 
Number of updated asset objects reloaded before import = 0Number of asset objects unloaded after import = 1

========================================================================
Received Import Request.
  Time since last request: 0.000019 seconds.
  path: Assets/Standard Assets/Prototyping/Prefabs/CubePrototype04x04x04.prefab
  importAddress: Guid(5d2e4237b4429b34fae4c9eb3cd9efd5) Importer(2089858483,b0f066a214c2f5e87bad3c948f4d605d)
Start importing Assets/Standard Assets/Prototyping/Prefabs/CubePrototype04x04x04.prefab using Guid(5d2e4237b4429b34fae4c9eb3cd9efd5) Importer(2089858483,b0f066a214c2f5e87bad3c948f4d605d) (ScriptedImporter) -> (Import Result ID: 'afb5917affeea05c1911467cb0b1d628') in 0.0118665 seconds [static and dynamic dependencies]. Details - ImportResultOutputID=392772187771df6ab060e008b43908e7 DependenciesID=764c39a70d42da6909ed2eeefab1aaab StaticDependenciesID=28e4e33f620c043d9c72c08b6b9313f3 
Number of updated asset objects reloaded before import = 0Number of asset objects unloaded after import = 9

========================================================================
Received Import Request.
  Time since last request: 0.000017 seconds.
  path: Assets/Standard Assets/ParticleSystems/Textures/ParticleBokeh.png
  importAddress: Guid(732e2eebfe574ca47ba46cc3a67965fd) Importer(2089858483,b0f066a214c2f5e87bad3c948f4d605d)
Start importing Assets/Standard Assets/ParticleSystems/Textures/ParticleBokeh.png using Guid(732e2eebfe574ca47ba46cc3a67965fd) Importer(2089858483,b0f066a214c2f5e87bad3c948f4d605d) (ScriptedImporter) -> (Import Result ID: '9bc3df35859aa81755a054aa88d92585') in 0.010486 seconds [static and dynamic dependencies]. Details - ImportResultOutputID=99fe7ff6c35f708ae3e4819e817ffa01 DependenciesID=63b1b3fcdfc68d1c8429c578e89d824b StaticDependenciesID=a7e9b6417d8d216c750e63e449016974 
Number of updated asset objects reloaded before import = 0Number of asset objects unloaded after import = 1

========================================================================
Received Import Request.
  Time since last request: 0.000018 seconds.
  path: Assets/Standard Assets/ParticleSystems/Scripts/ExtinguishableParticleSystem.cs
  importAddress: Guid(13e3e45088e68834999c82ca6f025949) Importer(2089858483,b0f066a214c2f5e87bad3c948f4d605d)
Start importing Assets/Standard Assets/ParticleSystems/Scripts/ExtinguishableParticleSystem.cs using Guid(13e3e45088e68834999c82ca6f025949) Importer(2089858483,b0f066a214c2f5e87bad3c948f4d605d) (ScriptedImporter) -> (Import Result ID: '01e9453640ad5a906228f8f01df7eb7f') in 0.007491 seconds [static and dynamic dependencies]. Details - ImportResultOutputID=d59825efef8659f646613d42478f66ba DependenciesID=91f22debfb5a7bb4f963645969f6558c StaticDependenciesID=820036c4679a231be708c99bcff1fb11 
Number of updated asset objects reloaded before import = 0Number of asset objects unloaded after import = 0

========================================================================
Received Import Request.
  Time since last request: 0.000067 seconds.
  path: Assets/Standard Assets/Prototyping/Models/PillarPrototype01x02x01.fbx
  importAddress: Guid(25712b9d3dd0eb4439390fb8fea8043e) Importer(2089858483,b0f066a214c2f5e87bad3c948f4d605d)
Start importing Assets/Standard Assets/Prototyping/Models/PillarPrototype01x02x01.fbx using Guid(25712b9d3dd0eb4439390fb8fea8043e) Importer(2089858483,b0f066a214c2f5e87bad3c948f4d605d) (ScriptedImporter) -> (Import Result ID: '3524169e3c65aa404b596d50f3eae69e') in 0.0133022 seconds [static and dynamic dependencies]. Details - ImportResultOutputID=991de4182f432bac772b94851f28b918 DependenciesID=990c76a333b67b038f2e1ac36dc6cb01 StaticDependenciesID=284f761d65f7d2b5e73819a6edc21b4c 
Number of updated asset objects reloaded before import = 0Number of asset objects unloaded after import = 8

========================================================================
Received Import Request.
  Time since last request: 0.000016 seconds.
  path: Assets/Standard Assets/Vehicles/Aircraft/Scripts/AeroplaneUserControl4Axis.cs
  importAddress: Guid(b821cfe117414d14ea5ad71c5b3c503f) Importer(2089858483,b0f066a214c2f5e87bad3c948f4d605d)
Start importing Assets/Standard Assets/Vehicles/Aircraft/Scripts/AeroplaneUserControl4Axis.cs using Guid(b821cfe117414d14ea5ad71c5b3c503f) Importer(2089858483,b0f066a214c2f5e87bad3c948f4d605d) (ScriptedImporter) -> (Import Result ID: '1fd536558e183bcf249b663d63e29e15') in 0.0078997 seconds [static and dynamic dependencies]. Details - ImportResultOutputID=12d0019bd64229bd69a40dd341e6039a DependenciesID=5460831ee87c8dfc6c9c237152758bad StaticDependenciesID=b9fdd4f9b977ae2682bca513b2e9a28e 
Number of updated asset objects reloaded before import = 0Number of asset objects unloaded after import = 0

========================================================================
Received Import Request.
  Time since last request: 0.000032 seconds.
  path: Assets/Standard Assets/Prototyping/Textures/SwatchPinkDAlbedo.png
  importAddress: Guid(580615edf5e29d245af58fc5fe2b06ac) Importer(2089858483,b0f066a214c2f5e87bad3c948f4d605d)
Start importing Assets/Standard Assets/Prototyping/Textures/SwatchPinkDAlbedo.png using Guid(580615edf5e29d245af58fc5fe2b06ac) Importer(2089858483,b0f066a214c2f5e87bad3c948f4d605d) (ScriptedImporter) -> (Import Result ID: '9501d6854710affbccd4f5e694e7c276') in 0.0111858 seconds [static and dynamic dependencies]. Details - ImportResultOutputID=bc5b2c06906eba395ff4788208075e17 DependenciesID=b407184b32ee3db9f1568659d4b469be StaticDependenciesID=fd1a8b414f6156e994f670c85a93f0d9 
Number of updated asset objects reloaded before import = 0Number of asset objects unloaded after import = 1

========================================================================
Received Import Request.
  Time since last request: 0.000047 seconds.
  path: Assets/Standard Assets/Environment/SpeedTree/Broadleaf/Broadleaf_Mobile_Atlas_Normal.tga
  importAddress: Guid(be053ea3235ccb64a889bf0b15c2764b) Importer(2089858483,b0f066a214c2f5e87bad3c948f4d605d)
Start importing Assets/Standard Assets/Environment/SpeedTree/Broadleaf/Broadleaf_Mobile_Atlas_Normal.tga using Guid(be053ea3235ccb64a889bf0b15c2764b) Importer(2089858483,b0f066a214c2f5e87bad3c948f4d605d) (ScriptedImporter) -> (Import Result ID: 'de20f244fc1b6f31f75ff79acddeefa2') in 0.0117425 seconds [static and dynamic dependencies]. Details - ImportResultOutputID=c02717ea5caff72924789fd8a6a2de28 DependenciesID=fd67fbbdce1f05a9367b583c0528bc6d StaticDependenciesID=ce39c23afd7b91cbc8c7906b91253be2 
Number of updated asset objects reloaded before import = 0Number of asset objects unloaded after import = 1

========================================================================
Received Import Request.
  Time since last request: 0.000016 seconds.
  path: Assets/Standard Assets/Vehicles/Car/Scripts/BrakeLight.cs
  importAddress: Guid(fffafd711dc1dbc478a49705cfe1ce3d) Importer(2089858483,b0f066a214c2f5e87bad3c948f4d605d)
Start importing Assets/Standard Assets/Vehicles/Car/Scripts/BrakeLight.cs using Guid(fffafd711dc1dbc478a49705cfe1ce3d) Importer(2089858483,b0f066a214c2f5e87bad3c948f4d605d) (ScriptedImporter) -> (Import Result ID: '543dbb92626d98c3f8d251a83196f81e') in 0.0087766 seconds [static and dynamic dependencies]. Details - ImportResultOutputID=883aefe5b1e0d31882dad8bec61ee73f DependenciesID=8e0e74dc1a3a62468aefd14eab55eb16 StaticDependenciesID=cbaa62ceac9c734b0d4432914cf5b5e7 
Number of updated asset objects reloaded before import = 0Number of asset objects unloaded after import = 0

========================================================================
Received Import Request.
  Time since last request: 0.000034 seconds.
  path: Assets/Standard Assets/Environment/Water/Water/Textures/WaterProDaytimeGradient.psd
  importAddress: Guid(ab97f9ab7c2ce724ebc9446060a819a4) Importer(2089858483,b0f066a214c2f5e87bad3c948f4d605d)
Start importing Assets/Standard Assets/Environment/Water/Water/Textures/WaterProDaytimeGradient.psd using Guid(ab97f9ab7c2ce724ebc9446060a819a4) Importer(2089858483,b0f066a214c2f5e87bad3c948f4d605d) (ScriptedImporter) -> (Import Result ID: 'e3fbf2fe7d5333ae0d08a948d86f8506') in 0.0132725 seconds [static and dynamic dependencies]. Details - ImportResultOutputID=c56c54717071f978376518dcc48325c4 DependenciesID=9b93f1beaa0ee9cef4e4b9d401b64710 StaticDependenciesID=cf7eec7b894219eedb303942457b5ac2 
Number of updated asset objects reloaded before import = 0Number of asset objects unloaded after import = 1

========================================================================
Received Import Request.
  Time since last request: 0.000040 seconds.
  path: Assets/Standard Assets/Vehicles/Car/Prefabs/SkidTrail.prefab
  importAddress: Guid(4b6aa99de5d21424eab6ae279f31475b) Importer(2089858483,b0f066a214c2f5e87bad3c948f4d605d)
Start importing Assets/Standard Assets/Vehicles/Car/Prefabs/SkidTrail.prefab using Guid(4b6aa99de5d21424eab6ae279f31475b) Importer(2089858483,b0f066a214c2f5e87bad3c948f4d605d) (ScriptedImporter) -> (Import Result ID: 'ea339e3426a7e81b81c172dd0c61724c') in 0.0149957 seconds [static and dynamic dependencies]. Details - ImportResultOutputID=f6004fa570085ad56a55cdc2dd61867a DependenciesID=8b9e4b31582a28036a50fddd6815d137 StaticDependenciesID=805e5acc4c76f2972d0c8e88d0171d02 
Number of updated asset objects reloaded before import = 0Number of asset objects unloaded after import = 6

========================================================================
Received Import Request.
  Time since last request: 0.000018 seconds.
  path: Assets/Standard Assets/Environment/SpeedTree/Conifer/Conifer_Desktop Materials/LOD0/Branches_0.mat
  importAddress: Guid(d4880c932a8e12b48a3039233e9634a0) Importer(2089858483,b0f066a214c2f5e87bad3c948f4d605d)
Start importing Assets/Standard Assets/Environment/SpeedTree/Conifer/Conifer_Desktop Materials/LOD0/Branches_0.mat using Guid(d4880c932a8e12b48a3039233e9634a0) Importer(2089858483,b0f066a214c2f5e87bad3c948f4d605d) (ScriptedImporter) -> (Import Result ID: '93181bbe1e044083a6da25f3f3cb17cf') in 0.0767302 seconds [static and dynamic dependencies]. Details - ImportResultOutputID=e50a4d278bbc8892466d331b9e12f466 DependenciesID=78370240c4dffc1c8eb3c6d1a5bda531 StaticDependenciesID=9af287db2dd50b4decaf5d637d9eed26 
Number of updated asset objects reloaded before import = 0Number of asset objects unloaded after import = 3

========================================================================
Received Import Request.
  Time since last request: 0.000024 seconds.
  path: Assets/Standard Assets/Vehicles/Car/Materials/ParticleSmokeWhite.mat
  importAddress: Guid(c617e7cbee0d2344a9b5e53116c43a2c) Importer(2089858483,b0f066a214c2f5e87bad3c948f4d605d)
Start importing Assets/Standard Assets/Vehicles/Car/Materials/ParticleSmokeWhite.mat using Guid(c617e7cbee0d2344a9b5e53116c43a2c) Importer(2089858483,b0f066a214c2f5e87bad3c948f4d605d) (ScriptedImporter) -> (Import Result ID: 'e6fe95a59f98b0f6f230139d59df4c8f') in 0.0103087 seconds [static and dynamic dependencies]. Details - ImportResultOutputID=72d88484eb4f71dfb024ca3ad09a76ba DependenciesID=f9cd075dcac510b681ef6821d2fe32d9 StaticDependenciesID=60c521ac05feb74db2a02e0de9830822 
Number of updated asset objects reloaded before import = 0Number of asset objects unloaded after import = 2

========================================================================
Received Import Request.
  Time since last request: 0.000025 seconds.
  path: Assets/Standard Assets/Vehicles/Car/Scripts/Mudguard.cs
  importAddress: Guid(459cec5b068041e44a60a6e3b6abb0eb) Importer(2089858483,b0f066a214c2f5e87bad3c948f4d605d)
Start importing Assets/Standard Assets/Vehicles/Car/Scripts/Mudguard.cs using Guid(459cec5b068041e44a60a6e3b6abb0eb) Importer(2089858483,b0f066a214c2f5e87bad3c948f4d605d) (ScriptedImporter) -> (Import Result ID: '4afa74ca90a948898561d5e27633c6e7') in 0.0076617 seconds [static and dynamic dependencies]. Details - ImportResultOutputID=426ef62688062aecee65334041c6300c DependenciesID=f946321be2669b3e068b8339f24e7ff2 StaticDependenciesID=eecc013198dbcefa672f3c03bd8eb97c 
Number of updated asset objects reloaded before import = 0Number of asset objects unloaded after import = 0

========================================================================
Received Import Request.
  Time since last request: 0.000090 seconds.
  path: Assets/Standard Assets/Environment/SpeedTree/Broadleaf/Broadleaf_Desktop Materials/LOD1/Branches_1.mat
  importAddress: Guid(97ad51f0a4aed0a4289f5462ce6dc18f) Importer(2089858483,b0f066a214c2f5e87bad3c948f4d605d)
Start importing Assets/Standard Assets/Environment/SpeedTree/Broadleaf/Broadleaf_Desktop Materials/LOD1/Branches_1.mat using Guid(97ad51f0a4aed0a4289f5462ce6dc18f) Importer(2089858483,b0f066a214c2f5e87bad3c948f4d605d) (ScriptedImporter) -> (Import Result ID: '45fc761b2844271ce5d56c320f0d479e') in 0.0745955 seconds [static and dynamic dependencies]. Details - ImportResultOutputID=53c010cf2bc0b3277c819db54ce96d82 DependenciesID=2edd37cd7e7e0e57d9c24608768778a2 StaticDependenciesID=72aadcb90e5a0d7e4722a6fda2ae1bfa 
Number of updated asset objects reloaded before import = 0Number of asset objects unloaded after import = 3

========================================================================
Received Import Request.
  Time since last request: 0.000021 seconds.
  path: Assets/Standard Assets/Environment/Water/Water/Materials/WaterProNighttime.mat
  importAddress: Guid(e633a20421c47426aa04444234225b69) Importer(2089858483,b0f066a214c2f5e87bad3c948f4d605d)
Start importing Assets/Standard Assets/Environment/Water/Water/Materials/WaterProNighttime.mat using Guid(e633a20421c47426aa04444234225b69) Importer(2089858483,b0f066a214c2f5e87bad3c948f4d605d) (ScriptedImporter) -> (Import Result ID: '3c317ab9fd876e4f740c8b0bdffcc930') in 0.0109895 seconds [static and dynamic dependencies]. Details - ImportResultOutputID=64f967d639e56d06a953d19ff87773a7 DependenciesID=8bd9932e2ac02893a15888da5bc4da51 StaticDependenciesID=02190e2362595d8f0bfe048fd9748903 
Number of updated asset objects reloaded before import = 0Number of asset objects unloaded after import = 4

========================================================================
Received Import Request.
  Time since last request: 0.000022 seconds.
  path: Assets/Standard Assets/Environment/Water/Water/Prefabs/WaterProNighttime.prefab
  importAddress: Guid(bcae914220acd4907840a029bb9d9aec) Importer(2089858483,b0f066a214c2f5e87bad3c948f4d605d)
Start importing Assets/Standard Assets/Environment/Water/Water/Prefabs/WaterProNighttime.prefab using Guid(bcae914220acd4907840a029bb9d9aec) Importer(2089858483,b0f066a214c2f5e87bad3c948f4d605d) (ScriptedImporter) -> (Import Result ID: 'bedfacb9335556202233d9b629d63b06') in 0.0136244 seconds [static and dynamic dependencies]. Details - ImportResultOutputID=ae012723840a497ed7fda9cdce8c1883 DependenciesID=168e33dccd7748f2cbee42ee307982c6 StaticDependenciesID=29a821a102c3f8253040a45c0332bca3 
Number of updated asset objects reloaded before import = 0Number of asset objects unloaded after import = 9

========================================================================
Received Import Request.
  Time since last request: 0.000017 seconds.
  path: Assets/Standard Assets/Environment/Water/Water/Scripts/WaterBase.cs
  importAddress: Guid(a1da353243062479a9b31c85074a796b) Importer(2089858483,b0f066a214c2f5e87bad3c948f4d605d)
Start importing Assets/Standard Assets/Environment/Water/Water/Scripts/WaterBase.cs using Guid(a1da353243062479a9b31c85074a796b) Importer(2089858483,b0f066a214c2f5e87bad3c948f4d605d) (ScriptedImporter) -> (Import Result ID: '2ecf8a3b0ef886563fbd002b7a6a25aa') in 0.009339 seconds [static and dynamic dependencies]. Details - ImportResultOutputID=4b5fc7d7e8d36773809568f877842fb4 DependenciesID=60263cdff9032db158ea71a83c063762 StaticDependenciesID=d9d236ba1b2905ff64b841316ad1b841 
Number of updated asset objects reloaded before import = 0Number of asset objects unloaded after import = 0

========================================================================
Received Import Request.
  Time since last request: 0.000018 seconds.
  path: Assets/Standard Assets/Environment/SpeedTree/Palm/Palm_Desktop Materials/LOD1/Branches_0.mat
  importAddress: Guid(46160e8fc1456bc4d9fb3de64ba88c31) Importer(2089858483,b0f066a214c2f5e87bad3c948f4d605d)
Start importing Assets/Standard Assets/Environment/SpeedTree/Palm/Palm_Desktop Materials/LOD1/Branches_0.mat using Guid(46160e8fc1456bc4d9fb3de64ba88c31) Importer(2089858483,b0f066a214c2f5e87bad3c948f4d605d) (ScriptedImporter) -> (Import Result ID: '6411b17c1576a57ee8173336ae9605ab') in 0.0118925 seconds [static and dynamic dependencies]. Details - ImportResultOutputID=2540ef5582a7f2495adc6f863151f914 DependenciesID=a97f88e9ee606867576968ccefa7abb9 StaticDependenciesID=bcc463412422742e44c89ac918ec90a7 
Number of updated asset objects reloaded before import = 0Number of asset objects unloaded after import = 4

========================================================================
Received Import Request.
  Time since last request: 0.000021 seconds.
  path: Assets/Standard Assets/Vehicles/Car/Textures/SkidTrailAlbedo.png
  importAddress: Guid(06e5c4401455b1d43a6255b4b8776102) Importer(2089858483,b0f066a214c2f5e87bad3c948f4d605d)
Start importing Assets/Standard Assets/Vehicles/Car/Textures/SkidTrailAlbedo.png using Guid(06e5c4401455b1d43a6255b4b8776102) Importer(2089858483,b0f066a214c2f5e87bad3c948f4d605d) (ScriptedImporter) -> (Import Result ID: 'a50ee8e81d2c3a67c2dd744f8daddbcc') in 0.0101096 seconds [static and dynamic dependencies]. Details - ImportResultOutputID=56d490324e257fc32ddf2907384fb820 DependenciesID=6fc7b48c994263697b2b895dfcabdd9c StaticDependenciesID=3e5cb2bdc31993dfee06f5be05646483 
Number of updated asset objects reloaded before import = 0Number of asset objects unloaded after import = 1

========================================================================
Received Import Request.
  Time since last request: 0.000019 seconds.
  path: Assets/Standard Assets/Environment/SpeedTree/Palm/Palm_Desktop Materials/LOD1/Fronds_2.mat
  importAddress: Guid(654a2c1b911b36647b211a44a46e6d09) Importer(2089858483,b0f066a214c2f5e87bad3c948f4d605d)
Start importing Assets/Standard Assets/Environment/SpeedTree/Palm/Palm_Desktop Materials/LOD1/Fronds_2.mat using Guid(654a2c1b911b36647b211a44a46e6d09) Importer(2089858483,b0f066a214c2f5e87bad3c948f4d605d) (ScriptedImporter) -> (Import Result ID: '09e3765221ab4e6eba5e1ce68c8a1d9b') in 0.0781345 seconds [static and dynamic dependencies]. Details - ImportResultOutputID=48d543fd840517fa197b977a473f12ec DependenciesID=8105677295b9b2b0d706f6ff1da96df0 StaticDependenciesID=6f8318e371518d04916963382d60367c 
Number of updated asset objects reloaded before import = 0Number of asset objects unloaded after import = 3

========================================================================
Received Import Request.
  Time since last request: 0.000020 seconds.
  path: Assets/Standard Assets/Environment/Water/Water4/Materials/Water4Advanced.mat
  importAddress: Guid(a5f2339f242f6cc41a982ec55ea3c201) Importer(2089858483,b0f066a214c2f5e87bad3c948f4d605d)
Start importing Assets/Standard Assets/Environment/Water/Water4/Materials/Water4Advanced.mat using Guid(a5f2339f242f6cc41a982ec55ea3c201) Importer(2089858483,b0f066a214c2f5e87bad3c948f4d605d) (ScriptedImporter) -> (Import Result ID: '38735951d04f36e95048ce61683780c4') in 0.0105742 seconds [static and dynamic dependencies]. Details - ImportResultOutputID=b2e218c74fe9adea0350b615388eaecd DependenciesID=4c89b60e20f7334fc54893c120f8fb62 StaticDependenciesID=2f9a99c9d82fabca24a89b14e88bb1fe 
Number of updated asset objects reloaded before import = 0Number of asset objects unloaded after import = 3

========================================================================
Received Import Request.
  Time since last request: 0.000029 seconds.
  path: Assets/Standard Assets/Vehicles/Car/Audio/DecelerationLow.wav
  importAddress: Guid(5699dddcce16c4543b95951c4ce0e092) Importer(2089858483,b0f066a214c2f5e87bad3c948f4d605d)
Start importing Assets/Standard Assets/Vehicles/Car/Audio/DecelerationLow.wav using Guid(5699dddcce16c4543b95951c4ce0e092) Importer(2089858483,b0f066a214c2f5e87bad3c948f4d605d) (ScriptedImporter) -> (Import Result ID: '7c8a23388dff3be5b618a44cdc58668e') in 0.0108179 seconds [static and dynamic dependencies]. Details - ImportResultOutputID=5b1dc341c63033d613efbfc70dd309b8 DependenciesID=213e7960bcf27f0c303393309371f5fa StaticDependenciesID=2910e474d969cb83a394f97e441b8268 
Number of updated asset objects reloaded before import = 0Number of asset objects unloaded after import = 1

========================================================================
Received Import Request.
  Time since last request: 0.000017 seconds.
  path: Assets/Standard Assets/Environment/SpeedTree/Conifer/Conifer_Desktop Materials/LOD0/Branches_1.mat
  importAddress: Guid(fdb77c3917027234db7a7792019eda2e) Importer(2089858483,b0f066a214c2f5e87bad3c948f4d605d)
Start importing Assets/Standard Assets/Environment/SpeedTree/Conifer/Conifer_Desktop Materials/LOD0/Branches_1.mat using Guid(fdb77c3917027234db7a7792019eda2e) Importer(2089858483,b0f066a214c2f5e87bad3c948f4d605d) (ScriptedImporter) -> (Import Result ID: '59bfc6c73e8021fdbbba724dbea15995') in 0.0114142 seconds [static and dynamic dependencies]. Details - ImportResultOutputID=de7ef1ada452e7ddfb3cfc0f2d968979 DependenciesID=429728fd85db0c4d28029c7694b44378 StaticDependenciesID=b3a1d02f5ae34cbdb264e88f5c63b191 
Number of updated asset objects reloaded before import = 0Number of asset objects unloaded after import = 3

========================================================================
Received Import Request.
  Time since last request: 0.000018 seconds.
  path: Assets/Standard Assets/Environment/SpeedTree/Conifer/Conifer_Desktop Materials/LOD1/Branches_0.mat
  importAddress: Guid(54ee8e39b634b6d45aae528b6b24e879) Importer(2089858483,b0f066a214c2f5e87bad3c948f4d605d)
Start importing Assets/Standard Assets/Environment/SpeedTree/Conifer/Conifer_Desktop Materials/LOD1/Branches_0.mat using Guid(54ee8e39b634b6d45aae528b6b24e879) Importer(2089858483,b0f066a214c2f5e87bad3c948f4d605d) (ScriptedImporter) -> (Import Result ID: '6960ebe2482ed6a66db4a2252878aa78') in 0.0102173 seconds [static and dynamic dependencies]. Details - ImportResultOutputID=84f7d7a8384ce6d314a9f06cf4c9f7de DependenciesID=bf49826415aa18008f6075c2f3fd8687 StaticDependenciesID=bceca1c5aebf0efa4e496784ef68541b 
Number of updated asset objects reloaded before import = 0Number of asset objects unloaded after import = 3

========================================================================
Received Import Request.
  Time since last request: 0.000018 seconds.
  path: Assets/Standard Assets/Vehicles/Car/Scripts/WheelEffects.cs
  importAddress: Guid(c62479c3465024b48b42983b1b2eeaaf) Importer(2089858483,b0f066a214c2f5e87bad3c948f4d605d)
Start importing Assets/Standard Assets/Vehicles/Car/Scripts/WheelEffects.cs using Guid(c62479c3465024b48b42983b1b2eeaaf) Importer(2089858483,b0f066a214c2f5e87bad3c948f4d605d) (ScriptedImporter) -> (Import Result ID: '89f6822e748bacbe2b4a9468653bd6d1') in 0.0081305 seconds [static and dynamic dependencies]. Details - ImportResultOutputID=f43c05159b10c8db2b437e593318bd05 DependenciesID=e5f0cbe7670afa34bc60a9473515a186 StaticDependenciesID=d02760004a87466500b4a8f1f9bad990 
Number of updated asset objects reloaded before import = 0Number of asset objects unloaded after import = 0

========================================================================
Received Import Request.
  Time since last request: 0.000054 seconds.
  path: Assets/Standard Assets/Environment/Water/Water/Scripts/SpecularLighting.cs
  importAddress: Guid(de2ab2b9ac93bb544b9552e49030371b) Importer(2089858483,b0f066a214c2f5e87bad3c948f4d605d)
Start importing Assets/Standard Assets/Environment/Water/Water/Scripts/SpecularLighting.cs using Guid(de2ab2b9ac93bb544b9552e49030371b) Importer(2089858483,b0f066a214c2f5e87bad3c948f4d605d) (ScriptedImporter) -> (Import Result ID: '7dfec421ac7a695827b470d4815c6078') in 0.0081314 seconds [static and dynamic dependencies]. Details - ImportResultOutputID=b349ab523f60f0b97162a84d8083559f DependenciesID=ac7478ddcc61e9ba4d853fd0ecbe10f9 StaticDependenciesID=0db981afa674e64126cd1ed209e47989 
Number of updated asset objects reloaded before import = 0Number of asset objects unloaded after import = 0

========================================================================
Received Import Request.
  Time since last request: 0.000051 seconds.
  path: Assets/Standard Assets/Environment/Water/Water/Scripts/PlanarReflection.cs
  importAddress: Guid(4185bc77c7194462ca3b1097ef4a5de0) Importer(2089858483,b0f066a214c2f5e87bad3c948f4d605d)
Start importing Assets/Standard Assets/Environment/Water/Water/Scripts/PlanarReflection.cs using Guid(4185bc77c7194462ca3b1097ef4a5de0) Importer(2089858483,b0f066a214c2f5e87bad3c948f4d605d) (ScriptedImporter) -> (Import Result ID: '0e008b4f972e8119a32c263529fe16fd') in 0.0145283 seconds [static and dynamic dependencies]. Details - ImportResultOutputID=a60159d5ed3967096c47361945b5da40 DependenciesID=ec62d6fc1ae1d2c7e2687cb35158de39 StaticDependenciesID=82b6bd495d632292256f7b7fa22cad2f 
Number of updated asset objects reloaded before import = 0Number of asset objects unloaded after import = 0

========================================================================
Received Import Request.
  Time since last request: 0.000073 seconds.
  path: Assets/Standard Assets/Vehicles/Car/Textures/SkyCarWheelNormals.png
  importAddress: Guid(af58420b18450884782f4761c8f71952) Importer(2089858483,b0f066a214c2f5e87bad3c948f4d605d)
Start importing Assets/Standard Assets/Vehicles/Car/Textures/SkyCarWheelNormals.png using Guid(af58420b18450884782f4761c8f71952) Importer(2089858483,b0f066a214c2f5e87bad3c948f4d605d) (ScriptedImporter) -> (Import Result ID: 'c89f09333662f4fdb01a4c448837374c') in 0.0127278 seconds [static and dynamic dependencies]. Details - ImportResultOutputID=4ba140e4c9ea944f49866335c783f23c DependenciesID=6b1624774a082004f04759c6acf764bb StaticDependenciesID=687d9a6e77c55d43fa9507387999839a 
Number of updated asset objects reloaded before import = 0Number of asset objects unloaded after import = 1

========================================================================
Received Import Request.
  Time since last request: 0.000064 seconds.
  path: Assets/Standard Assets/Environment/SpeedTree/Palm/Palm_Desktop Materials/LOD0/Leaves_3.mat
  importAddress: Guid(a6b21b8c372827345a11bae2fb736e36) Importer(2089858483,b0f066a214c2f5e87bad3c948f4d605d)
Start importing Assets/Standard Assets/Environment/SpeedTree/Palm/Palm_Desktop Materials/LOD0/Leaves_3.mat using Guid(a6b21b8c372827345a11bae2fb736e36) Importer(2089858483,b0f066a214c2f5e87bad3c948f4d605d) (ScriptedImporter) -> (Import Result ID: '84d7da35cdef43cba3666fdf4f8df850') in 0.112093 seconds [static and dynamic dependencies]. Details - ImportResultOutputID=f4ca5268939ed583816c20d500bfdc52 DependenciesID=62b9b65ac49628ce9dab23f5089581f2 StaticDependenciesID=3af4b279d69a77977c37fde40c257564 
Number of updated asset objects reloaded before import = 0Number of asset objects unloaded after import = 3

========================================================================
Received Import Request.
  Time since last request: 0.000045 seconds.
  path: Assets/Standard Assets/Environment/SpeedTree/Conifer/Conifer_Desktop Materials/LOD1/Fronds_2.mat
  importAddress: Guid(e183610e060210e44ac38d34e83c54d1) Importer(2089858483,b0f066a214c2f5e87bad3c948f4d605d)
Start importing Assets/Standard Assets/Environment/SpeedTree/Conifer/Conifer_Desktop Materials/LOD1/Fronds_2.mat using Guid(e183610e060210e44ac38d34e83c54d1) Importer(2089858483,b0f066a214c2f5e87bad3c948f4d605d) (ScriptedImporter) -> (Import Result ID: '656371cb6b140d36779e98b0bf2399ea') in 0.0112065 seconds [static and dynamic dependencies]. Details - ImportResultOutputID=ad264f974482466232120278f86a2d46 DependenciesID=b0186d6a45227b53d233aa3fd2d84b4d StaticDependenciesID=1517f11e09cbabc740358da680bd27d3 
Number of updated asset objects reloaded before import = 0Number of asset objects unloaded after import = 3

========================================================================
Received Import Request.
  Time since last request: 0.000019 seconds.
  path: Assets/Standard Assets/Environment/SpeedTree/Broadleaf/Broadleaf_Desktop Materials/LOD0/Branches_1.mat
  importAddress: Guid(e621ee108fde15148a5e4b4ab67667b9) Importer(2089858483,b0f066a214c2f5e87bad3c948f4d605d)
Start importing Assets/Standard Assets/Environment/SpeedTree/Broadleaf/Broadleaf_Desktop Materials/LOD0/Branches_1.mat using Guid(e621ee108fde15148a5e4b4ab67667b9) Importer(2089858483,b0f066a214c2f5e87bad3c948f4d605d) (ScriptedImporter) -> (Import Result ID: '0ad1e0ff9940a10e39748821b853335a') in 0.0111839 seconds [static and dynamic dependencies]. Details - ImportResultOutputID=9573448e00e3fa6ff244f131f172ceb4 DependenciesID=2e8026fdb5fba1c2c8db54abf1c3b561 StaticDependenciesID=34d215f99e0aaaad6658b57400efcd0b 
Number of updated asset objects reloaded before import = 0Number of asset objects unloaded after import = 3

========================================================================
Received Import Request.
  Time since last request: 0.000031 seconds.
  path: Assets/Standard Assets/Environment/Water/Water4/Textures/SimpleFoam.png
  importAddress: Guid(36dd0b22da8874ed38075789055ca664) Importer(2089858483,b0f066a214c2f5e87bad3c948f4d605d)
Start importing Assets/Standard Assets/Environment/Water/Water4/Textures/SimpleFoam.png using Guid(36dd0b22da8874ed38075789055ca664) Importer(2089858483,b0f066a214c2f5e87bad3c948f4d605d) (ScriptedImporter) -> (Import Result ID: 'bb9fd79c7cb6cb5d0762d43624237561') in 0.0109281 seconds [static and dynamic dependencies]. Details - ImportResultOutputID=93fa5dd6307ab6cb4c8d62aa388ed344 DependenciesID=d67293ed212ccb2d5f445f0b81ef1907 StaticDependenciesID=f71c62222140ae22eaf4c6b18cd045a8 
Number of updated asset objects reloaded before import = 0Number of asset objects unloaded after import = 1

========================================================================
Received Import Request.
  Time since last request: 0.000053 seconds.
  path: Assets/Standard Assets/Environment/SpeedTree/Broadleaf/Broadleaf_Desktop Materials/LOD0/FacingLeaves_4.mat
  importAddress: Guid(d5b20def9c5c05748a01627738b94531) Importer(2089858483,b0f066a214c2f5e87bad3c948f4d605d)
Start importing Assets/Standard Assets/Environment/SpeedTree/Broadleaf/Broadleaf_Desktop Materials/LOD0/FacingLeaves_4.mat using Guid(d5b20def9c5c05748a01627738b94531) Importer(2089858483,b0f066a214c2f5e87bad3c948f4d605d) (ScriptedImporter) -> (Import Result ID: '5df94ffbca2f97a2e397d81e58438cf6') in 0.0102522 seconds [static and dynamic dependencies]. Details - ImportResultOutputID=baca7917717d975ff0e52222eeb74393 DependenciesID=0c11a8ad21cd0a0b6072f7e7e6085f00 StaticDependenciesID=c53fbedb2fe864e8eed04a77d3ed1da6 
Number of updated asset objects reloaded before import = 0Number of asset objects unloaded after import = 3

========================================================================
Received Import Request.
  Time since last request: 0.000016 seconds.
  path: Assets/Standard Assets/Vehicles/Aircraft/Textures/AircraftWingsPropellerNormals.png
  importAddress: Guid(5b834380674bf7e48ade2f253138543f) Importer(2089858483,b0f066a214c2f5e87bad3c948f4d605d)
Start importing Assets/Standard Assets/Vehicles/Aircraft/Textures/AircraftWingsPropellerNormals.png using Guid(5b834380674bf7e48ade2f253138543f) Importer(2089858483,b0f066a214c2f5e87bad3c948f4d605d) (ScriptedImporter) -> (Import Result ID: 'cde347bd47bba5e0ddd8251d6ffefffb') in 0.0263269 seconds [static and dynamic dependencies]. Details - ImportResultOutputID=81f6cc5822a443d859e41c2536c6b449 DependenciesID=e2c1bc78efa3b50cd11436c79a2345d9 StaticDependenciesID=b5bf0c1c64aec1930f0749e2ce163b7b 
Number of updated asset objects reloaded before import = 0Number of asset objects unloaded after import = 1

========================================================================
Received Import Request.
  Time since last request: 0.000020 seconds.
  path: Assets/Standard Assets/Environment/SpeedTree/Broadleaf/Broadleaf_Desktop Materials/LOD1/Leaves_3.mat
  importAddress: Guid(21b01056ea59b814f9ae15d8e6bb3aac) Importer(2089858483,b0f066a214c2f5e87bad3c948f4d605d)
Start importing Assets/Standard Assets/Environment/SpeedTree/Broadleaf/Broadleaf_Desktop Materials/LOD1/Leaves_3.mat using Guid(21b01056ea59b814f9ae15d8e6bb3aac) Importer(2089858483,b0f066a214c2f5e87bad3c948f4d605d) (ScriptedImporter) -> (Import Result ID: 'dcb2f41d2d8f54b7adee01c2dc0e98ce') in 0.0113203 seconds [static and dynamic dependencies]. Details - ImportResultOutputID=d2957ae5062e56be268c102251b6070a DependenciesID=a4e068febf1f6a830504e96a5d02084a StaticDependenciesID=43536872341519abd57d7f461dec5218 
Number of updated asset objects reloaded before import = 0Number of asset objects unloaded after import = 3

========================================================================
Received Import Request.
  Time since last request: 0.000015 seconds.
  path: Assets/Standard Assets/Vehicles/Car/Materials/SkyCarLightCoversGrey.mat
  importAddress: Guid(bf5faaa3a8e23de45bf1350be2893dd7) Importer(2089858483,b0f066a214c2f5e87bad3c948f4d605d)
Start importing Assets/Standard Assets/Vehicles/Car/Materials/SkyCarLightCoversGrey.mat using Guid(bf5faaa3a8e23de45bf1350be2893dd7) Importer(2089858483,b0f066a214c2f5e87bad3c948f4d605d) (ScriptedImporter) -> (Import Result ID: 'd49e0baf9531692f50406442b25b3afa') in 0.0316339 seconds [static and dynamic dependencies]. Details - ImportResultOutputID=c5740d4b19a9ec286716989754773ea6 DependenciesID=2cdddfb00c360a3825aabd7d4aef8706 StaticDependenciesID=8e9f705ff0b8cbb1f17b9f95b2187d19 
Number of updated asset objects reloaded before import = 0Number of asset objects unloaded after import = 2

========================================================================
Received Import Request.
  Time since last request: 0.000018 seconds.
  path: Assets/Standard Assets/Environment/SpeedTree/Broadleaf/Broadleaf_Desktop Materials/LOD2/FacingLeaves_4.mat
  importAddress: Guid(d5222114580affc49a2af92470232e23) Importer(2089858483,b0f066a214c2f5e87bad3c948f4d605d)
Start importing Assets/Standard Assets/Environment/SpeedTree/Broadleaf/Broadleaf_Desktop Materials/LOD2/FacingLeaves_4.mat using Guid(d5222114580affc49a2af92470232e23) Importer(2089858483,b0f066a214c2f5e87bad3c948f4d605d) (ScriptedImporter) -> (Import Result ID: 'acecfea0fd3088898269c86530186a78') in 0.0115676 seconds [static and dynamic dependencies]. Details - ImportResultOutputID=278a1ca6a9c5e06fa9e857c465dad025 DependenciesID=e627c2ed7da46a3e7398ab9aec8046bc StaticDependenciesID=d1a16b663339fd32345bd37d0f027f4c 
Number of updated asset objects reloaded before import = 0Number of asset objects unloaded after import = 3

========================================================================
Received Import Request.
  Time since last request: 0.000018 seconds.
  path: Assets/Standard Assets/Environment/SpeedTree/Broadleaf/Broadleaf_Desktop Materials/LOD2/Fronds_2.mat
  importAddress: Guid(ee0b78d572fcec249860ad38970b7888) Importer(2089858483,b0f066a214c2f5e87bad3c948f4d605d)
Start importing Assets/Standard Assets/Environment/SpeedTree/Broadleaf/Broadleaf_Desktop Materials/LOD2/Fronds_2.mat using Guid(ee0b78d572fcec249860ad38970b7888) Importer(2089858483,b0f066a214c2f5e87bad3c948f4d605d) (ScriptedImporter) -> (Import Result ID: 'ccccfe925fdf9720a3f6450c8b418ed8') in 0.0104915 seconds [static and dynamic dependencies]. Details - ImportResultOutputID=1a19d67979a910463f028eb33d62e7c5 DependenciesID=8e532cd348ef4813e563cb948e83a1da StaticDependenciesID=050c57891485a6e6635121474aac50a6 
Number of updated asset objects reloaded before import = 0Number of asset objects unloaded after import = 3

========================================================================
Received Import Request.
  Time since last request: 0.000018 seconds.
  path: Assets/Standard Assets/Vehicles/Car/Materials/SkyCarWheelGrey.mat
  importAddress: Guid(965a4c3cf8f0acb408f15384c947b3fd) Importer(2089858483,b0f066a214c2f5e87bad3c948f4d605d)
Start importing Assets/Standard Assets/Vehicles/Car/Materials/SkyCarWheelGrey.mat using Guid(965a4c3cf8f0acb408f15384c947b3fd) Importer(2089858483,b0f066a214c2f5e87bad3c948f4d605d) (ScriptedImporter) -> (Import Result ID: 'b64d65f2c8074f6e6392afc132b49bc2') in 0.0103077 seconds [static and dynamic dependencies]. Details - ImportResultOutputID=fe808e1a6fcbab4a779b1edb01316e54 DependenciesID=e6b488c042cefd4437f3ed5f77def5ee StaticDependenciesID=37617029a2d1257e66eb8f6611c53463 
Number of updated asset objects reloaded before import = 0Number of asset objects unloaded after import = 3

========================================================================
Received Import Request.
  Time since last request: 0.000016 seconds.
  path: Assets/Standard Assets/ParticleSystems/Scripts/ExplosionPhysicsForce.cs
  importAddress: Guid(0ac1691131a8c844dafe8b6ace6a172a) Importer(2089858483,b0f066a214c2f5e87bad3c948f4d605d)
Start importing Assets/Standard Assets/ParticleSystems/Scripts/ExplosionPhysicsForce.cs using Guid(0ac1691131a8c844dafe8b6ace6a172a) Importer(2089858483,b0f066a214c2f5e87bad3c948f4d605d) (ScriptedImporter) -> (Import Result ID: '5d0b46316d41626fafa4a9f3a70ffa7a') in 0.007437 seconds [static and dynamic dependencies]. Details - ImportResultOutputID=8cbe2eddda3de4f97fa6d0d99b524f52 DependenciesID=83adf488a00993ad2d0da33985fc1a00 StaticDependenciesID=147d41a408d54f287d160e9495b86b19 
Number of updated asset objects reloaded before import = 0Number of asset objects unloaded after import = 0

========================================================================
Received Import Request.
  Time since last request: 0.000053 seconds.
  path: Assets/Standard Assets/Vehicles/Aircraft/Animation/JetGearRaised.anim
  importAddress: Guid(a2e9f48c8b29203419330d5a38c545e5) Importer(2089858483,b0f066a214c2f5e87bad3c948f4d605d)
Start importing Assets/Standard Assets/Vehicles/Aircraft/Animation/JetGearRaised.anim using Guid(a2e9f48c8b29203419330d5a38c545e5) Importer(2089858483,b0f066a214c2f5e87bad3c948f4d605d) (ScriptedImporter) -> (Import Result ID: 'f8294805f7c4a379d592e0cc0d069596') in 0.0103513 seconds [static and dynamic dependencies]. Details - ImportResultOutputID=6641d5965e99a3b6d4c9522faaf4387d DependenciesID=119dab314751c677c692ca54df294e42 StaticDependenciesID=8c125f80485a6946501f6e77d3841a99 
Number of updated asset objects reloaded before import = 0Number of asset objects unloaded after import = 1

========================================================================
Received Import Request.
  Time since last request: 0.000036 seconds.
  path: Assets/Standard Assets/Environment/SpeedTree/Broadleaf/Broadleaf_Desktop Materials/LOD2/Leaves_3.mat
  importAddress: Guid(355b3169750599e4f957a9d54675c3fa) Importer(2089858483,b0f066a214c2f5e87bad3c948f4d605d)
Start importing Assets/Standard Assets/Environment/SpeedTree/Broadleaf/Broadleaf_Desktop Materials/LOD2/Leaves_3.mat using Guid(355b3169750599e4f957a9d54675c3fa) Importer(2089858483,b0f066a214c2f5e87bad3c948f4d605d) (ScriptedImporter) -> (Import Result ID: '195da1e25002e26ff364083f96b28913') in 0.0122618 seconds [static and dynamic dependencies]. Details - ImportResultOutputID=b7f48f23697caead603c29e7d488dcb6 DependenciesID=836278b8f75e5be8a58abb9c6efbb064 StaticDependenciesID=a8d94746476b89a0e7662dc0306afab9 
Number of updated asset objects reloaded before import = 0Number of asset objects unloaded after import = 3

========================================================================
Received Import Request.
  Time since last request: 0.000016 seconds.
  path: Assets/Standard Assets/Prototyping/Prefabs/FloorPrototype04x01x04.prefab
  importAddress: Guid(4620f3c93dca8c94c9124d8ba443f43e) Importer(2089858483,b0f066a214c2f5e87bad3c948f4d605d)
Start importing Assets/Standard Assets/Prototyping/Prefabs/FloorPrototype04x01x04.prefab using Guid(4620f3c93dca8c94c9124d8ba443f43e) Importer(2089858483,b0f066a214c2f5e87bad3c948f4d605d) (ScriptedImporter) -> (Import Result ID: '687aa4b2ed87a1a176ed40db76f819da') in 0.0112472 seconds [static and dynamic dependencies]. Details - ImportResultOutputID=a78bfb32f59a744810ce2340dc196fe4 DependenciesID=2cfd4417cc02f6cccd509efd5ad93101 StaticDependenciesID=92814e8868ad8c88dc031a2c0d01522b 
Number of updated asset objects reloaded before import = 0Number of asset objects unloaded after import = 9

========================================================================
Received Import Request.
  Time since last request: 0.000016 seconds.
  path: Assets/Standard Assets/Cameras/Prefabs/CctvCamera.prefab
  importAddress: Guid(851d11542d51c464e89acf6875599172) Importer(2089858483,b0f066a214c2f5e87bad3c948f4d605d)
Start importing Assets/Standard Assets/Cameras/Prefabs/CctvCamera.prefab using Guid(851d11542d51c464e89acf6875599172) Importer(2089858483,b0f066a214c2f5e87bad3c948f4d605d) (ScriptedImporter) -> (Import Result ID: 'f8d35785f32d72191e802719834d7fa7') in 0.0108221 seconds [static and dynamic dependencies]. Details - ImportResultOutputID=81f1be2e7b48e852ce5f2fff91da8a7c DependenciesID=3641c5546577e1c5c9ef2a870afd5bd9 StaticDependenciesID=0c4da2ed700952a7572d95e4469a969f 
Number of updated asset objects reloaded before import = 0Number of asset objects unloaded after import = 9

========================================================================
Received Import Request.
  Time since last request: 0.000017 seconds.
  path: Assets/Standard Assets/Effects/ToonShading/Shaders/ToonLit.shader
  importAddress: Guid(48dca5b99d113b8d11006bab44295342) Importer(2089858483,b0f066a214c2f5e87bad3c948f4d605d)
Start importing Assets/Standard Assets/Effects/ToonShading/Shaders/ToonLit.shader using Guid(48dca5b99d113b8d11006bab44295342) Importer(2089858483,b0f066a214c2f5e87bad3c948f4d605d) (ScriptedImporter) -> (Import Result ID: 'b0b0b1a6fea9c82964502ae643d69bf2') in 0.0095968 seconds [static and dynamic dependencies]. Details - ImportResultOutputID=09e65cd7e4224b5f1c7484ac49d57b9a DependenciesID=dbcc0ba2b5501d8eacd7e7ef74fd8428 StaticDependenciesID=ba69b928d58c5dde4ecedc57d7c41856 
Number of updated asset objects reloaded before import = 0Number of asset objects unloaded after import = 1

========================================================================
Received Import Request.
  Time since last request: 0.000021 seconds.
  path: Assets/Standard Assets/2D/Prefabs/ExtentsRight.prefab
  importAddress: Guid(b241b59d6a89aff4fbf0bce77e644761) Importer(2089858483,b0f066a214c2f5e87bad3c948f4d605d)
Start importing Assets/Standard Assets/2D/Prefabs/ExtentsRight.prefab using Guid(b241b59d6a89aff4fbf0bce77e644761) Importer(2089858483,b0f066a214c2f5e87bad3c948f4d605d) (ScriptedImporter) -> (Import Result ID: '68fdcb81022e2ed859cb4694545472c6') in 0.0088053 seconds [static and dynamic dependencies]. Details - ImportResultOutputID=1d39a51e1c6822d037fde3807036c193 DependenciesID=f80f0b6e5dca081a6b93dea8d5768f02 StaticDependenciesID=e658d181dda5b766b841a758d1de4845 
Number of updated asset objects reloaded before import = 0Number of asset objects unloaded after import = 39

========================================================================
Received Import Request.
  Time since last request: 0.000077 seconds.
  path: Assets/TextMesh Pro/Resources/Shaders/TMP_Bitmap-Mobile.shader
  importAddress: Guid(1e3b057af24249748ff873be7fafee47) Importer(2089858483,b0f066a214c2f5e87bad3c948f4d605d)
Start importing Assets/TextMesh Pro/Resources/Shaders/TMP_Bitmap-Mobile.shader using Guid(1e3b057af24249748ff873be7fafee47) Importer(2089858483,b0f066a214c2f5e87bad3c948f4d605d) (ScriptedImporter) -> (Import Result ID: 'e8b3b8158c9293fb5c2712364c1809f9') in 0.0098736 seconds [static and dynamic dependencies]. Details - ImportResultOutputID=22a06bfd7215d29b9078571a314e0acd DependenciesID=fcac2a76c10ce976c1e4fba7a4158818 StaticDependenciesID=38d73cfbfceebd579512da7c754ed612 
Number of updated asset objects reloaded before import = 0Number of asset objects unloaded after import = 1

========================================================================
Received Import Request.
  Time since last request: 0.000024 seconds.
  path: Assets/Standard Assets/Prototyping/Models/FloorPrototype04x01x04.fbx
  importAddress: Guid(080bc076ed19adb4091adca05de83d66) Importer(2089858483,b0f066a214c2f5e87bad3c948f4d605d)
Start importing Assets/Standard Assets/Prototyping/Models/FloorPrototype04x01x04.fbx using Guid(080bc076ed19adb4091adca05de83d66) Importer(2089858483,b0f066a214c2f5e87bad3c948f4d605d) (ScriptedImporter) -> (Import Result ID: '4ce256042bc81f75165ef860a6fdf3fb') in 0.0137367 seconds [static and dynamic dependencies]. Details - ImportResultOutputID=f3921acc21bdf7bc657f56e94cfdb9df DependenciesID=86696efe3db7797c323bdab6c8619fb4 StaticDependenciesID=011a1d53092fc3e80283902619cb56d5 
Number of updated asset objects reloaded before import = 0Number of asset objects unloaded after import = 8

========================================================================
Received Import Request.
  Time since last request: 0.000019 seconds.
  path: Assets/Standard Assets/Vehicles/Aircraft/Animation/PropGearLower.anim
  importAddress: Guid(b0d860451fde0ed4f8eb280e77fd230c) Importer(2089858483,b0f066a214c2f5e87bad3c948f4d605d)
Start importing Assets/Standard Assets/Vehicles/Aircraft/Animation/PropGearLower.anim using Guid(b0d860451fde0ed4f8eb280e77fd230c) Importer(2089858483,b0f066a214c2f5e87bad3c948f4d605d) (ScriptedImporter) -> (Import Result ID: 'db919b1df849d62605f2b04fcdfac465') in 0.013026 seconds [static and dynamic dependencies]. Details - ImportResultOutputID=31191d0f9d0124cc10686434822bb3f4 DependenciesID=fbc92cbfa98a5fee741ebef07d633c8a StaticDependenciesID=77d3288ecdcb598b61bc674c59bcfcab 
Number of updated asset objects reloaded before import = 0Number of asset objects unloaded after import = 1

========================================================================
Received Import Request.
  Time since last request: 0.000019 seconds.
  path: Assets/Sprites/Power_Ups/Triple_Shot/Powerup3_0008_00014.png
  importAddress: Guid(fadf90cfbc0b3524ab83eda8a359c35a) Importer(2089858483,b0f066a214c2f5e87bad3c948f4d605d)
Start importing Assets/Sprites/Power_Ups/Triple_Shot/Powerup3_0008_00014.png using Guid(fadf90cfbc0b3524ab83eda8a359c35a) Importer(2089858483,b0f066a214c2f5e87bad3c948f4d605d) (ScriptedImporter) -> (Import Result ID: '1330183da8cb254095e485eea6d34022') in 0.0124762 seconds [static and dynamic dependencies]. Details - ImportResultOutputID=20873dc9755c2deeafcbc5e7f6d23646 DependenciesID=3f48763ca4b7ebfd80d47009669720e9 StaticDependenciesID=bb57bcefe874d2a629fc33173d5e2674 
Number of updated asset objects reloaded before import = 0Number of asset objects unloaded after import = 3

========================================================================
Received Import Request.
  Time since last request: 0.000022 seconds.
  path: Assets/Standard Assets/2D/Animations/RobotBoyJump10.anim
  importAddress: Guid(87defe4543f47ef41b345453900fe949) Importer(2089858483,b0f066a214c2f5e87bad3c948f4d605d)
Start importing Assets/Standard Assets/2D/Animations/RobotBoyJump10.anim using Guid(87defe4543f47ef41b345453900fe949) Importer(2089858483,b0f066a214c2f5e87bad3c948f4d605d) (ScriptedImporter) -> (Import Result ID: 'a861a0119b04304fbe3781d8c1599fa0') in 0.0087785 seconds [static and dynamic dependencies]. Details - ImportResultOutputID=196d8f597713db4beddad3e5cf233d53 DependenciesID=0c371774a4061dfcc0be9e8cdb3b2009 StaticDependenciesID=8de7755bdd48fd29e87b22a9f0ebeecd 
Number of updated asset objects reloaded before import = 0Number of asset objects unloaded after import = 1

========================================================================
Received Import Request.
  Time since last request: 0.000034 seconds.
  path: Assets/Standard Assets/ParticleSystems/Scripts/FireLight.cs
  importAddress: Guid(723274b822865ed4d9ed2a504c0ca79d) Importer(2089858483,b0f066a214c2f5e87bad3c948f4d605d)
Start importing Assets/Standard Assets/ParticleSystems/Scripts/FireLight.cs using Guid(723274b822865ed4d9ed2a504c0ca79d) Importer(2089858483,b0f066a214c2f5e87bad3c948f4d605d) (ScriptedImporter) -> (Import Result ID: 'ea1341176b6a685964932f68ff8194f2') in 0.0088912 seconds [static and dynamic dependencies]. Details - ImportResultOutputID=9f5c89d4a7a13ff9cc2305819dac9fd2 DependenciesID=6ecb6ad22686afbef499d3cc75fa36d6 StaticDependenciesID=98dd319469eda1a2e7c07fbc6e9ed2ed 
Number of updated asset objects reloaded before import = 0Number of asset objects unloaded after import = 0

========================================================================
Received Import Request.
  Time since last request: 0.000048 seconds.
  path: Assets/TextMesh Pro/Resources/Shaders/TMP_SDF Overlay.shader
  importAddress: Guid(dd89cf5b9246416f84610a006f916af7) Importer(2089858483,b0f066a214c2f5e87bad3c948f4d605d)
Start importing Assets/TextMesh Pro/Resources/Shaders/TMP_SDF Overlay.shader using Guid(dd89cf5b9246416f84610a006f916af7) Importer(2089858483,b0f066a214c2f5e87bad3c948f4d605d) (ScriptedImporter) -> (Import Result ID: '7f9ec9b2b8dc6d0831396e5cccaf8c2f') in 0.0089467 seconds [static and dynamic dependencies]. Details - ImportResultOutputID=b0538a78567b7adf8b479b5b3bd59390 DependenciesID=bc51dcd8d4f8d8afad0d44ae3ae6638c StaticDependenciesID=e67212a969b7f72ec1fe6e0765078545 
Number of updated asset objects reloaded before import = 0Number of asset objects unloaded after import = 1

========================================================================
Received Import Request.
  Time since last request: 0.000029 seconds.
  path: Assets/Standard Assets/Vehicles/Aircraft/AircraftGuidelines.txt
  importAddress: Guid(46230db5e15a8284fa5de6427da7fdff) Importer(2089858483,b0f066a214c2f5e87bad3c948f4d605d)
Start importing Assets/Standard Assets/Vehicles/Aircraft/AircraftGuidelines.txt using Guid(46230db5e15a8284fa5de6427da7fdff) Importer(2089858483,b0f066a214c2f5e87bad3c948f4d605d) (ScriptedImporter) -> (Import Result ID: '9233afe6af979a72976e1f80fb84bb7b') in 0.0092557 seconds [static and dynamic dependencies]. Details - ImportResultOutputID=daef577844dc26e7b4f007f68f570ea9 DependenciesID=1cc4128a0a75630569051b6f582eb9a9 StaticDependenciesID=2fd214a3880d4bac3d6f4d8be369e03d 
Number of updated asset objects reloaded before import = 0Number of asset objects unloaded after import = 1

========================================================================
Received Import Request.
  Time since last request: 0.000030 seconds.
  path: Assets/Standard Assets/Effects/ToonShading/Materials/ToonBasic.mat
  importAddress: Guid(84b9e1d19d11078d11005b9844295342) Importer(2089858483,b0f066a214c2f5e87bad3c948f4d605d)
Start importing Assets/Standard Assets/Effects/ToonShading/Materials/ToonBasic.mat using Guid(84b9e1d19d11078d11005b9844295342) Importer(2089858483,b0f066a214c2f5e87bad3c948f4d605d) (ScriptedImporter) -> (Import Result ID: 'e93689f392bc84d2aeca7176ca36dae9') in 0.0095343 seconds [static and dynamic dependencies]. Details - ImportResultOutputID=834b74d1275a8a19e6f413d824998beb DependenciesID=f9b1bc4cd5efcc194221ba37107c2f59 StaticDependenciesID=da3f739dd710c1eec93b07cfcaf5d0e0 
Number of updated asset objects reloaded before import = 0Number of asset objects unloaded after import = 2

========================================================================
Received Import Request.
  Time since last request: 0.000016 seconds.
  path: Assets/Standard Assets/Characters/ThirdPersonCharacter/Animation/HumanoidCrouch.fbx
  importAddress: Guid(d89ea37480b6d75458aa38843e9688dc) Importer(2089858483,b0f066a214c2f5e87bad3c948f4d605d)
Start importing Assets/Standard Assets/Characters/ThirdPersonCharacter/Animation/HumanoidCrouch.fbx using Guid(d89ea37480b6d75458aa38843e9688dc) Importer(2089858483,b0f066a214c2f5e87bad3c948f4d605d) (ScriptedImporter) -> (Import Result ID: 'e0f63d4ebe57c806cadd3c2789004a8c') in 0.0204483 seconds [static and dynamic dependencies]. Details - ImportResultOutputID=dcf3356e9702a63bdc2f8e2a6f4a7473 DependenciesID=c83073349d0d091ae8c58a45ec7517b3 StaticDependenciesID=0c79f819ac57da4ecd2254948a9f2ae7 
Number of updated asset objects reloaded before import = 0Number of asset objects unloaded after import = 163

========================================================================
Received Import Request.
  Time since last request: 0.000019 seconds.
  path: Assets/Standard Assets/Characters/FirstPersonCharacter/Prefabs/FPSController.prefab
  importAddress: Guid(5e9e851c0e142814dac026a256ba2ac0) Importer(2089858483,b0f066a214c2f5e87bad3c948f4d605d)
Start importing Assets/Standard Assets/Characters/FirstPersonCharacter/Prefabs/FPSController.prefab using Guid(5e9e851c0e142814dac026a256ba2ac0) Importer(2089858483,b0f066a214c2f5e87bad3c948f4d605d) (ScriptedImporter) -> (Import Result ID: '8251e18d113977c07cb52e9297f7ff14') in 0.0163311 seconds [static and dynamic dependencies]. Details - ImportResultOutputID=d6ddc5f694544ce4828ce630b7157e75 DependenciesID=0b5c605b1a7a59fbe5c1a804979e9dfe StaticDependenciesID=c0da8d6265a1e145bcad5c6e7b013024 
Number of updated asset objects reloaded before import = 0Number of asset objects unloaded after import = 17

========================================================================
Received Import Request.
  Time since last request: 0.000019 seconds.
  path: Assets/Standard Assets/Environment/SpeedTree/Broadleaf/Broadleaves_Desktop_Spec.tga
  importAddress: Guid(30586af2d47849140b2d533bb6f75eaa) Importer(2089858483,b0f066a214c2f5e87bad3c948f4d605d)
Start importing Assets/Standard Assets/Environment/SpeedTree/Broadleaf/Broadleaves_Desktop_Spec.tga using Guid(30586af2d47849140b2d533bb6f75eaa) Importer(2089858483,b0f066a214c2f5e87bad3c948f4d605d) (ScriptedImporter) -> (Import Result ID: '451184c8a08efc578618c20ac0722ed4') in 0.0117682 seconds [static and dynamic dependencies]. Details - ImportResultOutputID=b1193d735f0f1dd7a5757621637f1683 DependenciesID=b2f7605726b87695200d207fb50d99a4 StaticDependenciesID=0fb6f6500ebb6885ce4f610fd14bd300 
Number of updated asset objects reloaded before import = 0Number of asset objects unloaded after import = 1

========================================================================
Received Import Request.
  Time since last request: 0.000030 seconds.
  path: Assets/TextMesh Pro/Sprites/EmojiOne.json
  importAddress: Guid(8f05276190cf498a8153f6cbe761d4e6) Importer(2089858483,b0f066a214c2f5e87bad3c948f4d605d)
Start importing Assets/TextMesh Pro/Sprites/EmojiOne.json using Guid(8f05276190cf498a8153f6cbe761d4e6) Importer(2089858483,b0f066a214c2f5e87bad3c948f4d605d) (ScriptedImporter) -> (Import Result ID: '90ab2eaec15530a928cf9c5c9903bf8e') in 0.0076719 seconds [static and dynamic dependencies]. Details - ImportResultOutputID=69ed90e5e1a60c00cce630a24dececd6 DependenciesID=f8de1c1cca7a3064cb2f6594c0a4857d StaticDependenciesID=1f147e9d775d7e1ddaea36a8cef5f9a1 
Number of updated asset objects reloaded before import = 0Number of asset objects unloaded after import = 1

========================================================================
Received Import Request.
  Time since last request: 0.000064 seconds.
  path: Assets/Standard Assets/Characters/RollerBall/Materials/RollerBallWhite.mat
  importAddress: Guid(4b5dce0492bdfb648a389fe390071625) Importer(2089858483,b0f066a214c2f5e87bad3c948f4d605d)
Start importing Assets/Standard Assets/Characters/RollerBall/Materials/RollerBallWhite.mat using Guid(4b5dce0492bdfb648a389fe390071625) Importer(2089858483,b0f066a214c2f5e87bad3c948f4d605d) (ScriptedImporter) -> (Import Result ID: '99b5f390fa1bf01d0695d4c07fcb9fed') in 0.0101828 seconds [static and dynamic dependencies]. Details - ImportResultOutputID=b73d254802ab7f948fe70689b42b33e3 DependenciesID=a24ba21198611a425901ded0ba4d5ab1 StaticDependenciesID=67691ee15152f8164d91ce7fbbb583c1 
Number of updated asset objects reloaded before import = 0Number of asset objects unloaded after import = 1

========================================================================
Received Import Request.
  Time since last request: 0.000017 seconds.
  path: Assets/Standard Assets/Characters/RollerBall/Models/RollerBall.fbx
  importAddress: Guid(d05d496cb4f43c14e80630addd23652e) Importer(2089858483,b0f066a214c2f5e87bad3c948f4d605d)
Start importing Assets/Standard Assets/Characters/RollerBall/Models/RollerBall.fbx using Guid(d05d496cb4f43c14e80630addd23652e) Importer(2089858483,b0f066a214c2f5e87bad3c948f4d605d) (ScriptedImporter) -> (Import Result ID: 'a4675eb66e8768492c2a273e0512d4a5') in 0.0126661 seconds [static and dynamic dependencies]. Details - ImportResultOutputID=e23f0e56e39a3138de5cdbae9487e052 DependenciesID=53c0c82260ef13954324b2ef73baa787 StaticDependenciesID=86a4da37e665ce075e29f84138d31f79 
Number of updated asset objects reloaded before import = 0Number of asset objects unloaded after import = 8

========================================================================
Received Import Request.
  Time since last request: 0.000016 seconds.
  path: Assets/Standard Assets/Prototyping/Textures/SwatchTealAlbedo.png
  importAddress: Guid(590546bcbd472d94e874f6e0c76cc266) Importer(2089858483,b0f066a214c2f5e87bad3c948f4d605d)
Start importing Assets/Standard Assets/Prototyping/Textures/SwatchTealAlbedo.png using Guid(590546bcbd472d94e874f6e0c76cc266) Importer(2089858483,b0f066a214c2f5e87bad3c948f4d605d) (ScriptedImporter) -> (Import Result ID: 'f888cdd9358a74d0c6a3c0cf7351f6f6') in 0.0101936 seconds [static and dynamic dependencies]. Details - ImportResultOutputID=1f18585fc6db3d28795ce751774eaf47 DependenciesID=442c3c09a98fb6acedec974003f01526 StaticDependenciesID=c2f80aa4b7df1079249ef8bed23d79c9 
Number of updated asset objects reloaded before import = 0Number of asset objects unloaded after import = 1

========================================================================
Received Prepare
Begin MonoManager ReloadAssembly
ADTM: Control thread waiting for realtime thread timed out, have to lock...
Assembly Assembly-CSharp-Editor.dll at Library/ScriptAssemblies/Assembly-CSharp-Editor.dll not valid. Loading of assembly skipped.
Assembly DocCodeExamples.dll at Library/ScriptAssemblies/DocCodeExamples.dll not valid. Loading of assembly skipped.
Assembly TestNewCustomAssembly.dll at Library/ScriptAssemblies/TestNewCustomAssembly.dll not valid. Loading of assembly skipped.
Assembly Unity.Multiplayer.Center.Editor.Tests.dll at Library/ScriptAssemblies/Unity.Multiplayer.Center.Editor.Tests.dll not valid. Loading of assembly skipped.
Assembly Unity.Multiplayer.Center.Tests.dll at Library/ScriptAssemblies/Unity.Multiplayer.Center.Tests.dll not valid. Loading of assembly skipped.
Assembly Unity.Postprocessing.Editor.Tests.dll at Library/ScriptAssemblies/Unity.Postprocessing.Editor.Tests.dll not valid. Loading of assembly skipped.
Assembly Unity.Postprocessing.Runtime.Tests.dll at Library/ScriptAssemblies/Unity.Postprocessing.Runtime.Tests.dll not valid. Loading of assembly skipped.
Assembly Unity.TextMeshPro.Editor.Tests.dll at Library/ScriptAssemblies/Unity.TextMeshPro.Editor.Tests.dll not valid. Loading of assembly skipped.
Assembly Unity.TextMeshPro.Tests.dll at Library/ScriptAssemblies/Unity.TextMeshPro.Tests.dll not valid. Loading of assembly skipped.
Assembly UnityEditor.UI.Common.Tests.dll at Library/ScriptAssemblies/UnityEditor.UI.Common.Tests.dll not valid. Loading of assembly skipped.
Assembly UnityEditor.UI.EditorTests.dll at Library/ScriptAssemblies/UnityEditor.UI.EditorTests.dll not valid. Loading of assembly skipped.
Assembly UnityEngine.UI.Tests.dll at Library/ScriptAssemblies/UnityEngine.UI.Tests.dll not valid. Loading of assembly skipped.
Native extension for WindowsStandalone target not found
[Package Manager] Failed to launch server process. Reason: Unity was launched with the -noUpm command-line argument
[Package Manager] Unable to send message (not connected to server process).
[Package Manager] Cannot connect to Unity Package Manager local server
[Package Manager] Failed to launch server process. Reason: Unity was launched with the -noUpm command-line argument
[Package Manager] Unable to send message (not connected to server process).
[Package Manager] Cannot connect to Unity Package Manager local server
ScheduleIndexationOnStartup MainProcess:False IndexOnStartup:True
Mono: successfully reloaded assembly
- Finished resetting the current domain, in  0.469 seconds
Domain Reload Profiling: 1999ms
	BeginReloadAssembly (1195ms)
		DisableScriptedObjects (5ms)
		CreateAndSetChildDomain (1050ms)
	RebuildCommonClasses (38ms)
	RebuildNativeTypeToScriptingClass (14ms)
	initialDomainReloadingComplete (53ms)
	LoadAllAssembliesAndSetupDomain (231ms)
		LoadAssemblies (241ms)
		AnalyzeDomain (90ms)
			TypeCache.Refresh (6ms)
			BuildScriptInfoCaches (77ms)
			ResolveRequiredComponents (4ms)
	FinalizeReload (469ms)
		SetupLoadedEditorAssemblies (0ms)
			BeforeProcessingInitializeOnLoad (91ms)
			ProcessInitializeOnLoadAttributes (204ms)
			ProcessInitializeOnLoadMethodAttributes (41ms)
			AfterProcessingInitializeOnLoad (6ms)
		AwakeInstancesAfterBackupRestoration (6ms)
WARNING: Shader Unsupported: 'Toon/Lit Outline' - All subshaders removed
WARNING: Shader Did you use #pragma only_renderers and omit this platform?
WARNING: Shader If subshaders removal was intentional, you may have forgotten turning Fallback off?
WARNING: Shader Unsupported: 'Toon/Basic Outline' - All subshaders removed
WARNING: Shader Did you use #pragma only_renderers and omit this platform?
WARNING: Shader If subshaders removal was intentional, you may have forgotten turning Fallback off?
Unloading 17 Unused Serialized files (Serialized files now loaded: 0)
Unloading 2277 unused Assets / (3.3 MB). Loaded Objects now: 2919.
Memory consumption went from 104.0 MB to 100.7 MB.
Total: 5.809800 ms (FindLiveObjects: 0.260100 ms CreateObjectMapping: 0.118100 ms MarkObjects: 4.171200 ms  DeleteObjects: 1.260000 ms)

Prepare: number of updated asset objects reloaded= 11
