[Licensing::Module] Trying to connect to existing licensing client channel...
Built from '6000.4/staging' branch; Version is '6000.4.2f1 (7a4c1aeef971) revision 8014874'; Using compiler version '194234433'; Build Type 'Release'
[Licensing::IpcConnector] Successfully connected to: "LicenseClient-Computer" at "2026-04-14T11:42:03.4273352Z"
OS: 'Windows 11  (10.0.26200) Professional' Language: 'en' Physical Memory: 32343 MB
BatchMode: 1, IsHumanControllingUs: 0, StartBugReporterOnCrash: 0, Is64bit: 1
System  architecture: x64
Process architecture: x64
Date: 2026-04-14T11:42:03Z

COMMAND LINE ARGUMENTS:
C:\Program Files\Unity\Hub\Editor\6000.4.2f1\Editor\Unity.exe
-adb2
-batchMode
-noUpm
-name
AssetImportWorker0
-projectPath
D:/_Unity/Privatno/Space-Shooter-Vertical/Space Shooter Vertical
-logFile
Logs/AssetImportWorker0.log
-srvPort
64928
-licensingIpc
LicenseClient-Computer
-force-d3d12
-job-worker-count
5
-background-job-worker-count
8
-gc-helper-count
1
-name
AssetImport
Successfully changed project path to: D:/_Unity/Privatno/Space-Shooter-Vertical/Space Shooter Vertical
D:/_Unity/Privatno/Space-Shooter-Vertical/Space Shooter Vertical
[UnityMemory] Configuration Parameters - Can be set up in boot.config
    "memorysetup-temp-allocator-size-gi-baking-worker=262144"
    "memorysetup-temp-allocator-size-gi-baking-worker=262144"
    "memorysetup-temp-allocator-size-gi-baking-worker=262144"
    "memorysetup-temp-allocator-size-gi-baking-worker=262144"
    "memorysetup-temp-allocator-size-gi-baking-worker=262144"
    "memorysetup-temp-allocator-size-nav-mesh-worker=65536"
    "memorysetup-temp-allocator-size-audio-worker=65536"
    "memorysetup-temp-allocator-size-cloud-worker=32768"
    "memorysetup-temp-allocator-size-gfx=262144"
    "memorysetup-temp-allocator-size-preload-manager=33554432"
    "memorysetup-temp-allocator-size-job-worker=262144"
    "memorysetup-temp-allocator-size-background-worker=32768"
    "memorysetup-allocator-temp-initial-block-size-main=262144"
    "memorysetup-allocator-temp-initial-block-size-worker=262144"
    "memorysetup-bucket-allocator-granularity=16"
    "memorysetup-bucket-allocator-bucket-count=8"
    "memorysetup-bucket-allocator-block-size=33554432"
    "memorysetup-bucket-allocator-block-count=8"
    "memorysetup-main-allocator-block-size=16777216"
    "memorysetup-thread-allocator-block-size=16777216"
    "memorysetup-gfx-main-allocator-block-size=16777216"
    "memorysetup-gfx-thread-allocator-block-size=16777216"
    "memorysetup-cache-allocator-block-size=4194304"
    "memorysetup-typetree-allocator-block-size=2097152"
    "memorysetup-profiler-bucket-allocator-granularity=16"
    "memorysetup-profiler-bucket-allocator-bucket-count=8"
    "memorysetup-profiler-bucket-allocator-block-size=33554432"
    "memorysetup-profiler-bucket-allocator-block-count=8"
    "memorysetup-profiler-allocator-block-size=16777216"
    "memorysetup-profiler-editor-allocator-block-size=1048576"
    "memorysetup-temp-allocator-size-main=16777216"
    "memorysetup-job-temp-allocator-block-size=2097152"
    "memorysetup-job-temp-allocator-block-size-background=1048576"
    "memorysetup-job-temp-allocator-reduction-small-platforms=262144"
Player connection [28928]  Target information:

Player connection [28928]  * "[IP] 192.168.1.169 [Port] 0 [Flags] 2 [Guid] 615009199 [EditorId] 615009199 [Version] 1048832 [Id] WindowsEditor(7,DESKTOP-67MFE66) [Debug] 1 [PackageName] WindowsEditor [ProjectName] Editor" 

Player connection [28928]  * "[IP] 10.234.169.131 [Port] 0 [Flags] 2 [Guid] 615009199 [EditorId] 615009199 [Version] 1048832 [Id] WindowsEditor(7,DESKTOP-67MFE66) [Debug] 1 [PackageName] WindowsEditor [ProjectName] Editor" 

Player connection [28928] Host joined multi-casting on [225.0.0.222:54997]...
Player connection [28928] Host joined alternative multi-casting on [225.0.0.222:34997]...
JobSystem: Creating JobQueue using job-worker-count value 5
Input System module state changed to: Initialized.
[Physics::Module] Initialized fallback backend.
[Physics::Module] Id: 0xdecafbad
Library Redirect Path: Library/
[Physics::Module] Selected backend.
[Physics::Module] Name: PhysX
[Physics::Module] Id: 0xf2b8ea05
[Physics::Module] SDK Version: 4.1.2
[Physics::Module] Integration Version: 1.0.0
[Physics::Module] Threading Mode: Multi-Threaded
Refreshing native plugins compatible for Editor in 2.61 ms, found 3 plugins.
Initialize engine version: 6000.4.2f1 (7a4c1aeef971)
[Subsystems] Discovering subsystems at path C:/Program Files/Unity/Hub/Editor/6000.4.2f1/Editor/Data/Resources/UnitySubsystems
[Subsystems] Discovering subsystems at path D:/_Unity/Privatno/Space-Shooter-Vertical/Space Shooter Vertical/Assets
Forcing GfxDevice: Direct3D 12
GfxDevice: creating device client; kGfxThreadingModeNonThreaded
d3d12: failed to query info queue interface (0x80004002).
Direct3D:
    Version:         Direct3D 12 [level 12.2]
    Renderer:        NVIDIA GeForce RTX 5060 Ti (ID=0x2d04)
    Vendor:          NVIDIA
    VRAM:            16050 MB
    App VRAM Budget: 15282 MB
    Driver:          32.0.15.9597
Initialize mono
Mono path[0] = 'C:/Program Files/Unity/Hub/Editor/6000.4.2f1/Editor/Data/Managed'
Mono path[1] = 'C:/Program Files/Unity/Hub/Editor/6000.4.2f1/Editor/Data/MonoBleedingEdge/lib/mono/unityjit-win32'
Mono config path = 'C:/Program Files/Unity/Hub/Editor/6000.4.2f1/Editor/Data/MonoBleedingEdge/etc'
Using monoOptions --debugger-agent=transport=dt_socket,embedding=1,server=y,suspend=n,address=127.0.0.1:56596
CodeReloadManager initialized
Begin MonoManager ReloadAssembly
[Licensing::Client] Error: HandshakeResponse reported an error:
	ResponseCode: 505
	ResponseStatus: Unsupported protocol version '1.18.1'.
[Licensing::Module] Error: Failed to handshake to channel: "LicenseClient-Computer"
[Licensing::IpcConnector] LicenseClient-Computer channel disconnected successfully.
[Licensing::IpcConnector] Successfully connected to: "LicenseClient-Computer-6000.4.2" at "2026-04-14T11:42:04.5401373Z"
Registering precompiled unity dll's ...
Register platform support module: C:/Program Files/Unity/Hub/Editor/6000.4.2f1/Editor/Data/PlaybackEngines/WindowsStandaloneSupport/UnityEditor.WindowsStandalone.Extensions.dll
Registered in 0.001833 seconds.
Native extension for WindowsStandalone target not found
Package Manager log level set to [2]
[Package Manager] Failed to launch server process. Reason: Unity was launched with the -noUpm command-line argument
[Package Manager] Unable to send message (not connected to server process).
[Package Manager] Cannot connect to Unity Package Manager local server
ScheduleIndexationOnStartup MainProcess:False IndexOnStartup:True
Mono: successfully reloaded assembly
[Licensing::Client] Handshaking with LicensingClient:
  Version:                 1.18.1+9fbee8e
  Session Id:              2b01c2cacc8942edaa1913c4a1ca398c
  Correlation Id:          fe7b09e5168864bc7498106c49600516
  External correlation Id: 1205167931770929495
  Machine Id:              svrCWGphkw6ZPjLamqagKt4E2H4=
[Licensing::Module] Successfully connected to LicensingClient on channel: "LicenseClient-Computer-6000.4.2" (connect: 0.00s, validation: 0.00s, handshake: 0.98s)
[Licensing::IpcConnector] Successfully connected to: "LicenseClient-Computer-6000.4.2-notifications" at "2026-04-14T11:42:05.5181732Z"
[Licensing::Module] Licensing Background thread has ended after 2.09s
- Finished resetting the current domain, in  0.443 seconds
Domain Reload Profiling: 995ms
	BeginReloadAssembly (155ms)
	RebuildCommonClasses (48ms)
	RebuildNativeTypeToScriptingClass (16ms)
	initialDomainReloadingComplete (94ms)
	LoadAllAssembliesAndSetupDomain (237ms)
		LoadAssemblies (151ms)
		AnalyzeDomain (228ms)
			TypeCache.Refresh (226ms)
				TypeCache.ScanAssembly (209ms)
	FinalizeReload (445ms)
		SetupLoadedEditorAssemblies (0ms)
			InitializePlatformSupportModulesInManaged (53ms)
			BeforeProcessingInitializeOnLoad (97ms)
			ProcessInitializeOnLoadAttributes (123ms)
			ProcessInitializeOnLoadMethodAttributes (100ms)
========================================================================
Worker process is ready to serve import requests
Import Worker Mode flag is 0x00
Begin MonoManager ReloadAssembly
[Licensing::Client] Successfully resolved entitlement details
[Licensing::Module] License group:
  Id: 6872158064246-UnityPersXXXX
  Product: Unity Personal
  Type: Assigned
  Expiration: Unlimited
Assembly Assembly-CSharp-Editor.dll at Library/ScriptAssemblies/Assembly-CSharp-Editor.dll not valid. Loading of assembly skipped.
Assembly DocCodeExamples.dll at Library/ScriptAssemblies/DocCodeExamples.dll not valid. Loading of assembly skipped.
Assembly TestNewCustomAssembly.dll at Library/ScriptAssemblies/TestNewCustomAssembly.dll not valid. Loading of assembly skipped.
Assembly Unity.Multiplayer.Center.Editor.Tests.dll at Library/ScriptAssemblies/Unity.Multiplayer.Center.Editor.Tests.dll not valid. Loading of assembly skipped.
Assembly Unity.Multiplayer.Center.Tests.dll at Library/ScriptAssemblies/Unity.Multiplayer.Center.Tests.dll not valid. Loading of assembly skipped.
Assembly Unity.Postprocessing.Editor.Tests.dll at Library/ScriptAssemblies/Unity.Postprocessing.Editor.Tests.dll not valid. Loading of assembly skipped.
Assembly Unity.Postprocessing.Runtime.Tests.dll at Library/ScriptAssemblies/Unity.Postprocessing.Runtime.Tests.dll not valid. Loading of assembly skipped.
Assembly Unity.TextMeshPro.Editor.Tests.dll at Library/ScriptAssemblies/Unity.TextMeshPro.Editor.Tests.dll not valid. Loading of assembly skipped.
Assembly Unity.TextMeshPro.Tests.dll at Library/ScriptAssemblies/Unity.TextMeshPro.Tests.dll not valid. Loading of assembly skipped.
Assembly UnityEditor.UI.Common.Tests.dll at Library/ScriptAssemblies/UnityEditor.UI.Common.Tests.dll not valid. Loading of assembly skipped.
Assembly UnityEditor.UI.EditorTests.dll at Library/ScriptAssemblies/UnityEditor.UI.EditorTests.dll not valid. Loading of assembly skipped.
Assembly UnityEngine.UI.Tests.dll at Library/ScriptAssemblies/UnityEngine.UI.Tests.dll not valid. Loading of assembly skipped.
Native extension for WindowsStandalone target not found
[Package Manager] Failed to launch server process. Reason: Unity was launched with the -noUpm command-line argument
[Package Manager] Unable to send message (not connected to server process).
[Package Manager] Cannot connect to Unity Package Manager local server
[Package Manager] Failed to launch server process. Reason: Unity was launched with the -noUpm command-line argument
[Package Manager] Unable to send message (not connected to server process).
[Package Manager] Cannot connect to Unity Package Manager local server
ScheduleIndexationOnStartup MainProcess:False IndexOnStartup:True
Mono: successfully reloaded assembly
- Finished resetting the current domain, in  0.442 seconds
Domain Reload Profiling: 1006ms
	BeginReloadAssembly (183ms)
		DisableScriptedObjects (5ms)
		CreateAndSetChildDomain (34ms)
	RebuildCommonClasses (34ms)
	RebuildNativeTypeToScriptingClass (15ms)
	initialDomainReloadingComplete (62ms)
	LoadAllAssembliesAndSetupDomain (271ms)
		LoadAssemblies (259ms)
		AnalyzeDomain (111ms)
			TypeCache.Refresh (88ms)
				TypeCache.ScanAssembly (76ms)
			BuildScriptInfoCaches (19ms)
			ResolveRequiredComponents (3ms)
	FinalizeReload (442ms)
		SetupLoadedEditorAssemblies (0ms)
			BeforeProcessingInitializeOnLoad (85ms)
			ProcessInitializeOnLoadAttributes (193ms)
			ProcessInitializeOnLoadMethodAttributes (44ms)
			AfterProcessingInitializeOnLoad (6ms)
		AwakeInstancesAfterBackupRestoration (6ms)
WARNING: Shader Unsupported: 'Toon/Lit Outline' - All subshaders removed
WARNING: Shader Did you use #pragma only_renderers and omit this platform?
WARNING: Shader If subshaders removal was intentional, you may have forgotten turning Fallback off?
WARNING: Shader Unsupported: 'Toon/Basic Outline' - All subshaders removed
WARNING: Shader Did you use #pragma only_renderers and omit this platform?
WARNING: Shader If subshaders removal was intentional, you may have forgotten turning Fallback off?
Launched and connected shader compiler UnityShaderCompiler.exe after 0.01 seconds
Unloading 14 Unused Serialized files (Serialized files now loaded: 0)
Unloading 2270 unused Assets / (3.9 MB). Loaded Objects now: 2910.
Memory consumption went from 98.9 MB to 95.0 MB.
Total: 6.118200 ms (FindLiveObjects: 0.253000 ms CreateObjectMapping: 0.094300 ms MarkObjects: 4.198300 ms  DeleteObjects: 1.571200 ms)

========================================================================
Received Import Request.
  Time since last request: 2402.629113 seconds.
  path: Assets/Sprites/Enemy_Explode_Sequence/EnemyTurnLeft0000_00003.png
  importAddress: Guid(c2e13c0c12b714179887597dd1d6b1f4) Importer(2089858483,b0f066a214c2f5e87bad3c948f4d605d)
Start importing Assets/Sprites/Enemy_Explode_Sequence/EnemyTurnLeft0000_00003.png using Guid(c2e13c0c12b714179887597dd1d6b1f4) Importer(2089858483,b0f066a214c2f5e87bad3c948f4d605d) (ScriptedImporter) -> (Import Result ID: 'b5ff51e27aeaa48192d6a606b09a2e3a') in 0.1030491 seconds [static and dynamic dependencies]. Details - ImportResultOutputID=949322fb0942e79c57411020b72b350d DependenciesID=8fc12dc8c55b5cd3b98c0804a2791100 StaticDependenciesID=4f7ce7b0fc3f7d5d2bbabe2b97bb733c 
Number of updated asset objects reloaded before import = 0Number of asset objects unloaded after import = 3

========================================================================
Received Import Request.
  Time since last request: 0.000023 seconds.
  path: Assets/Sprites/Enemy_Explode_Sequence/EnemyTurnLeft0000_00049.png
  importAddress: Guid(c453a83e836c54cccbc997a20eb15988) Importer(2089858483,b0f066a214c2f5e87bad3c948f4d605d)
Start importing Assets/Sprites/Enemy_Explode_Sequence/EnemyTurnLeft0000_00049.png using Guid(c453a83e836c54cccbc997a20eb15988) Importer(2089858483,b0f066a214c2f5e87bad3c948f4d605d) (ScriptedImporter) -> (Import Result ID: '9a9d6b6806f8d4c95845b289d6aaefa3') in 0.0142172 seconds [static and dynamic dependencies]. Details - ImportResultOutputID=45957157ee19ff4fca6e4067b170dac8 DependenciesID=ac64b7ea1493c84051abff88c8606fc8 StaticDependenciesID=03af54f78971e0c26da7769f19a4f420 
Number of updated asset objects reloaded before import = 0Number of asset objects unloaded after import = 3

========================================================================
Received Import Request.
  Time since last request: 0.000018 seconds.
  path: Assets/Prefab/Ammo/Triple_Laser.prefab
  importAddress: Guid(aed4c9daa8194c343af62a3dd026d164) Importer(2089858483,b0f066a214c2f5e87bad3c948f4d605d)
Start importing Assets/Prefab/Ammo/Triple_Laser.prefab using Guid(aed4c9daa8194c343af62a3dd026d164) Importer(2089858483,b0f066a214c2f5e87bad3c948f4d605d) (ScriptedImporter) -> (Import Result ID: 'c11bf5911358fcb2c713b7ca4cc00acd') in 0.042699 seconds [static and dynamic dependencies]. Details - ImportResultOutputID=1fc4eddc9765cb3edc65c30b58265c55 DependenciesID=bf9783265eb9f7ed63d08cb327c0ff23 StaticDependenciesID=b9a538cd7ce51248bbe906e6b5cf95d9 
Number of updated asset objects reloaded before import = 0Number of asset objects unloaded after import = 18

========================================================================
Received Import Request.
  Time since last request: 0.000020 seconds.
  path: Assets/Audio/laser_shot.wav
  importAddress: Guid(75676f361bdfeaf41a46623e95df3dbc) Importer(2089858483,b0f066a214c2f5e87bad3c948f4d605d)
Start importing Assets/Audio/laser_shot.wav using Guid(75676f361bdfeaf41a46623e95df3dbc) Importer(2089858483,b0f066a214c2f5e87bad3c948f4d605d) (ScriptedImporter) -> (Import Result ID: 'fa13d6691c453b7cd3a559bafe99bd62') in 0.016308 seconds [static and dynamic dependencies]. Details - ImportResultOutputID=55564bfdde7b69c78a24e264c4100911 DependenciesID=87c6da1e5372f2730d2643889303febb StaticDependenciesID=167970d4eb1a7946ea9ec7fcd6617163 
Number of updated asset objects reloaded before import = 0Number of asset objects unloaded after import = 1

========================================================================
Received Import Request.
  Time since last request: 0.000017 seconds.
  path: Assets/Prefab/Asteroid.prefab
  importAddress: Guid(e4f3ef2e27d93a248b6d20f002ead65e) Importer(2089858483,b0f066a214c2f5e87bad3c948f4d605d)
Start importing Assets/Prefab/Asteroid.prefab using Guid(e4f3ef2e27d93a248b6d20f002ead65e) Importer(2089858483,b0f066a214c2f5e87bad3c948f4d605d) (ScriptedImporter) -> (Import Result ID: 'e06dc4a3a36e98bc454494cc02b9879f') in 0.0167258 seconds [static and dynamic dependencies]. Details - ImportResultOutputID=6c37875efd33f3afd98a81c464f2d50f DependenciesID=b5b5c0addf2db16dbc6df8a522623ea5 StaticDependenciesID=d4da3bd8a28e5ee72af9cc56a71fad77 
Number of updated asset objects reloaded before import = 0Number of asset objects unloaded after import = 19

========================================================================
Received Import Request.
  Time since last request: 0.000022 seconds.
  path: Assets/Sprites/Enemy_Explode_Sequence/EnemyTurnLeft0000_00044.png
  importAddress: Guid(7539bb980ae3249f5882f08507b2cf5f) Importer(2089858483,b0f066a214c2f5e87bad3c948f4d605d)
Start importing Assets/Sprites/Enemy_Explode_Sequence/EnemyTurnLeft0000_00044.png using Guid(7539bb980ae3249f5882f08507b2cf5f) Importer(2089858483,b0f066a214c2f5e87bad3c948f4d605d) (ScriptedImporter) -> (Import Result ID: '3c6ad9b09695f97f83538fd72185d46f') in 0.0117908 seconds [static and dynamic dependencies]. Details - ImportResultOutputID=d84dfe0d35c74f0b874075546a8a0390 DependenciesID=7645740585ebc50665d6f7dd14342671 StaticDependenciesID=9347d1a75f563ae8678eeb298537a359 
Number of updated asset objects reloaded before import = 0Number of asset objects unloaded after import = 3

========================================================================
Received Import Request.
  Time since last request: 0.000021 seconds.
  path: Assets/Sprites/Enemy_Explode_Sequence/EnemyTurnLeft0000_00025.png
  importAddress: Guid(a00237563fc6a44aabd65df680e1f5ea) Importer(2089858483,b0f066a214c2f5e87bad3c948f4d605d)
Start importing Assets/Sprites/Enemy_Explode_Sequence/EnemyTurnLeft0000_00025.png using Guid(a00237563fc6a44aabd65df680e1f5ea) Importer(2089858483,b0f066a214c2f5e87bad3c948f4d605d) (ScriptedImporter) -> (Import Result ID: '46a657db1aa8372fd87124d8a56c34da') in 0.0126181 seconds [static and dynamic dependencies]. Details - ImportResultOutputID=3a8f8318ea33ef087328e3fa7f2ccc9b DependenciesID=cd92339db61a7b3ac7289268ca94d195 StaticDependenciesID=3da2bf01389a8e832943cd58485c58f0 
Number of updated asset objects reloaded before import = 0Number of asset objects unloaded after import = 3

========================================================================
Received Import Request.
  Time since last request: 0.000029 seconds.
  path: Assets/Sprites/Enemy_Explode_Sequence/EnemyTurnLeft0000_00024.png
  importAddress: Guid(543e52a636fd448509dbdf7e477bf72f) Importer(2089858483,b0f066a214c2f5e87bad3c948f4d605d)
Start importing Assets/Sprites/Enemy_Explode_Sequence/EnemyTurnLeft0000_00024.png using Guid(543e52a636fd448509dbdf7e477bf72f) Importer(2089858483,b0f066a214c2f5e87bad3c948f4d605d) (ScriptedImporter) -> (Import Result ID: '040dc8ecf738b68af56cdcee70f0af7a') in 0.012856 seconds [static and dynamic dependencies]. Details - ImportResultOutputID=52c4628559d726269ea73ab64c7c32dd DependenciesID=8c4c7310ef765d80706ff5d5bd9749c6 StaticDependenciesID=8f8febbe06adf09ef3cc806e14d20e1b 
Number of updated asset objects reloaded before import = 0Number of asset objects unloaded after import = 3

========================================================================
Received Import Request.
  Time since last request: 0.000018 seconds.
  path: Assets/Prefab/Explosion.prefab
  importAddress: Guid(9d064025a12bb7948a89077b8da01469) Importer(2089858483,b0f066a214c2f5e87bad3c948f4d605d)
Start importing Assets/Prefab/Explosion.prefab using Guid(9d064025a12bb7948a89077b8da01469) Importer(2089858483,b0f066a214c2f5e87bad3c948f4d605d) (ScriptedImporter) -> (Import Result ID: 'db36edafa07ba335dfc01290487d54dd') in 0.0368586 seconds [static and dynamic dependencies]. Details - ImportResultOutputID=baedde5d9a5ae1a7cea423167ac38876 DependenciesID=3ae6f00043a990e35c6618ba7f7ebb77 StaticDependenciesID=786e0dd462edc2f672932a35de981cd9 
Number of updated asset objects reloaded before import = 0Number of asset objects unloaded after import = 15

========================================================================
Received Import Request.
  Time since last request: 0.000020 seconds.
  path: Assets/Sprites/Enemy_Explode_Sequence/EnemyTurnLeft0000_00028.png
  importAddress: Guid(544867a01983e4dd2a740a9bf0048d78) Importer(2089858483,b0f066a214c2f5e87bad3c948f4d605d)
Start importing Assets/Sprites/Enemy_Explode_Sequence/EnemyTurnLeft0000_00028.png using Guid(544867a01983e4dd2a740a9bf0048d78) Importer(2089858483,b0f066a214c2f5e87bad3c948f4d605d) (ScriptedImporter) -> (Import Result ID: 'bb435afd9910d1c63516d4d8e11edb4c') in 0.010541 seconds [static and dynamic dependencies]. Details - ImportResultOutputID=b635d8febd2b36d5a9ef33e667c2bd32 DependenciesID=0b1da73de3cd1058dd4018cd16b8cbce StaticDependenciesID=00bdc672c294d65411c29ba8b0022fa0 
Number of updated asset objects reloaded before import = 0Number of asset objects unloaded after import = 3

========================================================================
Received Import Request.
  Time since last request: 0.000017 seconds.
  path: Assets/Audio/explosion_sound.wav
  importAddress: Guid(a885c043fab7e46438bba03ba9dab6bc) Importer(2089858483,b0f066a214c2f5e87bad3c948f4d605d)
Start importing Assets/Audio/explosion_sound.wav using Guid(a885c043fab7e46438bba03ba9dab6bc) Importer(2089858483,b0f066a214c2f5e87bad3c948f4d605d) (ScriptedImporter) -> (Import Result ID: '799e944e996b079b23a3dd2afc72904a') in 0.0154041 seconds [static and dynamic dependencies]. Details - ImportResultOutputID=cbfacad087296124cc72a90d62576a48 DependenciesID=d0a21e0c363bb167b98c52291b94bcb9 StaticDependenciesID=33d710f47f3af3d7413eb151d88102f3 
Number of updated asset objects reloaded before import = 0Number of asset objects unloaded after import = 1

========================================================================
Received Import Request.
  Time since last request: 0.000016 seconds.
  path: Assets/Sprites/Enemy_Explode_Sequence/EnemyTurnLeft0000_00018.png
  importAddress: Guid(84d1b40d1791a4703a24a3508945050d) Importer(2089858483,b0f066a214c2f5e87bad3c948f4d605d)
Start importing Assets/Sprites/Enemy_Explode_Sequence/EnemyTurnLeft0000_00018.png using Guid(84d1b40d1791a4703a24a3508945050d) Importer(2089858483,b0f066a214c2f5e87bad3c948f4d605d) (ScriptedImporter) -> (Import Result ID: 'a885e4c179282335782ad8189215260d') in 0.0111862 seconds [static and dynamic dependencies]. Details - ImportResultOutputID=d52e758421b1e2d03e848b7813f95ec2 DependenciesID=5c4918d3770b08ee404d745a22a91e7d StaticDependenciesID=39622074415de1f310ce4b6da28dae16 
Number of updated asset objects reloaded before import = 0Number of asset objects unloaded after import = 3

========================================================================
Received Import Request.
  Time since last request: 0.000017 seconds.
  path: Assets/Sprites/Enemy_Explode_Sequence/EnemyTurnLeft0000_00013.png
  importAddress: Guid(cc29a104009564a12af656f2334002ca) Importer(2089858483,b0f066a214c2f5e87bad3c948f4d605d)
Start importing Assets/Sprites/Enemy_Explode_Sequence/EnemyTurnLeft0000_00013.png using Guid(cc29a104009564a12af656f2334002ca) Importer(2089858483,b0f066a214c2f5e87bad3c948f4d605d) (ScriptedImporter) -> (Import Result ID: 'c8af74f25cfd1f1f0a18db03d41b0a87') in 0.0123262 seconds [static and dynamic dependencies]. Details - ImportResultOutputID=a4d81eaf63f46cf52f2eb503b10531b6 DependenciesID=5d1c3ddd7d834b3a73c94ce34631394e StaticDependenciesID=798039d2f0525f81086841df837e0fcd 
Number of updated asset objects reloaded before import = 0Number of asset objects unloaded after import = 3

========================================================================
Received Import Request.
  Time since last request: 0.000018 seconds.
  path: Assets/Audio/music_background.wav
  importAddress: Guid(5b17a0088dcdf924fa92da5af1e1be07) Importer(2089858483,b0f066a214c2f5e87bad3c948f4d605d)
Start importing Assets/Audio/music_background.wav using Guid(5b17a0088dcdf924fa92da5af1e1be07) Importer(2089858483,b0f066a214c2f5e87bad3c948f4d605d) (ScriptedImporter) -> (Import Result ID: '6b264a5e2faf65b870f175fe37b867a9') in 0.0507602 seconds [static and dynamic dependencies]. Details - ImportResultOutputID=24237fce357f1b618aec766a63751060 DependenciesID=778e974d552c7c4695300285a9230a25 StaticDependenciesID=6280794abed78fe42e8888b37f5b45dd 
Number of updated asset objects reloaded before import = 0Number of asset objects unloaded after import = 1

========================================================================
Received Import Request.
  Time since last request: 0.000016 seconds.
  path: Assets/Scenes/Main_Menu.unity
  importAddress: Guid(4884ad2bf778ef24cb5a22ad6aebc2b7) Importer(2089858483,b0f066a214c2f5e87bad3c948f4d605d)
Start importing Assets/Scenes/Main_Menu.unity using Guid(4884ad2bf778ef24cb5a22ad6aebc2b7) Importer(2089858483,b0f066a214c2f5e87bad3c948f4d605d) (ScriptedImporter) -> (Import Result ID: 'b0f3401566fe53b350c68786c255a631') in 0.0086024 seconds [static and dynamic dependencies]. Details - ImportResultOutputID=24e6e6ed1a9321abffbacd80c16542f3 DependenciesID=bc0ba9601640da07aca04bbeb5365723 StaticDependenciesID=f7460c5187bc992e8778275868ff5646 
Number of updated asset objects reloaded before import = 0Number of asset objects unloaded after import = 1

========================================================================
Received Import Request.
  Time since last request: 0.000022 seconds.
  path: Assets/Sprites/Enemy_Explode_Sequence/EnemyTurnLeft0000_00015.png
  importAddress: Guid(653116d5db0fa4faeb2963cbd5038874) Importer(2089858483,b0f066a214c2f5e87bad3c948f4d605d)
Start importing Assets/Sprites/Enemy_Explode_Sequence/EnemyTurnLeft0000_00015.png using Guid(653116d5db0fa4faeb2963cbd5038874) Importer(2089858483,b0f066a214c2f5e87bad3c948f4d605d) (ScriptedImporter) -> (Import Result ID: 'd30f11cdb6aa57c6022acd4bcc0b0f16') in 0.0123574 seconds [static and dynamic dependencies]. Details - ImportResultOutputID=d1d8fcfb9100b453f6d2be67b57ffa69 DependenciesID=95904f4e3c2eabde2c844e14f4b6d7de StaticDependenciesID=e8a4bc15c836ed96fa8a4ad6a2b933aa 
Number of updated asset objects reloaded before import = 0Number of asset objects unloaded after import = 3

========================================================================
Received Import Request.
  Time since last request: 0.000019 seconds.
  path: Assets/Sprites/Enemy_Explode_Sequence/EnemyTurnLeft0000_00035.png
  importAddress: Guid(b509a8ae6478a4f67bc9d44a1941b1f8) Importer(2089858483,b0f066a214c2f5e87bad3c948f4d605d)
Start importing Assets/Sprites/Enemy_Explode_Sequence/EnemyTurnLeft0000_00035.png using Guid(b509a8ae6478a4f67bc9d44a1941b1f8) Importer(2089858483,b0f066a214c2f5e87bad3c948f4d605d) (ScriptedImporter) -> (Import Result ID: '68046b2ac9e4ad0d1925bed478506ebd') in 0.0127682 seconds [static and dynamic dependencies]. Details - ImportResultOutputID=69238b2f0ad4b86062dcf0f2cc563072 DependenciesID=10cd45f5d73103763613fcd2397d7fd7 StaticDependenciesID=adc5bc1f3e3f51de9023ce6d55d13306 
Number of updated asset objects reloaded before import = 0Number of asset objects unloaded after import = 3

========================================================================
Received Import Request.
  Time since last request: 0.000019 seconds.
  path: Assets/Prefab/PowerUp_Sound.prefab
  importAddress: Guid(3547ead1080055045813b71d15c5463d) Importer(2089858483,b0f066a214c2f5e87bad3c948f4d605d)
Start importing Assets/Prefab/PowerUp_Sound.prefab using Guid(3547ead1080055045813b71d15c5463d) Importer(2089858483,b0f066a214c2f5e87bad3c948f4d605d) (ScriptedImporter) -> (Import Result ID: 'fa5cdca65f6bead35050295f340cc6ae') in 0.0121845 seconds [static and dynamic dependencies]. Details - ImportResultOutputID=3b54a65903e5699c721e4f49c8193dd4 DependenciesID=2a63a063231eefea680043f1be4bac30 StaticDependenciesID=64a2ff09be5122b0bb903189d6938295 
Number of updated asset objects reloaded before import = 0Number of asset objects unloaded after import = 7

========================================================================
Received Import Request.
  Time since last request: 0.000021 seconds.
  path: Assets/Sprites/Enemy_Explode_Sequence/EnemyTurnLeft0000_00045.png
  importAddress: Guid(015cd6c0d2a804dcbb9ba6795aaaf09a) Importer(2089858483,b0f066a214c2f5e87bad3c948f4d605d)
Start importing Assets/Sprites/Enemy_Explode_Sequence/EnemyTurnLeft0000_00045.png using Guid(015cd6c0d2a804dcbb9ba6795aaaf09a) Importer(2089858483,b0f066a214c2f5e87bad3c948f4d605d) (ScriptedImporter) -> (Import Result ID: '1c59d88dc0e4301fe1735b62b798ef03') in 0.0100401 seconds [static and dynamic dependencies]. Details - ImportResultOutputID=5b23f24bb729695bef141fe67bd8b39f DependenciesID=41fb99cf3b295c90897179c8585e86b4 StaticDependenciesID=09919e862dc5adbee07ec1481ac4956a 
Number of updated asset objects reloaded before import = 0Number of asset objects unloaded after import = 3

========================================================================
Received Import Request.
  Time since last request: 0.000022 seconds.
  path: Assets/Script/Powerups/PowerUpAnimations.cs
  importAddress: Guid(1b724e87cc7de364fa95e5808588c2f6) Importer(2089858483,b0f066a214c2f5e87bad3c948f4d605d)
Start importing Assets/Script/Powerups/PowerUpAnimations.cs using Guid(1b724e87cc7de364fa95e5808588c2f6) Importer(2089858483,b0f066a214c2f5e87bad3c948f4d605d) (ScriptedImporter) -> (Import Result ID: '874b0cfad29cec432be13079a869e8a1') in 0.00772 seconds [static and dynamic dependencies]. Details - ImportResultOutputID=5030082fefa09c95be27da6cdf337120 DependenciesID=3384b632e4e3417ef3344ca545c98f46 StaticDependenciesID=cb6a0c5acb429fc49631fd1e0ba45bb5 
Number of updated asset objects reloaded before import = 0Number of asset objects unloaded after import = 0

========================================================================
Received Import Request.
  Time since last request: 0.531100 seconds.
  path: Assets/Sprites/Enemy_Explode_Sequence/EnemyTurnLeft0000_00051.png
  importAddress: Guid(f6968cbb8d6ca4e97afd06cff1dde761) Importer(2089858483,b0f066a214c2f5e87bad3c948f4d605d)
Start importing Assets/Sprites/Enemy_Explode_Sequence/EnemyTurnLeft0000_00051.png using Guid(f6968cbb8d6ca4e97afd06cff1dde761) Importer(2089858483,b0f066a214c2f5e87bad3c948f4d605d) (ScriptedImporter) -> (Import Result ID: 'e18646adedf9777328d4556418dbb417') in 0.012773 seconds [static and dynamic dependencies]. Details - ImportResultOutputID=4dd3f610db13eafebf3b22a0b8c39bd6 DependenciesID=b1918d2cb950ada199ec1f40bbcc055d StaticDependenciesID=1506196889b7edd3970142c92df02aed 
Number of updated asset objects reloaded before import = 0Number of asset objects unloaded after import = 3

========================================================================
Received Import Request.
  Time since last request: 0.000017 seconds.
  path: Assets/Sprites/Enemy_Explode_Sequence/EnemyTurnLeft0000_00137.png
  importAddress: Guid(3e75dbe822c0d4380b358313f1def549) Importer(2089858483,b0f066a214c2f5e87bad3c948f4d605d)
Start importing Assets/Sprites/Enemy_Explode_Sequence/EnemyTurnLeft0000_00137.png using Guid(3e75dbe822c0d4380b358313f1def549) Importer(2089858483,b0f066a214c2f5e87bad3c948f4d605d) (ScriptedImporter) -> (Import Result ID: '682c0c98420ad7f4eb5f3aa29fb301b1') in 0.0118429 seconds [static and dynamic dependencies]. Details - ImportResultOutputID=59a0d5fb001a67d13daef2e21708739e DependenciesID=239924be6264b89540be0f4e8705f64e StaticDependenciesID=67a4f04641fd058fc8ea196fefb4fb49 
Number of updated asset objects reloaded before import = 0Number of asset objects unloaded after import = 3

========================================================================
Received Import Request.
  Time since last request: 0.000019 seconds.
  path: Assets/Sprites/Enemy_Explode_Sequence/EnemyTurnLeft0000_00108.png
  importAddress: Guid(bb51d9105de0a4dc192aef6dab9653f9) Importer(2089858483,b0f066a214c2f5e87bad3c948f4d605d)
Start importing Assets/Sprites/Enemy_Explode_Sequence/EnemyTurnLeft0000_00108.png using Guid(bb51d9105de0a4dc192aef6dab9653f9) Importer(2089858483,b0f066a214c2f5e87bad3c948f4d605d) (ScriptedImporter) -> (Import Result ID: 'b8c89ff3f17b9777a425a56a24f0f31a') in 0.0117386 seconds [static and dynamic dependencies]. Details - ImportResultOutputID=717d3b3f133518aa41ea8f25b3d5281b DependenciesID=0bf0cc054cc73f8376504c0be6654949 StaticDependenciesID=acb1ce05e01a4e439f94f2b66db4ffa3 
Number of updated asset objects reloaded before import = 0Number of asset objects unloaded after import = 3

========================================================================
Received Import Request.
  Time since last request: 0.000021 seconds.
  path: Assets/Sprites/Enemy_Explode_Sequence/EnemyTurnLeft0000_00084.png
  importAddress: Guid(659ac1fc34e1e48118fa898dbd4d3f4f) Importer(2089858483,b0f066a214c2f5e87bad3c948f4d605d)
Start importing Assets/Sprites/Enemy_Explode_Sequence/EnemyTurnLeft0000_00084.png using Guid(659ac1fc34e1e48118fa898dbd4d3f4f) Importer(2089858483,b0f066a214c2f5e87bad3c948f4d605d) (ScriptedImporter) -> (Import Result ID: '6b2da51160d3d98575abeac69d9107be') in 0.012565 seconds [static and dynamic dependencies]. Details - ImportResultOutputID=5638017528cacfcb31aac272c888214b DependenciesID=39a5a706ae427d14846a5db262fa69b1 StaticDependenciesID=63398cf64784dd3041e5b9500b9ac257 
Number of updated asset objects reloaded before import = 0Number of asset objects unloaded after import = 3

========================================================================
Received Import Request.
  Time since last request: 0.000021 seconds.
  path: Assets/Sprites/Enemy_Explode_Sequence/EnemyTurnLeft0000_00089.png
  importAddress: Guid(db64458106d6f4c14bc8e3c2d39cf8fb) Importer(2089858483,b0f066a214c2f5e87bad3c948f4d605d)
Start importing Assets/Sprites/Enemy_Explode_Sequence/EnemyTurnLeft0000_00089.png using Guid(db64458106d6f4c14bc8e3c2d39cf8fb) Importer(2089858483,b0f066a214c2f5e87bad3c948f4d605d) (ScriptedImporter) -> (Import Result ID: '8b9afd474658360253ba87697dd01b5e') in 0.0124428 seconds [static and dynamic dependencies]. Details - ImportResultOutputID=f610bc7aaa207c1331cf88631a728c5f DependenciesID=acc22328b54c8c189352073334e2a55b StaticDependenciesID=f5fa75cbcc7ce0eeb447dae7c6a195cd 
Number of updated asset objects reloaded before import = 0Number of asset objects unloaded after import = 3

========================================================================
Received Import Request.
  Time since last request: 0.000016 seconds.
  path: Assets/Sprites/Enemy_Explode_Sequence/EnemyTurnLeft0000_00134.png
  importAddress: Guid(021bf02f0f8b249ae81d8583c17f2c5c) Importer(2089858483,b0f066a214c2f5e87bad3c948f4d605d)
Start importing Assets/Sprites/Enemy_Explode_Sequence/EnemyTurnLeft0000_00134.png using Guid(021bf02f0f8b249ae81d8583c17f2c5c) Importer(2089858483,b0f066a214c2f5e87bad3c948f4d605d) (ScriptedImporter) -> (Import Result ID: '362dfe02c0c717ceac1bbb3074ab24b4') in 0.0117626 seconds [static and dynamic dependencies]. Details - ImportResultOutputID=b0d04095e65da77dfae1a9b724cb182e DependenciesID=0b8d1b8e3a3ac62595e59eeab13bcc8d StaticDependenciesID=1ff3194cbdf44ed7621fd1973907f5bd 
Number of updated asset objects reloaded before import = 0Number of asset objects unloaded after import = 3

========================================================================
Received Import Request.
  Time since last request: 0.000016 seconds.
  path: Assets/Sprites/Enemy_Explode_Sequence/EnemyTurnLeft0000_00072.png
  importAddress: Guid(67073c2aad0914e2da9b20030f0a9a8a) Importer(2089858483,b0f066a214c2f5e87bad3c948f4d605d)
Start importing Assets/Sprites/Enemy_Explode_Sequence/EnemyTurnLeft0000_00072.png using Guid(67073c2aad0914e2da9b20030f0a9a8a) Importer(2089858483,b0f066a214c2f5e87bad3c948f4d605d) (ScriptedImporter) -> (Import Result ID: 'e5a00835d01170f73f73a19a4048a037') in 0.0123469 seconds [static and dynamic dependencies]. Details - ImportResultOutputID=7f2285c9ff71d582f4f7211d962d2a29 DependenciesID=e82d0dd063d6d8c6fc2437bef5d3fd20 StaticDependenciesID=17b5c4ae948f089a4dccb32a8925d95a 
Number of updated asset objects reloaded before import = 0Number of asset objects unloaded after import = 3

========================================================================
Received Import Request.
  Time since last request: 0.000023 seconds.
  path: Assets/Sprites/Enemy_Explode_Sequence/EnemyTurnLeft0000_00070.png
  importAddress: Guid(692ff9f54522046a08b24dce97a8102e) Importer(2089858483,b0f066a214c2f5e87bad3c948f4d605d)
Start importing Assets/Sprites/Enemy_Explode_Sequence/EnemyTurnLeft0000_00070.png using Guid(692ff9f54522046a08b24dce97a8102e) Importer(2089858483,b0f066a214c2f5e87bad3c948f4d605d) (ScriptedImporter) -> (Import Result ID: 'd17f54aa862166940f1ec0ce0fb6ae94') in 0.0117769 seconds [static and dynamic dependencies]. Details - ImportResultOutputID=141f982f82d7f181f8cae94b8ba26e86 DependenciesID=c8a2d8764220cbaacf6f0fef6a7d5a8b StaticDependenciesID=b2e3981d828c3c9b194ffa3632c552be 
Number of updated asset objects reloaded before import = 0Number of asset objects unloaded after import = 3

========================================================================
Received Import Request.
  Time since last request: 0.000018 seconds.
  path: Assets/Sprites/Enemy_Explode_Sequence/EnemyTurnLeft0000_00138.png
  importAddress: Guid(21419a1c4500a4dd2acc2fb59ca93f5f) Importer(2089858483,b0f066a214c2f5e87bad3c948f4d605d)
Start importing Assets/Sprites/Enemy_Explode_Sequence/EnemyTurnLeft0000_00138.png using Guid(21419a1c4500a4dd2acc2fb59ca93f5f) Importer(2089858483,b0f066a214c2f5e87bad3c948f4d605d) (ScriptedImporter) -> (Import Result ID: 'c14f2440d46a85e788a093e7e393e904') in 0.0115209 seconds [static and dynamic dependencies]. Details - ImportResultOutputID=57ba4a5f2b7db0e7e8f76f5a34746128 DependenciesID=3169de7885f8eee2a38295ecb2189f27 StaticDependenciesID=d8cb98be2d0152840fd23d55d1be00e4 
Number of updated asset objects reloaded before import = 0Number of asset objects unloaded after import = 3

========================================================================
Received Import Request.
  Time since last request: 0.000020 seconds.
  path: Assets/Sprites/Enemy_Explode_Sequence/EnemyTurnLeft0000_00126.png
  importAddress: Guid(ed02b2f1fa67c40fda260268b9bb1765) Importer(2089858483,b0f066a214c2f5e87bad3c948f4d605d)
Start importing Assets/Sprites/Enemy_Explode_Sequence/EnemyTurnLeft0000_00126.png using Guid(ed02b2f1fa67c40fda260268b9bb1765) Importer(2089858483,b0f066a214c2f5e87bad3c948f4d605d) (ScriptedImporter) -> (Import Result ID: 'ebad7879b4a4eff12354ecbc1d665139') in 0.0120037 seconds [static and dynamic dependencies]. Details - ImportResultOutputID=c2b3ea0f304385795fa2f9efbbf31e17 DependenciesID=3fdaf081bc4956ad131b872dabe9fad1 StaticDependenciesID=95ef54b75834c99a17294281ad571228 
Number of updated asset objects reloaded before import = 0Number of asset objects unloaded after import = 3

========================================================================
Received Import Request.
  Time since last request: 0.000018 seconds.
  path: Assets/Sprites/Enemy_Explode_Sequence/EnemyTurnLeft0000_00082.png
  importAddress: Guid(ff7e9cbddf7a947f9b41baa6aa502dfb) Importer(2089858483,b0f066a214c2f5e87bad3c948f4d605d)
Start importing Assets/Sprites/Enemy_Explode_Sequence/EnemyTurnLeft0000_00082.png using Guid(ff7e9cbddf7a947f9b41baa6aa502dfb) Importer(2089858483,b0f066a214c2f5e87bad3c948f4d605d) (ScriptedImporter) -> (Import Result ID: 'b6d1b582da10d02a9c9e6b4e817e4a5a') in 0.0116676 seconds [static and dynamic dependencies]. Details - ImportResultOutputID=2b306b291c04afca68c12984ba9757a0 DependenciesID=405698fc631122b211112989ee6f58e8 StaticDependenciesID=68e174e22157564a8443acebd3643f3e 
Number of updated asset objects reloaded before import = 0Number of asset objects unloaded after import = 3

========================================================================
Received Import Request.
  Time since last request: 0.000019 seconds.
  path: Assets/Sprites/Enemy_Explode_Sequence/EnemyTurnLeft0000_00092.png
  importAddress: Guid(529aa54b27f9047d0a04bea0e2a94ea3) Importer(2089858483,b0f066a214c2f5e87bad3c948f4d605d)
Start importing Assets/Sprites/Enemy_Explode_Sequence/EnemyTurnLeft0000_00092.png using Guid(529aa54b27f9047d0a04bea0e2a94ea3) Importer(2089858483,b0f066a214c2f5e87bad3c948f4d605d) (ScriptedImporter) -> (Import Result ID: '038c8fff2929aaa6c98076251940a52e') in 0.013585 seconds [static and dynamic dependencies]. Details - ImportResultOutputID=5c75a0d2eca2f9e702bbd6417d9863d9 DependenciesID=712606f09552404bf735333bf5e7d428 StaticDependenciesID=75de4048916e35eaab53a3babf9b8d55 
Number of updated asset objects reloaded before import = 0Number of asset objects unloaded after import = 3

========================================================================
Received Import Request.
  Time since last request: 0.000017 seconds.
  path: Assets/Sprites/Enemy_Explode_Sequence/EnemyTurnLeft0000_00107.png
  importAddress: Guid(f688bc61c8cc54009a0a59c31009a811) Importer(2089858483,b0f066a214c2f5e87bad3c948f4d605d)
Start importing Assets/Sprites/Enemy_Explode_Sequence/EnemyTurnLeft0000_00107.png using Guid(f688bc61c8cc54009a0a59c31009a811) Importer(2089858483,b0f066a214c2f5e87bad3c948f4d605d) (ScriptedImporter) -> (Import Result ID: 'eac447652f027a26159c0cfbe36605d3') in 0.0115421 seconds [static and dynamic dependencies]. Details - ImportResultOutputID=6134c4a206818ae66b256b004d21b3dd DependenciesID=9f2521ebda8de4ffe452f33970e04796 StaticDependenciesID=ddb1737c4123736f32b29ccdae062e39 
Number of updated asset objects reloaded before import = 0Number of asset objects unloaded after import = 3

========================================================================
Received Import Request.
  Time since last request: 0.000017 seconds.
  path: Assets/Sprites/Enemy_Explode_Sequence/EnemyTurnLeft0000_00146.png
  importAddress: Guid(01f3a146967724f9ea412d80618110bb) Importer(2089858483,b0f066a214c2f5e87bad3c948f4d605d)
Start importing Assets/Sprites/Enemy_Explode_Sequence/EnemyTurnLeft0000_00146.png using Guid(01f3a146967724f9ea412d80618110bb) Importer(2089858483,b0f066a214c2f5e87bad3c948f4d605d) (ScriptedImporter) -> (Import Result ID: '138671deb61be7da48cead2e7a307e55') in 0.0119921 seconds [static and dynamic dependencies]. Details - ImportResultOutputID=010d3adaf8a4f01d8688853516f524b3 DependenciesID=0eec508ac9a037e9b40a628a5462d4e8 StaticDependenciesID=dfde9c0332a3d7e03b90c6dd8021320e 
Number of updated asset objects reloaded before import = 0Number of asset objects unloaded after import = 3

========================================================================
Received Import Request.
  Time since last request: 0.000017 seconds.
  path: Assets/Sprites/Enemy_Explode_Sequence/EnemyTurnLeft0000_00056.png
  importAddress: Guid(1c0c33a0e41a44e25a55a971b7770919) Importer(2089858483,b0f066a214c2f5e87bad3c948f4d605d)
Start importing Assets/Sprites/Enemy_Explode_Sequence/EnemyTurnLeft0000_00056.png using Guid(1c0c33a0e41a44e25a55a971b7770919) Importer(2089858483,b0f066a214c2f5e87bad3c948f4d605d) (ScriptedImporter) -> (Import Result ID: '87f86ab873e3e6cd6c9b2ac0470037e7') in 0.011873 seconds [static and dynamic dependencies]. Details - ImportResultOutputID=f3e30bf30b21d76407bfe487ddad7ffc DependenciesID=ef0d634cc97193c11d2c3bbd236bb57e StaticDependenciesID=f88be058210c5caeda000a91d4153306 
Number of updated asset objects reloaded before import = 0Number of asset objects unloaded after import = 3

========================================================================
Received Import Request.
  Time since last request: 0.000020 seconds.
  path: Assets/Sprites/Enemy_Explode_Sequence/EnemyTurnLeft0000_00103.png
  importAddress: Guid(211774765226242d6a63c6380787acb6) Importer(2089858483,b0f066a214c2f5e87bad3c948f4d605d)
Start importing Assets/Sprites/Enemy_Explode_Sequence/EnemyTurnLeft0000_00103.png using Guid(211774765226242d6a63c6380787acb6) Importer(2089858483,b0f066a214c2f5e87bad3c948f4d605d) (ScriptedImporter) -> (Import Result ID: '31e2268c23137b850d79f56636dcaeff') in 0.0122153 seconds [static and dynamic dependencies]. Details - ImportResultOutputID=5acc638bb4b90450d74f3027d88de8ce DependenciesID=db018bf66609b0ee56b60b2824f8d31b StaticDependenciesID=2e0f38348315e185ce27a05146762d4b 
Number of updated asset objects reloaded before import = 0Number of asset objects unloaded after import = 3

========================================================================
Received Import Request.
  Time since last request: 0.000015 seconds.
  path: Assets/Sprites/Enemy_Explode_Sequence/EnemyTurnLeft0000_00077.png
  importAddress: Guid(726517c70e04b473c808b0c93801b978) Importer(2089858483,b0f066a214c2f5e87bad3c948f4d605d)
Start importing Assets/Sprites/Enemy_Explode_Sequence/EnemyTurnLeft0000_00077.png using Guid(726517c70e04b473c808b0c93801b978) Importer(2089858483,b0f066a214c2f5e87bad3c948f4d605d) (ScriptedImporter) -> (Import Result ID: '00fe7870fb07804d9febb2b61a6243b5') in 0.012489 seconds [static and dynamic dependencies]. Details - ImportResultOutputID=70bc90cf7f6fb1ae669b480a20aaa0ee DependenciesID=42f65b99e114e362b6ee3ee0110f3c83 StaticDependenciesID=3428cb1298acd9e400f1a840071a3b9c 
Number of updated asset objects reloaded before import = 0Number of asset objects unloaded after import = 3

========================================================================
Received Import Request.
  Time since last request: 0.000082 seconds.
  path: Assets/Sprites/Enemy_Explode_Sequence/EnemyTurnLeft0000_00117.png
  importAddress: Guid(982681ebc21cd419b9c9de6faba01ac7) Importer(2089858483,b0f066a214c2f5e87bad3c948f4d605d)
Start importing Assets/Sprites/Enemy_Explode_Sequence/EnemyTurnLeft0000_00117.png using Guid(982681ebc21cd419b9c9de6faba01ac7) Importer(2089858483,b0f066a214c2f5e87bad3c948f4d605d) (ScriptedImporter) -> (Import Result ID: '4087ab517a383e90a2d305d2da9f4791') in 0.0120851 seconds [static and dynamic dependencies]. Details - ImportResultOutputID=07186f028d210e17d4c783a914513981 DependenciesID=6b0df3fc1eb657e27a5a3c8fb7137ed6 StaticDependenciesID=c30ee686d6d01597f76d585c0727b5e7 
Number of updated asset objects reloaded before import = 0Number of asset objects unloaded after import = 3

========================================================================
Received Import Request.
  Time since last request: 0.000022 seconds.
  path: Assets/Sprites/Enemy_Explode_Sequence/EnemyTurnLeft0000_00139.png
  importAddress: Guid(4a0f9bcc3cd534cf2be391e8656bfffe) Importer(2089858483,b0f066a214c2f5e87bad3c948f4d605d)
Start importing Assets/Sprites/Enemy_Explode_Sequence/EnemyTurnLeft0000_00139.png using Guid(4a0f9bcc3cd534cf2be391e8656bfffe) Importer(2089858483,b0f066a214c2f5e87bad3c948f4d605d) (ScriptedImporter) -> (Import Result ID: '92e08cfae175e1245c4ca811ec1b266b') in 0.0174832 seconds [static and dynamic dependencies]. Details - ImportResultOutputID=0f9728069ac5b547e2642aa5f4ca1adb DependenciesID=cbcff21375977ac1456a0a3808969a1f StaticDependenciesID=b69744f15fcd4565b5faf45796e44700 
Number of updated asset objects reloaded before import = 0Number of asset objects unloaded after import = 3

========================================================================
Received Import Request.
  Time since last request: 0.000016 seconds.
  path: Assets/Sprites/Enemy_Explode_Sequence/EnemyTurnLeft0000_00110.png
  importAddress: Guid(71ada7049ab5a4ced96b18a473c088f1) Importer(2089858483,b0f066a214c2f5e87bad3c948f4d605d)
Start importing Assets/Sprites/Enemy_Explode_Sequence/EnemyTurnLeft0000_00110.png using Guid(71ada7049ab5a4ced96b18a473c088f1) Importer(2089858483,b0f066a214c2f5e87bad3c948f4d605d) (ScriptedImporter) -> (Import Result ID: '22ef0e66e41e4ecf777bff2dbca7f341') in 0.0119508 seconds [static and dynamic dependencies]. Details - ImportResultOutputID=3f75fa3963cf185a0b9a3702834f3b37 DependenciesID=769067374f7206fb4978c5d7a8d417be StaticDependenciesID=dc30a4bf9946fdcb1822c75e530559bc 
Number of updated asset objects reloaded before import = 0Number of asset objects unloaded after import = 3

========================================================================
Received Import Request.
  Time since last request: 0.000016 seconds.
  path: Assets/Sprites/Enemy_Explode_Sequence/EnemyTurnLeft0000_00094.png
  importAddress: Guid(0f00272c9f57a470b89cb4fd7dc1e2eb) Importer(2089858483,b0f066a214c2f5e87bad3c948f4d605d)
Start importing Assets/Sprites/Enemy_Explode_Sequence/EnemyTurnLeft0000_00094.png using Guid(0f00272c9f57a470b89cb4fd7dc1e2eb) Importer(2089858483,b0f066a214c2f5e87bad3c948f4d605d) (ScriptedImporter) -> (Import Result ID: 'fa4d509d00104b3e6ef66c2fec4418a7') in 0.0107716 seconds [static and dynamic dependencies]. Details - ImportResultOutputID=7b9100a56ac615205e328f09523b7dc2 DependenciesID=bd1f7e91e58b22b9a50ada1e168862d1 StaticDependenciesID=83daa26dc511ba2fbe74e39017c46e97 
Number of updated asset objects reloaded before import = 0Number of asset objects unloaded after import = 3

========================================================================
Received Import Request.
  Time since last request: 0.000022 seconds.
  path: Assets/Sprites/Enemy_Explode_Sequence/EnemyTurnLeft0000_00055.png
  importAddress: Guid(51ffd65fe107b4da58e55b672c5d2b1a) Importer(2089858483,b0f066a214c2f5e87bad3c948f4d605d)
Start importing Assets/Sprites/Enemy_Explode_Sequence/EnemyTurnLeft0000_00055.png using Guid(51ffd65fe107b4da58e55b672c5d2b1a) Importer(2089858483,b0f066a214c2f5e87bad3c948f4d605d) (ScriptedImporter) -> (Import Result ID: '19204a7e2b609f2799755790bd306821') in 0.0109965 seconds [static and dynamic dependencies]. Details - ImportResultOutputID=b513a24589980c1f645703fee555b8f0 DependenciesID=cd86fd9827831d8758c496806f8853bf StaticDependenciesID=e341593ee8de07ea5e4d73f1af608bff 
Number of updated asset objects reloaded before import = 0Number of asset objects unloaded after import = 3

========================================================================
Received Import Request.
  Time since last request: 0.000017 seconds.
  path: Assets/Sprites/Enemy_Explode_Sequence/EnemyTurnLeft0000_00068.png
  importAddress: Guid(b7f5a08d971c6436a8d0d4dd27ce2025) Importer(2089858483,b0f066a214c2f5e87bad3c948f4d605d)
Start importing Assets/Sprites/Enemy_Explode_Sequence/EnemyTurnLeft0000_00068.png using Guid(b7f5a08d971c6436a8d0d4dd27ce2025) Importer(2089858483,b0f066a214c2f5e87bad3c948f4d605d) (ScriptedImporter) -> (Import Result ID: '2034e4c6168c53b9472005de5465cab9') in 0.0110475 seconds [static and dynamic dependencies]. Details - ImportResultOutputID=313a02b85d4ad32792dc8cdba9b60254 DependenciesID=d42e2e0c610bc27d394a7e8f61abd0e0 StaticDependenciesID=4d25eb26f2f51485cd5cbd390f426c75 
Number of updated asset objects reloaded before import = 0Number of asset objects unloaded after import = 3

========================================================================
Received Import Request.
  Time since last request: 0.000017 seconds.
  path: Assets/Sprites/Enemy_Explode_Sequence/EnemyTurnLeft0000_00113.png
  importAddress: Guid(44b3a19248f774d4b852354203f80989) Importer(2089858483,b0f066a214c2f5e87bad3c948f4d605d)
Start importing Assets/Sprites/Enemy_Explode_Sequence/EnemyTurnLeft0000_00113.png using Guid(44b3a19248f774d4b852354203f80989) Importer(2089858483,b0f066a214c2f5e87bad3c948f4d605d) (ScriptedImporter) -> (Import Result ID: '00869dbd800ce83b36b531b3a6d8527f') in 0.0113818 seconds [static and dynamic dependencies]. Details - ImportResultOutputID=df45e0d250c9f48c0f54f50acf438f9c DependenciesID=c600555936080f614959f69c07c83fdf StaticDependenciesID=489aec59fff384a4d9ff9921fcf463bc 
Number of updated asset objects reloaded before import = 0Number of asset objects unloaded after import = 3

========================================================================
Received Import Request.
  Time since last request: 0.000027 seconds.
  path: Assets/Sprites/Enemy_Explode_Sequence/EnemyTurnLeft0000_00098.png
  importAddress: Guid(9dd317c10b983447a83f82b7fef4d633) Importer(2089858483,b0f066a214c2f5e87bad3c948f4d605d)
Start importing Assets/Sprites/Enemy_Explode_Sequence/EnemyTurnLeft0000_00098.png using Guid(9dd317c10b983447a83f82b7fef4d633) Importer(2089858483,b0f066a214c2f5e87bad3c948f4d605d) (ScriptedImporter) -> (Import Result ID: 'ca61d0de45615976f85fe2a83c2da45c') in 0.0126551 seconds [static and dynamic dependencies]. Details - ImportResultOutputID=e09e616d9b01e000d4826e16fc411ef6 DependenciesID=acfd5a06e3c00a269c91a894480ea1da StaticDependenciesID=28366bab761174ffcd00935df65cbbfc 
Number of updated asset objects reloaded before import = 0Number of asset objects unloaded after import = 3

========================================================================
Received Import Request.
  Time since last request: 0.723927 seconds.
  path: Assets/Sprites/Enemy_Explode_Sequence/EnemyTurnLeft0000_00151.png
  importAddress: Guid(1edb4666dbc704d80ae3a8aac3d9660c) Importer(2089858483,b0f066a214c2f5e87bad3c948f4d605d)
Start importing Assets/Sprites/Enemy_Explode_Sequence/EnemyTurnLeft0000_00151.png using Guid(1edb4666dbc704d80ae3a8aac3d9660c) Importer(2089858483,b0f066a214c2f5e87bad3c948f4d605d) (ScriptedImporter) -> (Import Result ID: 'e91833f539761ea0a895de9b31802465') in 0.0126617 seconds [static and dynamic dependencies]. Details - ImportResultOutputID=086d689dbcbaf05ba5937e198947ae6c DependenciesID=9f8186c0a42daedf368c6a6055057483 StaticDependenciesID=48963a822a91cbc2beb221a3b57b683f 
Number of updated asset objects reloaded before import = 0Number of asset objects unloaded after import = 3

========================================================================
Received Import Request.
  Time since last request: 0.000017 seconds.
  path: Assets/Sprites/Explosion/Explosion_00065.png
  importAddress: Guid(de24ec74ad972479eae206139fe558e2) Importer(2089858483,b0f066a214c2f5e87bad3c948f4d605d)
Start importing Assets/Sprites/Explosion/Explosion_00065.png using Guid(de24ec74ad972479eae206139fe558e2) Importer(2089858483,b0f066a214c2f5e87bad3c948f4d605d) (ScriptedImporter) -> (Import Result ID: 'c170932138604bc16bb7c0d5b5ae4fcb') in 0.0120652 seconds [static and dynamic dependencies]. Details - ImportResultOutputID=ee290d73e6eff8274332eed84d857816 DependenciesID=034a6b431b877579322cfb934418d45b StaticDependenciesID=607cc60e5e2b94a0d9c32f114636bd8f 
Number of updated asset objects reloaded before import = 0Number of asset objects unloaded after import = 3

========================================================================
Received Import Request.
  Time since last request: 0.000016 seconds.
  path: Assets/Sprites/Explosion/Explosion_00107.png
  importAddress: Guid(9a05ff65189754830b34396b2818cc91) Importer(2089858483,b0f066a214c2f5e87bad3c948f4d605d)
Start importing Assets/Sprites/Explosion/Explosion_00107.png using Guid(9a05ff65189754830b34396b2818cc91) Importer(2089858483,b0f066a214c2f5e87bad3c948f4d605d) (ScriptedImporter) -> (Import Result ID: 'a300f788c0d796c4c2fc58eb38f7e72d') in 0.0113721 seconds [static and dynamic dependencies]. Details - ImportResultOutputID=ae54e26bc0b5593436043c9a91505fe7 DependenciesID=7a86ab3e35eed86a3d8f3b7848663147 StaticDependenciesID=3c5d93f47187d80f3d52878beae20fa9 
Number of updated asset objects reloaded before import = 0Number of asset objects unloaded after import = 3

========================================================================
Received Import Request.
  Time since last request: 0.000017 seconds.
  path: Assets/Sprites/Explosion/Explosion_00016.png
  importAddress: Guid(f8122fc90a32740bbb5e4454c086b3b5) Importer(2089858483,b0f066a214c2f5e87bad3c948f4d605d)
Start importing Assets/Sprites/Explosion/Explosion_00016.png using Guid(f8122fc90a32740bbb5e4454c086b3b5) Importer(2089858483,b0f066a214c2f5e87bad3c948f4d605d) (ScriptedImporter) -> (Import Result ID: '4a8829744a12fe6119cf17107283b892') in 0.0119444 seconds [static and dynamic dependencies]. Details - ImportResultOutputID=484109f151ad5993b68929717044a18a DependenciesID=770dbe351062175c3a16c0556625a54b StaticDependenciesID=b9d1d5bf3af827b318273a669dee89d6 
Number of updated asset objects reloaded before import = 0Number of asset objects unloaded after import = 3

========================================================================
Received Import Request.
  Time since last request: 0.000016 seconds.
  path: Assets/Sprites/Explosion/Explosion_00140.png
  importAddress: Guid(e6a7dd5db2aa84619ada18ec501a1491) Importer(2089858483,b0f066a214c2f5e87bad3c948f4d605d)
Start importing Assets/Sprites/Explosion/Explosion_00140.png using Guid(e6a7dd5db2aa84619ada18ec501a1491) Importer(2089858483,b0f066a214c2f5e87bad3c948f4d605d) (ScriptedImporter) -> (Import Result ID: '37a4251d02bb821d1e8c5e20fd0afda1') in 0.0109306 seconds [static and dynamic dependencies]. Details - ImportResultOutputID=8bd80ad8ea814708c25e870d63480bc9 DependenciesID=28ef02c6986747929fd1398f5585a176 StaticDependenciesID=8bc991cb73a9c84cb3202ab33ae35cd3 
Number of updated asset objects reloaded before import = 0Number of asset objects unloaded after import = 3

========================================================================
Received Import Request.
  Time since last request: 0.000018 seconds.
  path: Assets/Sprites/Explosion/Explosion_00043.png
  importAddress: Guid(f1bcbead3758544dba81a54afd679783) Importer(2089858483,b0f066a214c2f5e87bad3c948f4d605d)
Start importing Assets/Sprites/Explosion/Explosion_00043.png using Guid(f1bcbead3758544dba81a54afd679783) Importer(2089858483,b0f066a214c2f5e87bad3c948f4d605d) (ScriptedImporter) -> (Import Result ID: 'e3efa3022c49c38c453a31e8d6776445') in 0.0111719 seconds [static and dynamic dependencies]. Details - ImportResultOutputID=514f46613dd8bc39f3656ad238dbf802 DependenciesID=6ee76f895b010a875560f653b865c5f7 StaticDependenciesID=a332b4e228ea7efe6d8c18d95769b4b9 
Number of updated asset objects reloaded before import = 0Number of asset objects unloaded after import = 3

========================================================================
Received Import Request.
  Time since last request: 0.000014 seconds.
  path: Assets/Sprites/Explosion/Explosion_00009.png
  importAddress: Guid(dfa5701031e134a99a0573d342f70895) Importer(2089858483,b0f066a214c2f5e87bad3c948f4d605d)
Start importing Assets/Sprites/Explosion/Explosion_00009.png using Guid(dfa5701031e134a99a0573d342f70895) Importer(2089858483,b0f066a214c2f5e87bad3c948f4d605d) (ScriptedImporter) -> (Import Result ID: 'd9da61834063ff5cc1216631b5996d06') in 0.0115491 seconds [static and dynamic dependencies]. Details - ImportResultOutputID=7f2ff8effbbd289f85877a753b1d8846 DependenciesID=bd5ea6aeff7edfed59e800d905267f65 StaticDependenciesID=a5dbacd71aa3de1d9492ddd0728c10a0 
Number of updated asset objects reloaded before import = 0Number of asset objects unloaded after import = 3

========================================================================
Received Import Request.
  Time since last request: 0.000023 seconds.
  path: Assets/Sprites/Enemy_Explode_Sequence/EnemyTurnLeft0000_00154.png
  importAddress: Guid(19828cf3366fc475a8ea1b67f0b1ad4d) Importer(2089858483,b0f066a214c2f5e87bad3c948f4d605d)
Start importing Assets/Sprites/Enemy_Explode_Sequence/EnemyTurnLeft0000_00154.png using Guid(19828cf3366fc475a8ea1b67f0b1ad4d) Importer(2089858483,b0f066a214c2f5e87bad3c948f4d605d) (ScriptedImporter) -> (Import Result ID: 'b79355dc5f7075bbc5aaefdc1fb8f296') in 0.0120854 seconds [static and dynamic dependencies]. Details - ImportResultOutputID=54545e1e493b79c963de43719b004e0a DependenciesID=d09616ef7ca0f62d9ff68d6467d64101 StaticDependenciesID=a019c2e00b809a52a69da2c3863db4d0 
Number of updated asset objects reloaded before import = 0Number of asset objects unloaded after import = 3

========================================================================
Received Import Request.
  Time since last request: 0.000029 seconds.
  path: Assets/Sprites/Explosion/Explosion_00076.png
  importAddress: Guid(5c03282cfdcd7472a9f5e5828297156d) Importer(2089858483,b0f066a214c2f5e87bad3c948f4d605d)
Start importing Assets/Sprites/Explosion/Explosion_00076.png using Guid(5c03282cfdcd7472a9f5e5828297156d) Importer(2089858483,b0f066a214c2f5e87bad3c948f4d605d) (ScriptedImporter) -> (Import Result ID: '7ff808cc9cf79cf1d3be63b41cc5e5b1') in 0.0120672 seconds [static and dynamic dependencies]. Details - ImportResultOutputID=b022a1c02b44c3bb993ceb8788a0729b DependenciesID=a57c9a0d9c04b779bc68ee563914dd2c StaticDependenciesID=119204fe6942e12341a5292297b7cecd 
Number of updated asset objects reloaded before import = 0Number of asset objects unloaded after import = 3

========================================================================
Received Import Request.
  Time since last request: 0.000016 seconds.
  path: Assets/Sprites/Explosion/Explosion_00012.png
  importAddress: Guid(59dc8206b425e443da36e22e07715b27) Importer(2089858483,b0f066a214c2f5e87bad3c948f4d605d)
Start importing Assets/Sprites/Explosion/Explosion_00012.png using Guid(59dc8206b425e443da36e22e07715b27) Importer(2089858483,b0f066a214c2f5e87bad3c948f4d605d) (ScriptedImporter) -> (Import Result ID: '3895a55e27b8f29f9f5b8fc79c25c4b7') in 0.0117566 seconds [static and dynamic dependencies]. Details - ImportResultOutputID=7eed0423522a8d18836fb3addf50d135 DependenciesID=822ec57720aa0e9165401f9a12e73464 StaticDependenciesID=bde6290b3bb15bfc220428178967f863 
Number of updated asset objects reloaded before import = 0Number of asset objects unloaded after import = 3

========================================================================
Received Import Request.
  Time since last request: 0.000017 seconds.
  path: Assets/Sprites/Explosion/Explosion_00074.png
  importAddress: Guid(665d3058c31a24bdbaa1a9fb4fef0694) Importer(2089858483,b0f066a214c2f5e87bad3c948f4d605d)
Start importing Assets/Sprites/Explosion/Explosion_00074.png using Guid(665d3058c31a24bdbaa1a9fb4fef0694) Importer(2089858483,b0f066a214c2f5e87bad3c948f4d605d) (ScriptedImporter) -> (Import Result ID: 'f8ce918b8752f6de012717c501a63d1e') in 0.0118236 seconds [static and dynamic dependencies]. Details - ImportResultOutputID=6e3ed4896adba5c0f19e94e020506a9d DependenciesID=3356b1377a6624e44974a55c560ec269 StaticDependenciesID=f8ccee9d503df84e9e028bbe43cc0e4d 
Number of updated asset objects reloaded before import = 0Number of asset objects unloaded after import = 3

========================================================================
Received Import Request.
  Time since last request: 0.000016 seconds.
  path: Assets/Sprites/Explosion/Explosion_00137.png
  importAddress: Guid(1ca29a2f1332c40b69514ef995190081) Importer(2089858483,b0f066a214c2f5e87bad3c948f4d605d)
Start importing Assets/Sprites/Explosion/Explosion_00137.png using Guid(1ca29a2f1332c40b69514ef995190081) Importer(2089858483,b0f066a214c2f5e87bad3c948f4d605d) (ScriptedImporter) -> (Import Result ID: 'd6188682e1f54370cf47af4b5aa3fb7a') in 0.0114032 seconds [static and dynamic dependencies]. Details - ImportResultOutputID=17432f6477d7e310f1170898a56f735b DependenciesID=365f1fbac4473ae886adb6d1f34b3c0c StaticDependenciesID=eaf4480b2ba4d8f1cc0d172f09353569 
Number of updated asset objects reloaded before import = 0Number of asset objects unloaded after import = 3

========================================================================
Received Import Request.
  Time since last request: 0.000016 seconds.
  path: Assets/Sprites/Explosion/Explosion_00064.png
  importAddress: Guid(a9c0db423597849349da1f6f058d57d4) Importer(2089858483,b0f066a214c2f5e87bad3c948f4d605d)
Start importing Assets/Sprites/Explosion/Explosion_00064.png using Guid(a9c0db423597849349da1f6f058d57d4) Importer(2089858483,b0f066a214c2f5e87bad3c948f4d605d) (ScriptedImporter) -> (Import Result ID: '5047e8cbcb9a5c4c3b9273a3c22f17d4') in 0.0114091 seconds [static and dynamic dependencies]. Details - ImportResultOutputID=7de4840aec2b43f98b205bf0b2519845 DependenciesID=37ffede71373a02cd0e70aeabebdcdb7 StaticDependenciesID=dfe29c2194762957e24c5baef228bcda 
Number of updated asset objects reloaded before import = 0Number of asset objects unloaded after import = 3

========================================================================
Received Import Request.
  Time since last request: 0.000017 seconds.
  path: Assets/Sprites/Explosion/Explosion_00082.png
  importAddress: Guid(94a3ee05b6abb47c7a64b5534b517070) Importer(2089858483,b0f066a214c2f5e87bad3c948f4d605d)
Start importing Assets/Sprites/Explosion/Explosion_00082.png using Guid(94a3ee05b6abb47c7a64b5534b517070) Importer(2089858483,b0f066a214c2f5e87bad3c948f4d605d) (ScriptedImporter) -> (Import Result ID: 'ea38a198b2330e8228ec2028465fcfa0') in 0.0125488 seconds [static and dynamic dependencies]. Details - ImportResultOutputID=9f331d423e61f6267a65e835834a4c14 DependenciesID=47f2f903ff007f6cefc75fc8604338c4 StaticDependenciesID=78f0be07b31c06dae065063039d7ca72 
Number of updated asset objects reloaded before import = 0Number of asset objects unloaded after import = 3

========================================================================
Received Import Request.
  Time since last request: 0.000020 seconds.
  path: Assets/Sprites/Explosion/Explosion_00116.png
  importAddress: Guid(54dbd2515abf845df9dc6281f6290128) Importer(2089858483,b0f066a214c2f5e87bad3c948f4d605d)
Start importing Assets/Sprites/Explosion/Explosion_00116.png using Guid(54dbd2515abf845df9dc6281f6290128) Importer(2089858483,b0f066a214c2f5e87bad3c948f4d605d) (ScriptedImporter) -> (Import Result ID: 'f2478bebdc26df5872c28e2a47d3dc01') in 0.011443 seconds [static and dynamic dependencies]. Details - ImportResultOutputID=1543433069cb117b75e04396bde4d288 DependenciesID=f68e0da0e8235ed86cdad4ee51e386a3 StaticDependenciesID=3cb3be48555c22891f5c066095bedf36 
Number of updated asset objects reloaded before import = 0Number of asset objects unloaded after import = 3

========================================================================
Received Import Request.
  Time since last request: 0.000022 seconds.
  path: Assets/Sprites/Explosion/Explosion_00078.png
  importAddress: Guid(d2ba380d025c44668a2250d31e0cf9f8) Importer(2089858483,b0f066a214c2f5e87bad3c948f4d605d)
Start importing Assets/Sprites/Explosion/Explosion_00078.png using Guid(d2ba380d025c44668a2250d31e0cf9f8) Importer(2089858483,b0f066a214c2f5e87bad3c948f4d605d) (ScriptedImporter) -> (Import Result ID: '7e7306f10ad886998174ed9ec2940317') in 0.0120923 seconds [static and dynamic dependencies]. Details - ImportResultOutputID=0fe099c2899c570ab308cc172a2654c3 DependenciesID=0b08b49b0f934d87ae968c4be7c69695 StaticDependenciesID=59d0b8738ebe29f49303678c5f770715 
Number of updated asset objects reloaded before import = 0Number of asset objects unloaded after import = 3

========================================================================
Received Import Request.
  Time since last request: 0.000015 seconds.
  path: Assets/Sprites/Explosion/Explosion_00111.png
  importAddress: Guid(a4e43d8a6d44142e6ac3d4604dc0be2e) Importer(2089858483,b0f066a214c2f5e87bad3c948f4d605d)
Start importing Assets/Sprites/Explosion/Explosion_00111.png using Guid(a4e43d8a6d44142e6ac3d4604dc0be2e) Importer(2089858483,b0f066a214c2f5e87bad3c948f4d605d) (ScriptedImporter) -> (Import Result ID: 'f1edcabc4aabf0397abbda21267ff77b') in 0.0115788 seconds [static and dynamic dependencies]. Details - ImportResultOutputID=92cac4a268d69efd2a0e9539e56e439f DependenciesID=68d1e8fcdc6f5c124a1b930f60e2ab36 StaticDependenciesID=a1dd7ef0af8318e01a25263e0947cda4 
Number of updated asset objects reloaded before import = 0Number of asset objects unloaded after import = 3

========================================================================
Received Import Request.
  Time since last request: 0.000018 seconds.
  path: Assets/Sprites/Explosion/Explosion_00130.png
  importAddress: Guid(6b35b0945102b4a27bf8df494836d41c) Importer(2089858483,b0f066a214c2f5e87bad3c948f4d605d)
Start importing Assets/Sprites/Explosion/Explosion_00130.png using Guid(6b35b0945102b4a27bf8df494836d41c) Importer(2089858483,b0f066a214c2f5e87bad3c948f4d605d) (ScriptedImporter) -> (Import Result ID: '66b9e4887c83ade05334265e3845185e') in 0.013641 seconds [static and dynamic dependencies]. Details - ImportResultOutputID=6df1f746f070930dcc54b45004ba4b01 DependenciesID=c2eb0e4c5a7ffb1fb720292433fd9297 StaticDependenciesID=0d326b7fd8d99314b1668a7874ea2b43 
Number of updated asset objects reloaded before import = 0Number of asset objects unloaded after import = 3

========================================================================
Received Import Request.
  Time since last request: 0.000018 seconds.
  path: Assets/Sprites/Explosion/Explosion_00004.png
  importAddress: Guid(3a4a702ebbcd8420192b42dca73ca87d) Importer(2089858483,b0f066a214c2f5e87bad3c948f4d605d)
Start importing Assets/Sprites/Explosion/Explosion_00004.png using Guid(3a4a702ebbcd8420192b42dca73ca87d) Importer(2089858483,b0f066a214c2f5e87bad3c948f4d605d) (ScriptedImporter) -> (Import Result ID: 'fa933143f4c2c67c84633cdce7fc6fc2') in 0.012295 seconds [static and dynamic dependencies]. Details - ImportResultOutputID=90e995165e08f12ddb6b42456b306fc6 DependenciesID=20bb2d2ae8dd1e6402b404d824fcf280 StaticDependenciesID=76299a979ecc7d835a497d48074bb315 
Number of updated asset objects reloaded before import = 0Number of asset objects unloaded after import = 3

========================================================================
Received Import Request.
  Time since last request: 0.000017 seconds.
  path: Assets/Sprites/Explosion/Explosion_00025.png
  importAddress: Guid(5836ff21d80674e5e842348ac351898c) Importer(2089858483,b0f066a214c2f5e87bad3c948f4d605d)
Start importing Assets/Sprites/Explosion/Explosion_00025.png using Guid(5836ff21d80674e5e842348ac351898c) Importer(2089858483,b0f066a214c2f5e87bad3c948f4d605d) (ScriptedImporter) -> (Import Result ID: '8900e930d930c6324a9aad722dc44e88') in 0.0155775 seconds [static and dynamic dependencies]. Details - ImportResultOutputID=85542bf57e3b8b9babd518b1c8ad137f DependenciesID=d6028e7169ff9585af5c40feb79817d0 StaticDependenciesID=939155ca7a8a5a6c990c253a236fe15a 
Number of updated asset objects reloaded before import = 0Number of asset objects unloaded after import = 3

========================================================================
Received Import Request.
  Time since last request: 0.000019 seconds.
  path: Assets/Sprites/Explosion/Explosion_00053.png
  importAddress: Guid(985538c352b104d60b58f5a4aaeaf6cd) Importer(2089858483,b0f066a214c2f5e87bad3c948f4d605d)
Start importing Assets/Sprites/Explosion/Explosion_00053.png using Guid(985538c352b104d60b58f5a4aaeaf6cd) Importer(2089858483,b0f066a214c2f5e87bad3c948f4d605d) (ScriptedImporter) -> (Import Result ID: '56552b6b6234eda744776ed1d221a7c2') in 0.0121642 seconds [static and dynamic dependencies]. Details - ImportResultOutputID=b66e0dbd13c319383b96067d14fe4ec7 DependenciesID=562d0b3826248668954743172bc717d3 StaticDependenciesID=da76378432fbe3af15a61dd9e7ed16ae 
Number of updated asset objects reloaded before import = 0Number of asset objects unloaded after import = 3

========================================================================
Received Import Request.
  Time since last request: 0.000018 seconds.
  path: Assets/Sprites/Explosion/Explosion_00069.png
  importAddress: Guid(1d8e43943961b437fbb96acb200e2d32) Importer(2089858483,b0f066a214c2f5e87bad3c948f4d605d)
Start importing Assets/Sprites/Explosion/Explosion_00069.png using Guid(1d8e43943961b437fbb96acb200e2d32) Importer(2089858483,b0f066a214c2f5e87bad3c948f4d605d) (ScriptedImporter) -> (Import Result ID: '87b2f253c7a3806c34a7f69d9463f039') in 0.0118035 seconds [static and dynamic dependencies]. Details - ImportResultOutputID=baaead14c34129a690de681f217eb836 DependenciesID=a965832fb135e990d1b95b557c7f520f StaticDependenciesID=19e6cb5e215170416522549dc6f8bcbd 
Number of updated asset objects reloaded before import = 0Number of asset objects unloaded after import = 3

========================================================================
Received Import Request.
  Time since last request: 0.000018 seconds.
  path: Assets/Sprites/Explosion/Explosion_00063.png
  importAddress: Guid(5da6811f7e6d24b4b8e0a9dd3e69bfaf) Importer(2089858483,b0f066a214c2f5e87bad3c948f4d605d)
Start importing Assets/Sprites/Explosion/Explosion_00063.png using Guid(5da6811f7e6d24b4b8e0a9dd3e69bfaf) Importer(2089858483,b0f066a214c2f5e87bad3c948f4d605d) (ScriptedImporter) -> (Import Result ID: 'c8ed45103db3f2a7032fc7fe8f23da50') in 0.0107864 seconds [static and dynamic dependencies]. Details - ImportResultOutputID=d978ef8a06366a47008329893ba2a354 DependenciesID=6af1e267cfb208a8f632b8278c7f735e StaticDependenciesID=3062f4a6393f7b2fb60e00df72039ea1 
Number of updated asset objects reloaded before import = 0Number of asset objects unloaded after import = 3

========================================================================
Received Import Request.
  Time since last request: 0.000018 seconds.
  path: Assets/Sprites/Explosion/Explosion_00021.png
  importAddress: Guid(1202cb242bb50492a94f5a465be87d4a) Importer(2089858483,b0f066a214c2f5e87bad3c948f4d605d)
Start importing Assets/Sprites/Explosion/Explosion_00021.png using Guid(1202cb242bb50492a94f5a465be87d4a) Importer(2089858483,b0f066a214c2f5e87bad3c948f4d605d) (ScriptedImporter) -> (Import Result ID: 'a7f9182b3245bc0e118f273914c557c1') in 0.0119486 seconds [static and dynamic dependencies]. Details - ImportResultOutputID=4e49284e51e3cbcf44c7274fee85e51f DependenciesID=1aaacf6cdb8a23178ea099812ed86b98 StaticDependenciesID=2db1c9f5526e8d0fd321aef61732d6dc 
Number of updated asset objects reloaded before import = 0Number of asset objects unloaded after import = 3

========================================================================
Received Import Request.
  Time since last request: 0.000023 seconds.
  path: Assets/Sprites/Explosion/Explosion_00104.png
  importAddress: Guid(e8c52b8b399b645cc91b496d6d7bc97e) Importer(2089858483,b0f066a214c2f5e87bad3c948f4d605d)
Start importing Assets/Sprites/Explosion/Explosion_00104.png using Guid(e8c52b8b399b645cc91b496d6d7bc97e) Importer(2089858483,b0f066a214c2f5e87bad3c948f4d605d) (ScriptedImporter) -> (Import Result ID: '254f61513f29d6dc5f7aa2385cfad556') in 0.0124054 seconds [static and dynamic dependencies]. Details - ImportResultOutputID=27552eb4211bb3be7fe02c24a3162a8c DependenciesID=e936866a922ac0810c3136c73fd8de3f StaticDependenciesID=ceff466814a69471794709c830532860 
Number of updated asset objects reloaded before import = 0Number of asset objects unloaded after import = 3

========================================================================
Received Import Request.
  Time since last request: 0.000022 seconds.
  path: Assets/Sprites/Explosion/Explosion_00038.png
  importAddress: Guid(1e507e951415d43b7b1d7c35b1cca3f2) Importer(2089858483,b0f066a214c2f5e87bad3c948f4d605d)
Start importing Assets/Sprites/Explosion/Explosion_00038.png using Guid(1e507e951415d43b7b1d7c35b1cca3f2) Importer(2089858483,b0f066a214c2f5e87bad3c948f4d605d) (ScriptedImporter) -> (Import Result ID: '53803aabc47d03a313fe929e3cffa21b') in 0.0114159 seconds [static and dynamic dependencies]. Details - ImportResultOutputID=ed5f17dbc756af68336a2f98f977543c DependenciesID=47e7df5483760f9acba95b2eca5cba2a StaticDependenciesID=cee4d798f6df0decd220a2e45a7bca8f 
Number of updated asset objects reloaded before import = 0Number of asset objects unloaded after import = 3

========================================================================
Received Import Request.
  Time since last request: 0.000023 seconds.
  path: Assets/Sprites/Explosion/Explosion_00052.png
  importAddress: Guid(4bfee2190ee894cd0a564ffa47967af3) Importer(2089858483,b0f066a214c2f5e87bad3c948f4d605d)
Start importing Assets/Sprites/Explosion/Explosion_00052.png using Guid(4bfee2190ee894cd0a564ffa47967af3) Importer(2089858483,b0f066a214c2f5e87bad3c948f4d605d) (ScriptedImporter) -> (Import Result ID: 'a98366cb16b749c5dbe6335bf23e16d5') in 0.0111485 seconds [static and dynamic dependencies]. Details - ImportResultOutputID=6f9d3f5e52e018ec83f2704326e5adc6 DependenciesID=e041fb365ab8effeb2ded343049282a0 StaticDependenciesID=a324916b043529d5710fb34111ea9087 
Number of updated asset objects reloaded before import = 0Number of asset objects unloaded after import = 3

========================================================================
Received Import Request.
  Time since last request: 0.000016 seconds.
  path: Assets/Sprites/Explosion/Explosion_00079.png
  importAddress: Guid(86216597daf6041c98ee87f59f46e46e) Importer(2089858483,b0f066a214c2f5e87bad3c948f4d605d)
Start importing Assets/Sprites/Explosion/Explosion_00079.png using Guid(86216597daf6041c98ee87f59f46e46e) Importer(2089858483,b0f066a214c2f5e87bad3c948f4d605d) (ScriptedImporter) -> (Import Result ID: '78f458a073d2957474a1b21d5ec01c63') in 0.011497 seconds [static and dynamic dependencies]. Details - ImportResultOutputID=0a44d17ff534e052c9c1f5d6c42ebe1f DependenciesID=82f3ab296e08e40f8b3ad555347b7bf7 StaticDependenciesID=51b3ab27a76bea7f7a253d5ee9262d00 
Number of updated asset objects reloaded before import = 0Number of asset objects unloaded after import = 3

========================================================================
Received Import Request.
  Time since last request: 0.000017 seconds.
  path: Assets/Sprites/Explosion/Explosion_00072.png
  importAddress: Guid(f31ba527e22fe4bacb042f37804d8e25) Importer(2089858483,b0f066a214c2f5e87bad3c948f4d605d)
Start importing Assets/Sprites/Explosion/Explosion_00072.png using Guid(f31ba527e22fe4bacb042f37804d8e25) Importer(2089858483,b0f066a214c2f5e87bad3c948f4d605d) (ScriptedImporter) -> (Import Result ID: '3345e61d5074a94df35515905f08d6e5') in 0.0122487 seconds [static and dynamic dependencies]. Details - ImportResultOutputID=2a8d1a56a1f470d748893b56988020de DependenciesID=60f1243c598b313e023ac8a019552eb8 StaticDependenciesID=ea927863bd966e46e92e0eb288d082a4 
Number of updated asset objects reloaded before import = 0Number of asset objects unloaded after import = 3

========================================================================
Received Import Request.
  Time since last request: 0.000017 seconds.
  path: Assets/Sprites/Explosion/Explosion_00100.png
  importAddress: Guid(960be1b22e0c847e5ab9547ad1f9c430) Importer(2089858483,b0f066a214c2f5e87bad3c948f4d605d)
Start importing Assets/Sprites/Explosion/Explosion_00100.png using Guid(960be1b22e0c847e5ab9547ad1f9c430) Importer(2089858483,b0f066a214c2f5e87bad3c948f4d605d) (ScriptedImporter) -> (Import Result ID: '7253d7f8457c5108812c6cd48e5b0465') in 0.0117805 seconds [static and dynamic dependencies]. Details - ImportResultOutputID=b00de662b6d146a8c158cfb27ab3972a DependenciesID=3cda8930c75f18d076b1c6bae0a2a0c7 StaticDependenciesID=045fbcd8a83392adffc469204180b5e0 
Number of updated asset objects reloaded before import = 0Number of asset objects unloaded after import = 3

========================================================================
Received Import Request.
  Time since last request: 0.000019 seconds.
  path: Assets/Sprites/Explosion/Explosion_00058.png
  importAddress: Guid(1b16faa86f0364cb0b15268ced77c365) Importer(2089858483,b0f066a214c2f5e87bad3c948f4d605d)
Start importing Assets/Sprites/Explosion/Explosion_00058.png using Guid(1b16faa86f0364cb0b15268ced77c365) Importer(2089858483,b0f066a214c2f5e87bad3c948f4d605d) (ScriptedImporter) -> (Import Result ID: '8a9d01f80338303ca13fffc186de3b51') in 0.0116744 seconds [static and dynamic dependencies]. Details - ImportResultOutputID=82c08a20f99872e5060bbc65e712c9c6 DependenciesID=5767ae5c081e3140c266c4b3562e9022 StaticDependenciesID=fdefabc4cab748974a54a6ab6e1ad400 
Number of updated asset objects reloaded before import = 0Number of asset objects unloaded after import = 3

========================================================================
Received Import Request.
  Time since last request: 0.000020 seconds.
  path: Assets/Sprites/Explosion/Explosion_00046.png
  importAddress: Guid(65cfdd4bdb178442fae4da3d264cc6c3) Importer(2089858483,b0f066a214c2f5e87bad3c948f4d605d)
Start importing Assets/Sprites/Explosion/Explosion_00046.png using Guid(65cfdd4bdb178442fae4da3d264cc6c3) Importer(2089858483,b0f066a214c2f5e87bad3c948f4d605d) (ScriptedImporter) -> (Import Result ID: '5555eba22e60e7e9f0187c819e830f83') in 0.0110267 seconds [static and dynamic dependencies]. Details - ImportResultOutputID=f01309f1e79cc1a861f773b8b2348653 DependenciesID=44d7363612e098d9c0fd07a917505665 StaticDependenciesID=15271d428ab50c82f6cd34767cff2d35 
Number of updated asset objects reloaded before import = 0Number of asset objects unloaded after import = 3

========================================================================
Received Import Request.
  Time since last request: 0.000224 seconds.
  path: Assets/Sprites/Explosion/Explosion_00062.png
  importAddress: Guid(c180fc27de500480ca67b53325cdf3e5) Importer(2089858483,b0f066a214c2f5e87bad3c948f4d605d)
Start importing Assets/Sprites/Explosion/Explosion_00062.png using Guid(c180fc27de500480ca67b53325cdf3e5) Importer(2089858483,b0f066a214c2f5e87bad3c948f4d605d) (ScriptedImporter) -> (Import Result ID: '403cecf3a741bf29341d9bd39cdc00d4') in 0.0114089 seconds [static and dynamic dependencies]. Details - ImportResultOutputID=69ed7f9f3bacd9abf2aa485f448fcc43 DependenciesID=cd64799b1e05bcf619ea6720fb98e717 StaticDependenciesID=89adbbe6b6d62d29cc789a9dff4039af 
Number of updated asset objects reloaded before import = 0Number of asset objects unloaded after import = 3

========================================================================
Received Import Request.
  Time since last request: 0.000018 seconds.
  path: Assets/Sprites/Explosion/Explosion_00109.png
  importAddress: Guid(b412e0652c23048c497ace2f5b3c8b39) Importer(2089858483,b0f066a214c2f5e87bad3c948f4d605d)
Start importing Assets/Sprites/Explosion/Explosion_00109.png using Guid(b412e0652c23048c497ace2f5b3c8b39) Importer(2089858483,b0f066a214c2f5e87bad3c948f4d605d) (ScriptedImporter) -> (Import Result ID: 'df416512d9b4079d9e894bb1a4460952') in 0.011596 seconds [static and dynamic dependencies]. Details - ImportResultOutputID=8e2199ff0cc6c1f940dc971813fa4203 DependenciesID=d9058c83dc0a192f88e01c3ab941eccf StaticDependenciesID=12e3d90f3e4c55a7651ffc27576488d3 
Number of updated asset objects reloaded before import = 0Number of asset objects unloaded after import = 3

========================================================================
Received Import Request.
  Time since last request: 0.000020 seconds.
  path: Assets/Sprites/Explosion/Explosion_00099.png
  importAddress: Guid(557f5be19e02c4f14a7ad5970e84b638) Importer(2089858483,b0f066a214c2f5e87bad3c948f4d605d)
Start importing Assets/Sprites/Explosion/Explosion_00099.png using Guid(557f5be19e02c4f14a7ad5970e84b638) Importer(2089858483,b0f066a214c2f5e87bad3c948f4d605d) (ScriptedImporter) -> (Import Result ID: '905e9e122d94d727fca36aabc508ac8e') in 0.0169483 seconds [static and dynamic dependencies]. Details - ImportResultOutputID=54879a2972b6a80bfc55cef472c4c456 DependenciesID=b083c6b3b5331c3dff7b4575f6cfecf4 StaticDependenciesID=b007d27eda75e3114689183b04a5f404 
Number of updated asset objects reloaded before import = 0Number of asset objects unloaded after import = 3

========================================================================
Received Import Request.
  Time since last request: 0.000018 seconds.
  path: Assets/Sprites/Explosion/Explosion_00126.png
  importAddress: Guid(a11f39f24045d48aaa94df09016fe123) Importer(2089858483,b0f066a214c2f5e87bad3c948f4d605d)
Start importing Assets/Sprites/Explosion/Explosion_00126.png using Guid(a11f39f24045d48aaa94df09016fe123) Importer(2089858483,b0f066a214c2f5e87bad3c948f4d605d) (ScriptedImporter) -> (Import Result ID: 'f304276a292fc441c80ec72d30028066') in 0.0115717 seconds [static and dynamic dependencies]. Details - ImportResultOutputID=1a9d4a9cb1bc659b0abab3124840bfb2 DependenciesID=20bc41c76b1c2e18d57fa2645ac8565d StaticDependenciesID=ed73878291363c93ed34f23d9cdd887a 
Number of updated asset objects reloaded before import = 0Number of asset objects unloaded after import = 3

========================================================================
Received Import Request.
  Time since last request: 0.000018 seconds.
  path: Assets/Sprites/Explosion/Explosion_00031.png
  importAddress: Guid(a164bc74192c842469612dbc515f2fe6) Importer(2089858483,b0f066a214c2f5e87bad3c948f4d605d)
Start importing Assets/Sprites/Explosion/Explosion_00031.png using Guid(a164bc74192c842469612dbc515f2fe6) Importer(2089858483,b0f066a214c2f5e87bad3c948f4d605d) (ScriptedImporter) -> (Import Result ID: '14245f954f77f6b758c7b358add90c2b') in 0.0116405 seconds [static and dynamic dependencies]. Details - ImportResultOutputID=cafbe3ee6c394e8d7214c16ce7aca3e6 DependenciesID=cfd9998b344ecc81e24a50c5958630f5 StaticDependenciesID=bd58d84ccee9ae198e065c7127f9796d 
Number of updated asset objects reloaded before import = 0Number of asset objects unloaded after import = 3

========================================================================
Received Import Request.
  Time since last request: 0.470114 seconds.
  path: Assets/Sprites/Explosion/Explosion_00142.png
  importAddress: Guid(3dc106126d32d4a10831f237ec0b12c9) Importer(2089858483,b0f066a214c2f5e87bad3c948f4d605d)
Start importing Assets/Sprites/Explosion/Explosion_00142.png using Guid(3dc106126d32d4a10831f237ec0b12c9) Importer(2089858483,b0f066a214c2f5e87bad3c948f4d605d) (ScriptedImporter) -> (Import Result ID: 'ec1fd071c75d8b88f5071954a1822e86') in 0.0122682 seconds [static and dynamic dependencies]. Details - ImportResultOutputID=f53972090deadb1b7843d234f1b0b872 DependenciesID=06f4b4dac160d2ddcef37ca4aeb72a91 StaticDependenciesID=4205589e531542fdb5e7da75e7c4b0e8 
Number of updated asset objects reloaded before import = 0Number of asset objects unloaded after import = 3

========================================================================
Received Import Request.
  Time since last request: 0.000016 seconds.
  path: Assets/Sprites/Player_Hurt/Fire_00057.png
  importAddress: Guid(066c71a9e909f43018c6cf97ff2f5da8) Importer(2089858483,b0f066a214c2f5e87bad3c948f4d605d)
Start importing Assets/Sprites/Player_Hurt/Fire_00057.png using Guid(066c71a9e909f43018c6cf97ff2f5da8) Importer(2089858483,b0f066a214c2f5e87bad3c948f4d605d) (ScriptedImporter) -> (Import Result ID: '5905a49ce70cdbccb570c84e47c08414') in 0.0119199 seconds [static and dynamic dependencies]. Details - ImportResultOutputID=286e9c929e271cac75769671ebb22604 DependenciesID=2d928c083e7d2180c82945c9f1bd8259 StaticDependenciesID=8af40fe4ead02049b7a8ff52f91d47ea 
Number of updated asset objects reloaded before import = 0Number of asset objects unloaded after import = 3

========================================================================
Received Import Request.
  Time since last request: 0.000018 seconds.
  path: Assets/Standard Assets/PhysicsMaterials/Ice.physicmaterial
  importAddress: Guid(ba92fb44336020f40bdf294bb66bc9da) Importer(2089858483,b0f066a214c2f5e87bad3c948f4d605d)
Start importing Assets/Standard Assets/PhysicsMaterials/Ice.physicmaterial using Guid(ba92fb44336020f40bdf294bb66bc9da) Importer(2089858483,b0f066a214c2f5e87bad3c948f4d605d) (ScriptedImporter) -> (Import Result ID: '5405ef8e19f3b641a3f183a07793c2bd') in 0.008642 seconds [static and dynamic dependencies]. Details - ImportResultOutputID=fc8ed9bd314aa4a3d4188411d172fc0b DependenciesID=ac630e90b62f84f344fa16670d0d84b5 StaticDependenciesID=4cd57e7b81a45b0775e4c2e640f4f4b8 
Number of updated asset objects reloaded before import = 0Number of asset objects unloaded after import = 1

========================================================================
Received Import Request.
  Time since last request: 0.000063 seconds.
  path: Assets/Sprites/Player_Hurt/Fire_00036.png
  importAddress: Guid(84b95eeaef8734ba3a766c8431719562) Importer(2089858483,b0f066a214c2f5e87bad3c948f4d605d)
Start importing Assets/Sprites/Player_Hurt/Fire_00036.png using Guid(84b95eeaef8734ba3a766c8431719562) Importer(2089858483,b0f066a214c2f5e87bad3c948f4d605d) (ScriptedImporter) -> (Import Result ID: '6ff805bef599aee102b84e40d7e1fdee') in 0.0125876 seconds [static and dynamic dependencies]. Details - ImportResultOutputID=7e1b89aa3eb850c5a045b0d57b1cc2d0 DependenciesID=33248a2ca73f8a0399a8f64be3c841b1 StaticDependenciesID=a7f5ce0d4a6a210631007c99fc488f2c 
Number of updated asset objects reloaded before import = 0Number of asset objects unloaded after import = 3

========================================================================
Received Import Request.
  Time since last request: 0.000018 seconds.
  path: Assets/Sprites/Player_Shield/Shields_00014.png
  importAddress: Guid(37ede361fb7844d48ba151e67c7e9a39) Importer(2089858483,b0f066a214c2f5e87bad3c948f4d605d)
Start importing Assets/Sprites/Player_Shield/Shields_00014.png using Guid(37ede361fb7844d48ba151e67c7e9a39) Importer(2089858483,b0f066a214c2f5e87bad3c948f4d605d) (ScriptedImporter) -> (Import Result ID: '165227109e4295df8717de28607eac12') in 0.0124224 seconds [static and dynamic dependencies]. Details - ImportResultOutputID=7cbd7659b5bb1f00a33311e9bad82316 DependenciesID=423278888e2d8fb552ca157e2179af82 StaticDependenciesID=b42eb837fab2c7da857324ebba50e0ef 
Number of updated asset objects reloaded before import = 0Number of asset objects unloaded after import = 3

========================================================================
Received Import Request.
  Time since last request: 0.000018 seconds.
  path: Assets/Sprites/Thruster/Thruster_00009.png
  importAddress: Guid(298295185984547b7bb4fd2ed844f92c) Importer(2089858483,b0f066a214c2f5e87bad3c948f4d605d)
Start importing Assets/Sprites/Thruster/Thruster_00009.png using Guid(298295185984547b7bb4fd2ed844f92c) Importer(2089858483,b0f066a214c2f5e87bad3c948f4d605d) (ScriptedImporter) -> (Import Result ID: '578783db9db0db805d5709e517184e83') in 0.01162 seconds [static and dynamic dependencies]. Details - ImportResultOutputID=4e87ec307e92ee576268670fa4ec178a DependenciesID=ae2814664ab7b6eea08163d34e0a1643 StaticDependenciesID=1ed3bb2d07c50fb4994278847d561628 
Number of updated asset objects reloaded before import = 0Number of asset objects unloaded after import = 3

========================================================================
Received Import Request.
  Time since last request: 0.000015 seconds.
  path: Assets/Sprites/Explosion/Explosion_00147.png
  importAddress: Guid(e743cdaed082647e798d8145ff889a4c) Importer(2089858483,b0f066a214c2f5e87bad3c948f4d605d)
Start importing Assets/Sprites/Explosion/Explosion_00147.png using Guid(e743cdaed082647e798d8145ff889a4c) Importer(2089858483,b0f066a214c2f5e87bad3c948f4d605d) (ScriptedImporter) -> (Import Result ID: '0a9d8b36b922fc326f0d55a6ed38dee5') in 0.010666 seconds [static and dynamic dependencies]. Details - ImportResultOutputID=a81f9b85617bb7aa4d5f2ba0d68060ad DependenciesID=68973dfaf6ccfb35e55b8901d5a3e123 StaticDependenciesID=9b8b629c7fc5e7561f96a45876545829 
Number of updated asset objects reloaded before import = 0Number of asset objects unloaded after import = 3

========================================================================
Received Import Request.
  Time since last request: 0.000016 seconds.
  path: Assets/Sprites/Player_Hurt/Fire_00046.png
  importAddress: Guid(c6843f5bbc4e74c1eaecc3b065c2bc9f) Importer(2089858483,b0f066a214c2f5e87bad3c948f4d605d)
Start importing Assets/Sprites/Player_Hurt/Fire_00046.png using Guid(c6843f5bbc4e74c1eaecc3b065c2bc9f) Importer(2089858483,b0f066a214c2f5e87bad3c948f4d605d) (ScriptedImporter) -> (Import Result ID: 'd3cd4e7fe258d108e5b7e85a78e9c589') in 0.0106123 seconds [static and dynamic dependencies]. Details - ImportResultOutputID=dc4d54941dff90772dfe1f0b981940b7 DependenciesID=fef92306c50de72519950a665c0684b1 StaticDependenciesID=8802499d7c57ab3a0934da8f9bb31243 
Number of updated asset objects reloaded before import = 0Number of asset objects unloaded after import = 3

========================================================================
Received Import Request.
  Time since last request: 0.000016 seconds.
  path: Assets/Standard Assets/PhysicsMaterials/MaxFriction.physicMaterial
  importAddress: Guid(e52fb17f9b1e7fd48b8955f1391d3688) Importer(2089858483,b0f066a214c2f5e87bad3c948f4d605d)
Start importing Assets/Standard Assets/PhysicsMaterials/MaxFriction.physicMaterial using Guid(e52fb17f9b1e7fd48b8955f1391d3688) Importer(2089858483,b0f066a214c2f5e87bad3c948f4d605d) (ScriptedImporter) -> (Import Result ID: '72c6c896f58cf2817a268f8c96914919') in 0.0095296 seconds [static and dynamic dependencies]. Details - ImportResultOutputID=ab9cb8bb505031616dc463adeeeb41eb DependenciesID=609bf4b6dfcdc1bdc56eb6fa15f11941 StaticDependenciesID=9d880a0f3f00f820daeadd3e0b98f456 
Number of updated asset objects reloaded before import = 0Number of asset objects unloaded after import = 1

========================================================================
Received Import Request.
  Time since last request: 0.000044 seconds.
  path: Assets/Standard Assets/Utility/ActivateTrigger.cs
  importAddress: Guid(c8634e062924929664361c08745211fb) Importer(2089858483,b0f066a214c2f5e87bad3c948f4d605d)
Start importing Assets/Standard Assets/Utility/ActivateTrigger.cs using Guid(c8634e062924929664361c08745211fb) Importer(2089858483,b0f066a214c2f5e87bad3c948f4d605d) (ScriptedImporter) -> (Import Result ID: '27c1cce16759abe55763084f2e2f5fec') in 0.0089457 seconds [static and dynamic dependencies]. Details - ImportResultOutputID=df2b9ffb2745ecd476487b565a91b4b2 DependenciesID=275dcbb1ea4cbb8bb7f6c3ffca2d6aa4 StaticDependenciesID=4060a79905622190b29834806b008107 
Number of updated asset objects reloaded before import = 0Number of asset objects unloaded after import = 0

========================================================================
Received Import Request.
  Time since last request: 0.000064 seconds.
  path: Assets/Sprites/Player_Hurt/Fire_00025.png
  importAddress: Guid(0fb0c86510f5247809520525f9b15564) Importer(2089858483,b0f066a214c2f5e87bad3c948f4d605d)
Start importing Assets/Sprites/Player_Hurt/Fire_00025.png using Guid(0fb0c86510f5247809520525f9b15564) Importer(2089858483,b0f066a214c2f5e87bad3c948f4d605d) (ScriptedImporter) -> (Import Result ID: '752312d4c297d0c452b81db696b124bc') in 0.0126825 seconds [static and dynamic dependencies]. Details - ImportResultOutputID=f82406b2740e87c6c6b6c5e1b885e468 DependenciesID=d9c08a3f271aab3dcbf7de5ee8e2d497 StaticDependenciesID=206e7fc3a4f6439cd8f99454c62b9fd5 
Number of updated asset objects reloaded before import = 0Number of asset objects unloaded after import = 3

========================================================================
Received Import Request.
  Time since last request: 0.000019 seconds.
  path: Assets/Sprites/Player_Hurt/Fire_00060.png
  importAddress: Guid(d83579cdff4734088a5d1cc6055da698) Importer(2089858483,b0f066a214c2f5e87bad3c948f4d605d)
Start importing Assets/Sprites/Player_Hurt/Fire_00060.png using Guid(d83579cdff4734088a5d1cc6055da698) Importer(2089858483,b0f066a214c2f5e87bad3c948f4d605d) (ScriptedImporter) -> (Import Result ID: '267f2296f21c2d407249c62a36e0cc88') in 0.0149909 seconds [static and dynamic dependencies]. Details - ImportResultOutputID=8bbc7be3ca7ee418ca3a929cd52a6e4e DependenciesID=6de64fe1acf62bacd18c28981aa98699 StaticDependenciesID=15fa1ddc1a8dcfc1825f8e2e724cbddb 
Number of updated asset objects reloaded before import = 0Number of asset objects unloaded after import = 3

========================================================================
Received Import Request.
  Time since last request: 0.000022 seconds.
  path: Assets/Sprites/Thruster/Thruster_00020.png
  importAddress: Guid(5384ed7d929c146b98b21e1f48dfe591) Importer(2089858483,b0f066a214c2f5e87bad3c948f4d605d)
Start importing Assets/Sprites/Thruster/Thruster_00020.png using Guid(5384ed7d929c146b98b21e1f48dfe591) Importer(2089858483,b0f066a214c2f5e87bad3c948f4d605d) (ScriptedImporter) -> (Import Result ID: '6ab6d0b21242ee568b0ecfcaadd663c8') in 0.0123323 seconds [static and dynamic dependencies]. Details - ImportResultOutputID=20e0c6a377555e491c292a25c848468f DependenciesID=642e650f3d04ac4e5bf11153528299a0 StaticDependenciesID=1a64aa06b6e95ecfb0bb9e43b655004e 
Number of updated asset objects reloaded before import = 0Number of asset objects unloaded after import = 3

========================================================================
Received Import Request.
  Time since last request: 0.000016 seconds.
  path: Assets/Sprites/Player_Turn_Right/Player Turn Right0007.png
  importAddress: Guid(a5dba836ea2bb43149e8e73f5dbc6978) Importer(2089858483,b0f066a214c2f5e87bad3c948f4d605d)
Start importing Assets/Sprites/Player_Turn_Right/Player Turn Right0007.png using Guid(a5dba836ea2bb43149e8e73f5dbc6978) Importer(2089858483,b0f066a214c2f5e87bad3c948f4d605d) (ScriptedImporter) -> (Import Result ID: 'b8b9eab70bc3dc3030b48bc3f013663d') in 0.0110866 seconds [static and dynamic dependencies]. Details - ImportResultOutputID=4e1b42897efbd55e94bb526cba7c6336 DependenciesID=7ed0e533df8f408863d9e38add4f0aae StaticDependenciesID=28090af17269e38ced39f19a74c74a6b 
Number of updated asset objects reloaded before import = 0Number of asset objects unloaded after import = 3

========================================================================
Received Import Request.
  Time since last request: 0.000018 seconds.
  path: Assets/Sprites/Thruster/Thruster_00002.png
  importAddress: Guid(434b435b9093a49af9b771620ab9414a) Importer(2089858483,b0f066a214c2f5e87bad3c948f4d605d)
Start importing Assets/Sprites/Thruster/Thruster_00002.png using Guid(434b435b9093a49af9b771620ab9414a) Importer(2089858483,b0f066a214c2f5e87bad3c948f4d605d) (ScriptedImporter) -> (Import Result ID: 'd64cf90f030765f2f87faf1d922ccc77') in 0.0116313 seconds [static and dynamic dependencies]. Details - ImportResultOutputID=3c86d5a6196dc0447fe59d2e3f22084e DependenciesID=bc0914ad30bf8066419464ae9678cecd StaticDependenciesID=22f8caaaaaa2122a2bf8d362acc09eb5 
Number of updated asset objects reloaded before import = 0Number of asset objects unloaded after import = 3

========================================================================
Received Import Request.
  Time since last request: 0.000019 seconds.
  path: Assets/Sprites/Player_Hurt/Fire_00008.png
  importAddress: Guid(a988e2147f21b42eeafdd6d67a1398c9) Importer(2089858483,b0f066a214c2f5e87bad3c948f4d605d)
Start importing Assets/Sprites/Player_Hurt/Fire_00008.png using Guid(a988e2147f21b42eeafdd6d67a1398c9) Importer(2089858483,b0f066a214c2f5e87bad3c948f4d605d) (ScriptedImporter) -> (Import Result ID: '3803a93120ac2327f1ddc0e70e1c0737') in 0.0124885 seconds [static and dynamic dependencies]. Details - ImportResultOutputID=819ac26e0a12fa8e27cc8867c0f749d2 DependenciesID=991ce5a42fb7b1da4f5c1ed50e3eddd9 StaticDependenciesID=2d4fefc57dcd47be6e47c72fc93d0a4d 
Number of updated asset objects reloaded before import = 0Number of asset objects unloaded after import = 3

========================================================================
Received Import Request.
  Time since last request: 0.000019 seconds.
  path: Assets/Sprites/Player_Hurt/Fire_00012.png
  importAddress: Guid(b0ae7b83ce4004e8ca908d83ffdaa631) Importer(2089858483,b0f066a214c2f5e87bad3c948f4d605d)
Start importing Assets/Sprites/Player_Hurt/Fire_00012.png using Guid(b0ae7b83ce4004e8ca908d83ffdaa631) Importer(2089858483,b0f066a214c2f5e87bad3c948f4d605d) (ScriptedImporter) -> (Import Result ID: 'f806dfaf55a393183282535da70e8f57') in 0.0146453 seconds [static and dynamic dependencies]. Details - ImportResultOutputID=04b4cf3e23f4cda7892e1bb8e9cd3701 DependenciesID=699f35b612dffa0627708e729e7f59a8 StaticDependenciesID=c4f0752571155ea2ef10f1fc5b2c7e92 
Number of updated asset objects reloaded before import = 0Number of asset objects unloaded after import = 3

========================================================================
Received Import Request.
  Time since last request: 0.000026 seconds.
  path: Assets/Standard Assets/ParticleSystems/ParticleSystemsGuidelines.txt
  importAddress: Guid(2909cb28371e6664b88130f37d454605) Importer(2089858483,b0f066a214c2f5e87bad3c948f4d605d)
Start importing Assets/Standard Assets/ParticleSystems/ParticleSystemsGuidelines.txt using Guid(2909cb28371e6664b88130f37d454605) Importer(2089858483,b0f066a214c2f5e87bad3c948f4d605d) (ScriptedImporter) -> (Import Result ID: '3201298067f925b59d1b81a18c538ca8') in 0.0091742 seconds [static and dynamic dependencies]. Details - ImportResultOutputID=ec2cd3cf07c86626b011d3e06598527c DependenciesID=01ff69116635680cf07ac386961824fe StaticDependenciesID=04c4837b3596cc517546f3f34b7fb8cc 
Number of updated asset objects reloaded before import = 0Number of asset objects unloaded after import = 1

========================================================================
Received Import Request.
  Time since last request: 0.000043 seconds.
  path: Assets/Sprites/Player_Shield/Shields_00005.png
  importAddress: Guid(d046f3e796a384bb5974214c087ddbf2) Importer(2089858483,b0f066a214c2f5e87bad3c948f4d605d)
Start importing Assets/Sprites/Player_Shield/Shields_00005.png using Guid(d046f3e796a384bb5974214c087ddbf2) Importer(2089858483,b0f066a214c2f5e87bad3c948f4d605d) (ScriptedImporter) -> (Import Result ID: '495195887898accbc8636b55832f2ff9') in 0.0130325 seconds [static and dynamic dependencies]. Details - ImportResultOutputID=e7120fde1cb31b21ba0fe70200f604b7 DependenciesID=b84a252c8b5cccc08322d458001c5348 StaticDependenciesID=ba187ee35b29150fe409171c0bb13ef4 
Number of updated asset objects reloaded before import = 0Number of asset objects unloaded after import = 3

========================================================================
Received Import Request.
  Time since last request: 0.000021 seconds.
  path: Assets/Sprites/Player_Turn_Right/Player Turn Right0006.png
  importAddress: Guid(859bb78ca669f4810a60697db925b402) Importer(2089858483,b0f066a214c2f5e87bad3c948f4d605d)
Start importing Assets/Sprites/Player_Turn_Right/Player Turn Right0006.png using Guid(859bb78ca669f4810a60697db925b402) Importer(2089858483,b0f066a214c2f5e87bad3c948f4d605d) (ScriptedImporter) -> (Import Result ID: '3ee776d593d11b996290e4027315f73a') in 0.0123403 seconds [static and dynamic dependencies]. Details - ImportResultOutputID=e3e2eb6847897f796b6fd21c71eed5d0 DependenciesID=5fc75f168453a2526e03d7fc74d843e6 StaticDependenciesID=3f6303eb36172c01a54ba0249cc05858 
Number of updated asset objects reloaded before import = 0Number of asset objects unloaded after import = 3

========================================================================
Received Import Request.
  Time since last request: 0.000019 seconds.
  path: Assets/Sprites/Player_Hurt/Fire_00010.png
  importAddress: Guid(dec50e29c7aaf419296f5bd4367f7267) Importer(2089858483,b0f066a214c2f5e87bad3c948f4d605d)
Start importing Assets/Sprites/Player_Hurt/Fire_00010.png using Guid(dec50e29c7aaf419296f5bd4367f7267) Importer(2089858483,b0f066a214c2f5e87bad3c948f4d605d) (ScriptedImporter) -> (Import Result ID: 'f386270f5251d59ec3ac4940aaf87995') in 0.0113854 seconds [static and dynamic dependencies]. Details - ImportResultOutputID=cee3dca7887f3291041b6725a84137c9 DependenciesID=a4a09dbc6347d820d53c46497bb60686 StaticDependenciesID=bb0d32f931808563d040a3e7fd59f5df 
Number of updated asset objects reloaded before import = 0Number of asset objects unloaded after import = 3

========================================================================
Received Import Request.
  Time since last request: 0.000020 seconds.
  path: Assets/Sprites/Player_Hurt/Fire_00004.png
  importAddress: Guid(4be304567ca9445c6b56e5ee5ba36e98) Importer(2089858483,b0f066a214c2f5e87bad3c948f4d605d)
Start importing Assets/Sprites/Player_Hurt/Fire_00004.png using Guid(4be304567ca9445c6b56e5ee5ba36e98) Importer(2089858483,b0f066a214c2f5e87bad3c948f4d605d) (ScriptedImporter) -> (Import Result ID: 'c6c568acd91ed174206be125b503f612') in 0.0114669 seconds [static and dynamic dependencies]. Details - ImportResultOutputID=4158c8570dbda54be2ec65d88afb08d1 DependenciesID=f2dfdbf66b40b70cb8463234c33c58cf StaticDependenciesID=19079b10082b9c4077683a696533a00f 
Number of updated asset objects reloaded before import = 0Number of asset objects unloaded after import = 3

========================================================================
Received Import Request.
  Time since last request: 0.000021 seconds.
  path: Assets/Sprites/Player_Turn_Right/Player Turn Right0008.png
  importAddress: Guid(c83085279e66140008ba22ca901f4c4b) Importer(2089858483,b0f066a214c2f5e87bad3c948f4d605d)
Start importing Assets/Sprites/Player_Turn_Right/Player Turn Right0008.png using Guid(c83085279e66140008ba22ca901f4c4b) Importer(2089858483,b0f066a214c2f5e87bad3c948f4d605d) (ScriptedImporter) -> (Import Result ID: '553b8bfa403c9e2ea6746806ec0a9c17') in 0.0112761 seconds [static and dynamic dependencies]. Details - ImportResultOutputID=63bbcd2baee2558f8e3ec500cd4e4c37 DependenciesID=ef988d13a2da72aa1e08cbeabb0ac4f7 StaticDependenciesID=5ee2531d1c1cf96680349ccf1dfa7421 
Number of updated asset objects reloaded before import = 0Number of asset objects unloaded after import = 3

========================================================================
Received Import Request.
  Time since last request: 0.000021 seconds.
  path: Assets/Sprites/Thruster/Thruster_00001.png
  importAddress: Guid(1719806011a3d4b4282d1f99e4f050e9) Importer(2089858483,b0f066a214c2f5e87bad3c948f4d605d)
Start importing Assets/Sprites/Thruster/Thruster_00001.png using Guid(1719806011a3d4b4282d1f99e4f050e9) Importer(2089858483,b0f066a214c2f5e87bad3c948f4d605d) (ScriptedImporter) -> (Import Result ID: '75f71c2091579bcb42d9fddf958a8720') in 0.0112802 seconds [static and dynamic dependencies]. Details - ImportResultOutputID=633e7dd204a6cb6357e9d794d0ce1ff3 DependenciesID=3499822f31744a182e301fcc017ea93b StaticDependenciesID=dc93b3c2488e7095e021459543fe5477 
Number of updated asset objects reloaded before import = 0Number of asset objects unloaded after import = 3

========================================================================
Received Import Request.
  Time since last request: 0.000016 seconds.
  path: Assets/Sprites/Player_Hurt/Fire_00015.png
  importAddress: Guid(ff51c104d85124c8fb1eb734a7fdf6ba) Importer(2089858483,b0f066a214c2f5e87bad3c948f4d605d)
Start importing Assets/Sprites/Player_Hurt/Fire_00015.png using Guid(ff51c104d85124c8fb1eb734a7fdf6ba) Importer(2089858483,b0f066a214c2f5e87bad3c948f4d605d) (ScriptedImporter) -> (Import Result ID: '38abc825f90c6e6954902baaafcccd15') in 0.0112858 seconds [static and dynamic dependencies]. Details - ImportResultOutputID=25996e914bd06ad05bf9a0dd304f9bdb DependenciesID=4df604666cc291671661b1a1acf0bc4f StaticDependenciesID=78d8582c873d30ae63cc1c4315ad6834 
Number of updated asset objects reloaded before import = 0Number of asset objects unloaded after import = 3

========================================================================
Received Import Request.
  Time since last request: 0.000019 seconds.
  path: Assets/Sprites/Player_Hurt/Fire_00050.png
  importAddress: Guid(f449401c728d848b8afd50c0d87cae15) Importer(2089858483,b0f066a214c2f5e87bad3c948f4d605d)
Start importing Assets/Sprites/Player_Hurt/Fire_00050.png using Guid(f449401c728d848b8afd50c0d87cae15) Importer(2089858483,b0f066a214c2f5e87bad3c948f4d605d) (ScriptedImporter) -> (Import Result ID: '5960de10d08d3ec944d60f692391fe9b') in 0.0119557 seconds [static and dynamic dependencies]. Details - ImportResultOutputID=c3986d95b3a4cab69c43e7c734fbd5bd DependenciesID=60a01fe50b7265a8df7dc70064ac8a96 StaticDependenciesID=0547f9dc9d2df76b6eb7ae65de2cf418 
Number of updated asset objects reloaded before import = 0Number of asset objects unloaded after import = 3

========================================================================
Received Import Request.
  Time since last request: 0.000017 seconds.
  path: Assets/Sprites/Explosion/Explosion_00151.png
  importAddress: Guid(9af57da9ef0c745f4be8c14339aa9ee3) Importer(2089858483,b0f066a214c2f5e87bad3c948f4d605d)
Start importing Assets/Sprites/Explosion/Explosion_00151.png using Guid(9af57da9ef0c745f4be8c14339aa9ee3) Importer(2089858483,b0f066a214c2f5e87bad3c948f4d605d) (ScriptedImporter) -> (Import Result ID: '5562fbf3809497ca20a901b2398b9ef9') in 0.0110305 seconds [static and dynamic dependencies]. Details - ImportResultOutputID=54935032036448d614c7e25234030e5e DependenciesID=dd33e8bfe5a70edaec401765d0cc397e StaticDependenciesID=8543a8dd6d3eeeaa1d65595f51ade1a8 
Number of updated asset objects reloaded before import = 0Number of asset objects unloaded after import = 3

========================================================================
Received Import Request.
  Time since last request: 0.000032 seconds.
  path: Assets/Sprites/Player_Shield/Shields_00002.png
  importAddress: Guid(c94ce7e58e68d48199f16c2780d6c735) Importer(2089858483,b0f066a214c2f5e87bad3c948f4d605d)
Start importing Assets/Sprites/Player_Shield/Shields_00002.png using Guid(c94ce7e58e68d48199f16c2780d6c735) Importer(2089858483,b0f066a214c2f5e87bad3c948f4d605d) (ScriptedImporter) -> (Import Result ID: 'b085cd34c1405bd1cc6a8fa9e29cec1a') in 0.0178882 seconds [static and dynamic dependencies]. Details - ImportResultOutputID=af39c762bf083b9327e35787441491f9 DependenciesID=61f396363086afda84e09188fba5987d StaticDependenciesID=53ea78af000ef2fc235a899b06566f89 
Number of updated asset objects reloaded before import = 0Number of asset objects unloaded after import = 3

========================================================================
Received Import Request.
  Time since last request: 0.000021 seconds.
  path: Assets/Standard Assets/PhysicsMaterials/Bouncy.physicmaterial
  importAddress: Guid(9f93f63d068b08c459038c40fce897d8) Importer(2089858483,b0f066a214c2f5e87bad3c948f4d605d)
Start importing Assets/Standard Assets/PhysicsMaterials/Bouncy.physicmaterial using Guid(9f93f63d068b08c459038c40fce897d8) Importer(2089858483,b0f066a214c2f5e87bad3c948f4d605d) (ScriptedImporter) -> (Import Result ID: 'ff80f144bd538634e27b61cefc2e1cc2') in 0.0088377 seconds [static and dynamic dependencies]. Details - ImportResultOutputID=09acd199924b09cd09abb66d38b60a3e DependenciesID=ea53d7accc245abfe09b9f2519da1ffb StaticDependenciesID=f50e7fe39e01961a655646d42f0b97a6 
Number of updated asset objects reloaded before import = 0Number of asset objects unloaded after import = 1

========================================================================
Received Import Request.
  Time since last request: 0.000022 seconds.
  path: Assets/Standard Assets/PhysicsMaterials/Wood.physicmaterial
  importAddress: Guid(3aeb7dadc0c69d54d9e5777e9d5631f1) Importer(2089858483,b0f066a214c2f5e87bad3c948f4d605d)
Start importing Assets/Standard Assets/PhysicsMaterials/Wood.physicmaterial using Guid(3aeb7dadc0c69d54d9e5777e9d5631f1) Importer(2089858483,b0f066a214c2f5e87bad3c948f4d605d) (ScriptedImporter) -> (Import Result ID: 'fb9002c9094e7dfbad71a061c7eb9083') in 0.0067099 seconds [static and dynamic dependencies]. Details - ImportResultOutputID=45be2f454265b24c6228e59d945b68e0 DependenciesID=2ce651863d8f8faf6a25bf0572e311b9 StaticDependenciesID=2d087a3917963ee54995fb5e6c439063 
Number of updated asset objects reloaded before import = 0Number of asset objects unloaded after import = 1

========================================================================
Received Import Request.
  Time since last request: 0.000059 seconds.
  path: Assets/Sprites/Player_Hurt/Fire_00027.png
  importAddress: Guid(c64dc93513c1d43c4a32b4890bdd1094) Importer(2089858483,b0f066a214c2f5e87bad3c948f4d605d)
Start importing Assets/Sprites/Player_Hurt/Fire_00027.png using Guid(c64dc93513c1d43c4a32b4890bdd1094) Importer(2089858483,b0f066a214c2f5e87bad3c948f4d605d) (ScriptedImporter) -> (Import Result ID: '12c0d67c92787d45531d7e857e63545a') in 0.0103207 seconds [static and dynamic dependencies]. Details - ImportResultOutputID=a29608f87d1e26b33bbc299c334d2f93 DependenciesID=381c92b78bc29a8b625d336cf9031f6f StaticDependenciesID=6867e2767ba54b02034c9bdcb77da242 
Number of updated asset objects reloaded before import = 0Number of asset objects unloaded after import = 3

========================================================================
Received Import Request.
  Time since last request: 0.000019 seconds.
  path: Assets/Sprites/Player_Turn_Left/Player Turn Left0003.png
  importAddress: Guid(07f1dc456c0c944c69246ec5b62e015a) Importer(2089858483,b0f066a214c2f5e87bad3c948f4d605d)
Start importing Assets/Sprites/Player_Turn_Left/Player Turn Left0003.png using Guid(07f1dc456c0c944c69246ec5b62e015a) Importer(2089858483,b0f066a214c2f5e87bad3c948f4d605d) (ScriptedImporter) -> (Import Result ID: '4646cd0f908f3a7ef970603ab2f7bdc1') in 0.0117992 seconds [static and dynamic dependencies]. Details - ImportResultOutputID=12bcaf77e432b6a6410e16edc1f37613 DependenciesID=c392066fd726ddaf85b2537b48b2f050 StaticDependenciesID=92905b7dc5b25c5e4e872077fb7b125f 
Number of updated asset objects reloaded before import = 0Number of asset objects unloaded after import = 3

========================================================================
Received Import Request.
  Time since last request: 0.000015 seconds.
  path: Assets/Sprites/Player_Hurt/Fire_00013.png
  importAddress: Guid(3a43fe5b2e63b4302a97218aadad922b) Importer(2089858483,b0f066a214c2f5e87bad3c948f4d605d)
Start importing Assets/Sprites/Player_Hurt/Fire_00013.png using Guid(3a43fe5b2e63b4302a97218aadad922b) Importer(2089858483,b0f066a214c2f5e87bad3c948f4d605d) (ScriptedImporter) -> (Import Result ID: '9882c029c44a30286c8d3237ef98906f') in 0.0108527 seconds [static and dynamic dependencies]. Details - ImportResultOutputID=c1c60f1abeca384a9ad1e665b46f8f1a DependenciesID=b7fe9936149669ef3dfb444c130e1352 StaticDependenciesID=99943b2a1122bda2d057d9e32def53ab 
Number of updated asset objects reloaded before import = 0Number of asset objects unloaded after import = 3

========================================================================
Received Import Request.
  Time since last request: 0.000015 seconds.
  path: Assets/Standard Assets/Utility/AutoMoveAndRotate.cs
  importAddress: Guid(a1347817507220a4384f3ff6f7c24546) Importer(2089858483,b0f066a214c2f5e87bad3c948f4d605d)
Start importing Assets/Standard Assets/Utility/AutoMoveAndRotate.cs using Guid(a1347817507220a4384f3ff6f7c24546) Importer(2089858483,b0f066a214c2f5e87bad3c948f4d605d) (ScriptedImporter) -> (Import Result ID: '738fda9b6a71d95bb6e3933fecc74bbc') in 0.0087731 seconds [static and dynamic dependencies]. Details - ImportResultOutputID=04aac40d8692fd39dd5934cf2749bfe8 DependenciesID=787b6fa42189f47a9187a0dfade65094 StaticDependenciesID=ac9539f1e7da59325ee3cb8706c41f02 
Number of updated asset objects reloaded before import = 0Number of asset objects unloaded after import = 0

========================================================================
Received Import Request.
  Time since last request: 0.000056 seconds.
  path: Assets/Sprites/Player_Hurt/Fire_00038.png
  importAddress: Guid(b0798feba2b474760abfb4215954dc0e) Importer(2089858483,b0f066a214c2f5e87bad3c948f4d605d)
Start importing Assets/Sprites/Player_Hurt/Fire_00038.png using Guid(b0798feba2b474760abfb4215954dc0e) Importer(2089858483,b0f066a214c2f5e87bad3c948f4d605d) (ScriptedImporter) -> (Import Result ID: '4fcca6ffc80c7f13cac544b70a8352c7') in 0.014653 seconds [static and dynamic dependencies]. Details - ImportResultOutputID=11eaca8106c340bdf6e1a397984a0f03 DependenciesID=6f986e6dd329b451d20486e2eb42f5fb StaticDependenciesID=4a4979fdb717c8f073c1d7bcca01cec4 
Number of updated asset objects reloaded before import = 0Number of asset objects unloaded after import = 3

========================================================================
Received Import Request.
  Time since last request: 0.000016 seconds.
  path: Assets/Standard Assets/Utility/AlphaButtonClickMask.cs
  importAddress: Guid(971f44ba24a74294294daed00507d80e) Importer(2089858483,b0f066a214c2f5e87bad3c948f4d605d)
Start importing Assets/Standard Assets/Utility/AlphaButtonClickMask.cs using Guid(971f44ba24a74294294daed00507d80e) Importer(2089858483,b0f066a214c2f5e87bad3c948f4d605d) (ScriptedImporter) -> (Import Result ID: '2c399dec0b2ee93a1803e6897c6bde31') in 0.0090329 seconds [static and dynamic dependencies]. Details - ImportResultOutputID=22ad0e332cc6585f6ac671b3f6888e44 DependenciesID=eed61648b8f5d4fc137fc7bb4434a120 StaticDependenciesID=bea03912081fe85a293cca9c1bc6578a 
Number of updated asset objects reloaded before import = 0Number of asset objects unloaded after import = 0

========================================================================
Received Import Request.
  Time since last request: 0.000018 seconds.
  path: Assets/Sprites/Player_Hurt/Fire_00055.png
  importAddress: Guid(9762b8f440aef4ced949fec76db6ccf2) Importer(2089858483,b0f066a214c2f5e87bad3c948f4d605d)
Start importing Assets/Sprites/Player_Hurt/Fire_00055.png using Guid(9762b8f440aef4ced949fec76db6ccf2) Importer(2089858483,b0f066a214c2f5e87bad3c948f4d605d) (ScriptedImporter) -> (Import Result ID: '32942f08eeec0bfe1880aed8ed3375a6') in 0.0114309 seconds [static and dynamic dependencies]. Details - ImportResultOutputID=0f60e8af80f34a460156d5fbb73e3502 DependenciesID=95562e5f8245321842ddc733fd7d04d9 StaticDependenciesID=187d5e144a76e29e68035fc85702d8c3 
Number of updated asset objects reloaded before import = 0Number of asset objects unloaded after import = 3

========================================================================
Received Import Request.
  Time since last request: 0.347155 seconds.
  path: Assets/Standard Assets/Utility/CurveControlledBob.cs
  importAddress: Guid(492f54f4accf00440828ffcb9e4fcc19) Importer(2089858483,b0f066a214c2f5e87bad3c948f4d605d)
Start importing Assets/Standard Assets/Utility/CurveControlledBob.cs using Guid(492f54f4accf00440828ffcb9e4fcc19) Importer(2089858483,b0f066a214c2f5e87bad3c948f4d605d) (ScriptedImporter) -> (Import Result ID: '17c431b61bb0e76311968de021121102') in 0.0077224 seconds [static and dynamic dependencies]. Details - ImportResultOutputID=70c3dd03dca46d6195cf367306c3b728 DependenciesID=c5a744072047bd03bd2d36bfa4b2d092 StaticDependenciesID=1d7faa0ca08e8285c03961ab449df4c3 
Number of updated asset objects reloaded before import = 0Number of asset objects unloaded after import = 0

========================================================================
Received Import Request.
  Time since last request: 0.000052 seconds.
  path: Assets/Sprites/Power_Ups/Triple_Shot/Powerup3_0008_00004.png
  importAddress: Guid(08721a7e8122ae54cb60f5e90df70269) Importer(2089858483,b0f066a214c2f5e87bad3c948f4d605d)
Start importing Assets/Sprites/Power_Ups/Triple_Shot/Powerup3_0008_00004.png using Guid(08721a7e8122ae54cb60f5e90df70269) Importer(2089858483,b0f066a214c2f5e87bad3c948f4d605d) (ScriptedImporter) -> (Import Result ID: '46154853c5a875562ba0842e76239500') in 0.0138878 seconds [static and dynamic dependencies]. Details - ImportResultOutputID=7b9efe99552d9342997dfa994a260534 DependenciesID=08bf2f1cd0bc274a34f6e8bba060c998 StaticDependenciesID=1bf5abc2c22b0d0c71027374c2c6fd39 
Number of updated asset objects reloaded before import = 0Number of asset objects unloaded after import = 3

========================================================================
Received Import Request.
  Time since last request: 0.000031 seconds.
  path: Assets/Standard Assets/CrossPlatformInput/Sprites/ButtonArrowOverSprite.png
  importAddress: Guid(49b611e658efbf443b686a4036f74fe3) Importer(2089858483,b0f066a214c2f5e87bad3c948f4d605d)
Start importing Assets/Standard Assets/CrossPlatformInput/Sprites/ButtonArrowOverSprite.png using Guid(49b611e658efbf443b686a4036f74fe3) Importer(2089858483,b0f066a214c2f5e87bad3c948f4d605d) (ScriptedImporter) -> (Import Result ID: '8cf49391b82104d71d13adbcb86adb98') in 0.0098098 seconds [static and dynamic dependencies]. Details - ImportResultOutputID=574aa0777fcb5f373f1d7c61bd8e0a20 DependenciesID=bf96c60569e6e1633f412c80d9721f8e StaticDependenciesID=d5faa180f8d39e115f5386df8e285270 
Number of updated asset objects reloaded before import = 0Number of asset objects unloaded after import = 3

========================================================================
Received Import Request.
  Time since last request: 0.000025 seconds.
  path: Assets/Standard Assets/ParticleSystems/Prefabs/TyreBurnoutSmoke.prefab
  importAddress: Guid(98c58c8dd46640c49bb5f557afafea7c) Importer(2089858483,b0f066a214c2f5e87bad3c948f4d605d)
Start importing Assets/Standard Assets/ParticleSystems/Prefabs/TyreBurnoutSmoke.prefab using Guid(98c58c8dd46640c49bb5f557afafea7c) Importer(2089858483,b0f066a214c2f5e87bad3c948f4d605d) (ScriptedImporter) -> (Import Result ID: '89dcdfb04714fb8d873c144b8f224428') in 0.0557415 seconds [static and dynamic dependencies]. Details - ImportResultOutputID=3b4be3e70f2c2fae05f1c1a9a2ab49f7 DependenciesID=ecf0ba4aba9cceb19beb34ca4deb6926 StaticDependenciesID=87020c81b50cb39c6122b6e52d4aacbf 
Number of updated asset objects reloaded before import = 0Number of asset objects unloaded after import = 6

========================================================================
Received Import Request.
  Time since last request: 0.000019 seconds.
  path: Assets/Standard Assets/CrossPlatformInput/Sprites/ButtonTimescaleSlowUpSprite.png
  importAddress: Guid(9d7c6e4896067aa4fa512a00f692ac1c) Importer(2089858483,b0f066a214c2f5e87bad3c948f4d605d)
Start importing Assets/Standard Assets/CrossPlatformInput/Sprites/ButtonTimescaleSlowUpSprite.png using Guid(9d7c6e4896067aa4fa512a00f692ac1c) Importer(2089858483,b0f066a214c2f5e87bad3c948f4d605d) (ScriptedImporter) -> (Import Result ID: 'e7eddf294c2d41f6a81c37689c70c367') in 0.011905 seconds [static and dynamic dependencies]. Details - ImportResultOutputID=9072504f0f17429c8b57b884031a02a9 DependenciesID=c47c492145baa199a478859d9b21a491 StaticDependenciesID=77e6dc8bc4555155f4239c74bdff378d 
Number of updated asset objects reloaded before import = 0Number of asset objects unloaded after import = 3

========================================================================
Received Import Request.
  Time since last request: 0.000019 seconds.
  path: Assets/Sprites/Power_Ups/Speed/Powerup1_0008_00002.psd
  importAddress: Guid(c7c2dfe89c40d80408f4c2373da8dd84) Importer(2089858483,b0f066a214c2f5e87bad3c948f4d605d)
Start importing Assets/Sprites/Power_Ups/Speed/Powerup1_0008_00002.psd using Guid(c7c2dfe89c40d80408f4c2373da8dd84) Importer(2089858483,b0f066a214c2f5e87bad3c948f4d605d) (ScriptedImporter) -> (Import Result ID: '78d850d91413f5f33781ab5b57723d02') in 0.0114492 seconds [static and dynamic dependencies]. Details - ImportResultOutputID=c464613b4db872ef9a736778711136cf DependenciesID=b88a7cb1ffc63bd5cdb7a868c9f83061 StaticDependenciesID=7c242ecacde20e4570f4626d3d5fb6d7 
Number of updated asset objects reloaded before import = 0Number of asset objects unloaded after import = 3

========================================================================
Received Import Request.
  Time since last request: 0.000018 seconds.
  path: Assets/Standard Assets/ParticleSystems/Prefabs/Flare.prefab
  importAddress: Guid(0438351a6e6422d43a09930e9be00ee9) Importer(2089858483,b0f066a214c2f5e87bad3c948f4d605d)
Start importing Assets/Standard Assets/ParticleSystems/Prefabs/Flare.prefab using Guid(0438351a6e6422d43a09930e9be00ee9) Importer(2089858483,b0f066a214c2f5e87bad3c948f4d605d) (ScriptedImporter) -> (Import Result ID: '69bf5d7b22fb69bed6b89f562ce5a76e') in 0.0234187 seconds [static and dynamic dependencies]. Details - ImportResultOutputID=8f819b68afbb2cfc951ed072ec5ccb66 DependenciesID=8e6a3206ccfebb52d3b75a50c6fdd266 StaticDependenciesID=256d9e54f986ad5692e5fface6c698bc 
Number of updated asset objects reloaded before import = 0Number of asset objects unloaded after import = 14

========================================================================
Received Import Request.
  Time since last request: 0.000016 seconds.
  path: Assets/Standard Assets/CrossPlatformInput/Sprites/ButtonResetSprite.png
  importAddress: Guid(a94c9a7eb94ceec4a8d67a1890e22e51) Importer(2089858483,b0f066a214c2f5e87bad3c948f4d605d)
Start importing Assets/Standard Assets/CrossPlatformInput/Sprites/ButtonResetSprite.png using Guid(a94c9a7eb94ceec4a8d67a1890e22e51) Importer(2089858483,b0f066a214c2f5e87bad3c948f4d605d) (ScriptedImporter) -> (Import Result ID: '8ef5944858229dab1dc3c2f072ad1a7a') in 0.0113821 seconds [static and dynamic dependencies]. Details - ImportResultOutputID=3d2f3adbcb1958d4ebfa4dbc549b2f3d DependenciesID=90f623c9664fe82a7aa915f60bbd6828 StaticDependenciesID=13b971694e8432aacbd454eca3446d69 
Number of updated asset objects reloaded before import = 0Number of asset objects unloaded after import = 3

========================================================================
Received Import Request.
  Time since last request: 0.000018 seconds.
  path: Assets/Standard Assets/CrossPlatformInput/Sprites/SliderBackgroundSprite.png
  importAddress: Guid(ea5873cfd9158664f89459f0c9e1d853) Importer(2089858483,b0f066a214c2f5e87bad3c948f4d605d)
Start importing Assets/Standard Assets/CrossPlatformInput/Sprites/SliderBackgroundSprite.png using Guid(ea5873cfd9158664f89459f0c9e1d853) Importer(2089858483,b0f066a214c2f5e87bad3c948f4d605d) (ScriptedImporter) -> (Import Result ID: 'c044cd5ca70202b48e3ffd88953f03c8') in 0.0119162 seconds [static and dynamic dependencies]. Details - ImportResultOutputID=35f039d02f1f7bf03e3d5af5868ea2c7 DependenciesID=1ca471b889439f48f39bf90059cd63a3 StaticDependenciesID=0bd427f9250a84fc8d5eb29d0fa82331 
Number of updated asset objects reloaded before import = 0Number of asset objects unloaded after import = 3

========================================================================
Received Import Request.
  Time since last request: 0.000021 seconds.
  path: Assets/Standard Assets/2D/Scripts/Restarter.cs
  importAddress: Guid(e053b0a94752146e79954ce4df1b5565) Importer(2089858483,b0f066a214c2f5e87bad3c948f4d605d)
Start importing Assets/Standard Assets/2D/Scripts/Restarter.cs using Guid(e053b0a94752146e79954ce4df1b5565) Importer(2089858483,b0f066a214c2f5e87bad3c948f4d605d) (ScriptedImporter) -> (Import Result ID: '57a86d9df80dc432602c41266bbe4b38') in 0.0082401 seconds [static and dynamic dependencies]. Details - ImportResultOutputID=bd736b4c495948b465f4e297282b07c1 DependenciesID=67e80d2bee03768d1cf5c294527e77a5 StaticDependenciesID=697c13c8c93f990d01b20dcd2deca762 
Number of updated asset objects reloaded before import = 0Number of asset objects unloaded after import = 0

========================================================================
Received Import Request.
  Time since last request: 0.000017 seconds.
  path: Assets/Standard Assets/ParticleSystems/Materials/ParticleFlames.mat
  importAddress: Guid(3bfa2f095c911d649bf4cb92a55ac974) Importer(2089858483,b0f066a214c2f5e87bad3c948f4d605d)
Start importing Assets/Standard Assets/ParticleSystems/Materials/ParticleFlames.mat using Guid(3bfa2f095c911d649bf4cb92a55ac974) Importer(2089858483,b0f066a214c2f5e87bad3c948f4d605d) (ScriptedImporter) -> (Import Result ID: 'ec78c9e725588c687550026f991e8a73') in 0.0150498 seconds [static and dynamic dependencies]. Details - ImportResultOutputID=79392461f720f1793e486eee6af8400d DependenciesID=cf83a2b4dfb4b977958fab8c8a5da8d2 StaticDependenciesID=cc2ffbcf0633ea420566ed23db02a870 
Number of updated asset objects reloaded before import = 0Number of asset objects unloaded after import = 2

========================================================================
Received Import Request.
  Time since last request: 0.000020 seconds.
  path: Assets/Standard Assets/2D/Sprites/RobotBoyIdleSprite.png
  importAddress: Guid(8fb98a6035269e64a998f9b56828fc4f) Importer(2089858483,b0f066a214c2f5e87bad3c948f4d605d)
Start importing Assets/Standard Assets/2D/Sprites/RobotBoyIdleSprite.png using Guid(8fb98a6035269e64a998f9b56828fc4f) Importer(2089858483,b0f066a214c2f5e87bad3c948f4d605d) (ScriptedImporter) -> (Import Result ID: 'f695c037aca39beb35974573ca1bc49e') in 0.0286276 seconds [static and dynamic dependencies]. Details - ImportResultOutputID=41ec52ba3372a4ea8d94110388354105 DependenciesID=b77798038b46288b4e74f20955a69968 StaticDependenciesID=2d764f00668671959bf9ce0bdf01eaba 
Number of updated asset objects reloaded before import = 0Number of asset objects unloaded after import = 32

========================================================================
Received Import Request.
  Time since last request: 0.000017 seconds.
  path: Assets/Sprites/Power_Ups/Triple_Shot/Powerup3_0008_00001.png
  importAddress: Guid(94af496add7d99549a0a09e585214f18) Importer(2089858483,b0f066a214c2f5e87bad3c948f4d605d)
Start importing Assets/Sprites/Power_Ups/Triple_Shot/Powerup3_0008_00001.png using Guid(94af496add7d99549a0a09e585214f18) Importer(2089858483,b0f066a214c2f5e87bad3c948f4d605d) (ScriptedImporter) -> (Import Result ID: '99a0011a444f94dd80c2a0226dd0c9b7') in 0.0122639 seconds [static and dynamic dependencies]. Details - ImportResultOutputID=f2c29a4a65891f24282edd1e61f36714 DependenciesID=74badad84e381137d91a59d29cd93ae2 StaticDependenciesID=4d379be14e0df671ba8aeebc21a97255 
Number of updated asset objects reloaded before import = 0Number of asset objects unloaded after import = 3

========================================================================
Received Import Request.
  Time since last request: 0.000020 seconds.
  path: Assets/Standard Assets/Utility/SimpleMouseRotator.cs
  importAddress: Guid(cadd54e4832aeef4b9359f44cbe335cd) Importer(2089858483,b0f066a214c2f5e87bad3c948f4d605d)
Start importing Assets/Standard Assets/Utility/SimpleMouseRotator.cs using Guid(cadd54e4832aeef4b9359f44cbe335cd) Importer(2089858483,b0f066a214c2f5e87bad3c948f4d605d) (ScriptedImporter) -> (Import Result ID: 'caa0ad96b457f259c66809b8091291d2') in 0.008731 seconds [static and dynamic dependencies]. Details - ImportResultOutputID=6212f8e8767b062bac1fc227c47f1fe9 DependenciesID=c10ebdb6647e7d46863fac1a17823a71 StaticDependenciesID=c56d4eebf0d208d204a65b32cf9feb6a 
Number of updated asset objects reloaded before import = 0Number of asset objects unloaded after import = 0

========================================================================
Received Import Request.
  Time since last request: 0.000051 seconds.
  path: Assets/Sprites/Power_Ups/Shield/Powerup2_0008_00015.png
  importAddress: Guid(a8b4823231948864e8d16988e06b4d37) Importer(2089858483,b0f066a214c2f5e87bad3c948f4d605d)
Start importing Assets/Sprites/Power_Ups/Shield/Powerup2_0008_00015.png using Guid(a8b4823231948864e8d16988e06b4d37) Importer(2089858483,b0f066a214c2f5e87bad3c948f4d605d) (ScriptedImporter) -> (Import Result ID: '6af28b407b9ddd6e21aeb6ead33d136b') in 0.0122168 seconds [static and dynamic dependencies]. Details - ImportResultOutputID=56fb12531e2437cf778506b2e5ee5a20 DependenciesID=c0db34215620c122ce6147d0f768df37 StaticDependenciesID=7872142b047410cdcf0f9eb4335ee535 
Number of updated asset objects reloaded before import = 0Number of asset objects unloaded after import = 3

========================================================================
Received Import Request.
  Time since last request: 0.000017 seconds.
  path: Assets/Standard Assets/ParticleSystems/Materials/ParticleSmokeVertlit.mat
  importAddress: Guid(225843b6084e75440a6ea970a17c93aa) Importer(2089858483,b0f066a214c2f5e87bad3c948f4d605d)
Start importing Assets/Standard Assets/ParticleSystems/Materials/ParticleSmokeVertlit.mat using Guid(225843b6084e75440a6ea970a17c93aa) Importer(2089858483,b0f066a214c2f5e87bad3c948f4d605d) (ScriptedImporter) -> (Import Result ID: 'c0cb0aa8022ab3ebc9f8e0fb9871a7e6') in 0.0103142 seconds [static and dynamic dependencies]. Details - ImportResultOutputID=17421978bbd874f5c7891562c3ef4c3d DependenciesID=377f91e81b8e062852af8d74864c5bb9 StaticDependenciesID=97638e9a4d29a91e738a8d787f97b146 
Number of updated asset objects reloaded before import = 0Number of asset objects unloaded after import = 2

========================================================================
Received Import Request.
  Time since last request: 0.000020 seconds.
  path: Assets/Sprites/Power_Ups/Shield/Powerup2_0008_00003.png
  importAddress: Guid(d1f03e683e3e74fd69b10f273c9f363f) Importer(2089858483,b0f066a214c2f5e87bad3c948f4d605d)
Start importing Assets/Sprites/Power_Ups/Shield/Powerup2_0008_00003.png using Guid(d1f03e683e3e74fd69b10f273c9f363f) Importer(2089858483,b0f066a214c2f5e87bad3c948f4d605d) (ScriptedImporter) -> (Import Result ID: 'e09a0b05dbb9314a9421e7861bc8f63d') in 0.0116912 seconds [static and dynamic dependencies]. Details - ImportResultOutputID=c22914d7a0dea435370b38da70719b6e DependenciesID=aa52babfcaf937dff8a09457ebdc81e3 StaticDependenciesID=c7a719522aa0ff541df353d9a69c7f15 
Number of updated asset objects reloaded before import = 0Number of asset objects unloaded after import = 3

========================================================================
Received Import Request.
  Time since last request: 0.000017 seconds.
  path: Assets/Standard Assets/Utility/ForcedReset.cs
  importAddress: Guid(9b886447cba80f74e820adb3c9e70c76) Importer(2089858483,b0f066a214c2f5e87bad3c948f4d605d)
Start importing Assets/Standard Assets/Utility/ForcedReset.cs using Guid(9b886447cba80f74e820adb3c9e70c76) Importer(2089858483,b0f066a214c2f5e87bad3c948f4d605d) (ScriptedImporter) -> (Import Result ID: '3ae55840955b4c9f18293402cbf3ecfb') in 0.0072386 seconds [static and dynamic dependencies]. Details - ImportResultOutputID=88500a431bd54f38692ca9fb3725e345 DependenciesID=bf959c2de2a5a6bc6b3462dc075310f0 StaticDependenciesID=41b709e26edac011ff861134aeae2561 
Number of updated asset objects reloaded before import = 0Number of asset objects unloaded after import = 0

========================================================================
Received Import Request.
  Time since last request: 0.000040 seconds.
  path: Assets/Sprites/Power_Ups/Shield/Powerup2_0008_00007.png
  importAddress: Guid(8788e2dc8f4f34762913b838e53065ae) Importer(2089858483,b0f066a214c2f5e87bad3c948f4d605d)
Start importing Assets/Sprites/Power_Ups/Shield/Powerup2_0008_00007.png using Guid(8788e2dc8f4f34762913b838e53065ae) Importer(2089858483,b0f066a214c2f5e87bad3c948f4d605d) (ScriptedImporter) -> (Import Result ID: 'bb8b65c574c19424ee228b370812fdd0') in 0.011949 seconds [static and dynamic dependencies]. Details - ImportResultOutputID=05517efde1aa2789ff1f374e05e2f4a4 DependenciesID=cfcf3a5c4ae6a72aee1147e5de4a79af StaticDependenciesID=abbabb8fb6caf0c9e6638c7d1f0a00f4 
Number of updated asset objects reloaded before import = 0Number of asset objects unloaded after import = 3

========================================================================
Received Import Request.
  Time since last request: 0.000020 seconds.
  path: Assets/Sprites/UI/Lives/One.png
  importAddress: Guid(80fba5ece7697c44eacc036539c1b552) Importer(2089858483,b0f066a214c2f5e87bad3c948f4d605d)
Start importing Assets/Sprites/UI/Lives/One.png using Guid(80fba5ece7697c44eacc036539c1b552) Importer(2089858483,b0f066a214c2f5e87bad3c948f4d605d) (ScriptedImporter) -> (Import Result ID: '9bef760e0822953707ed940f093bc6aa') in 0.0107366 seconds [static and dynamic dependencies]. Details - ImportResultOutputID=dde3c861be40e8b04a944178c6fba153 DependenciesID=d0a4749a3cd158a353f9cc5927990a21 StaticDependenciesID=fec0ea076d9e308fa15c7677a5c54696 
Number of updated asset objects reloaded before import = 0Number of asset objects unloaded after import = 3

========================================================================
Received Import Request.
  Time since last request: 0.000017 seconds.
  path: Assets/Standard Assets/2D/Animations/RobotBoyJump11.anim
  importAddress: Guid(c5944ac50c6dc9442844cef438bb36fe) Importer(2089858483,b0f066a214c2f5e87bad3c948f4d605d)
Start importing Assets/Standard Assets/2D/Animations/RobotBoyJump11.anim using Guid(c5944ac50c6dc9442844cef438bb36fe) Importer(2089858483,b0f066a214c2f5e87bad3c948f4d605d) (ScriptedImporter) -> (Import Result ID: 'b1eebd1bfd3a51ae9206fbfed472ba41') in 0.0116729 seconds [static and dynamic dependencies]. Details - ImportResultOutputID=ec4c5e1297da0ee2742b67cb6ba4efdc DependenciesID=81d769c79d3d0264f25cba573f76c388 StaticDependenciesID=3705a88ca267823e62e535b6260e5558 
Number of updated asset objects reloaded before import = 0Number of asset objects unloaded after import = 1

========================================================================
Received Import Request.
  Time since last request: 0.000020 seconds.
  path: Assets/Standard Assets/2D/Sprites/RobotBoyJumpSprite.png
  importAddress: Guid(9e1a2edf6149977479db158e4fbf9671) Importer(2089858483,b0f066a214c2f5e87bad3c948f4d605d)
Start importing Assets/Standard Assets/2D/Sprites/RobotBoyJumpSprite.png using Guid(9e1a2edf6149977479db158e4fbf9671) Importer(2089858483,b0f066a214c2f5e87bad3c948f4d605d) (ScriptedImporter) -> (Import Result ID: '37bd638ddb2e257b64253a4c8ddb6a27') in 0.0266818 seconds [static and dynamic dependencies]. Details - ImportResultOutputID=1fc2ddf6e4ebfd15e1b92d4a347a13ec DependenciesID=2a5434479c9c01a23e32a2b0e816721e StaticDependenciesID=21a14adb187928b0f8059456ab3d83dd 
Number of updated asset objects reloaded before import = 0Number of asset objects unloaded after import = 28

========================================================================
Received Import Request.
  Time since last request: 0.000020 seconds.
  path: Assets/Standard Assets/Utility/FPSCounter.cs
  importAddress: Guid(22bbf57ec543cee42a5aa0ec2dd9e457) Importer(2089858483,b0f066a214c2f5e87bad3c948f4d605d)
Start importing Assets/Standard Assets/Utility/FPSCounter.cs using Guid(22bbf57ec543cee42a5aa0ec2dd9e457) Importer(2089858483,b0f066a214c2f5e87bad3c948f4d605d) (ScriptedImporter) -> (Import Result ID: '5cd3f771fffde218781800ee85822ec4') in 0.0086741 seconds [static and dynamic dependencies]. Details - ImportResultOutputID=d781df1dc4fb4ce182f15c05050e12c4 DependenciesID=e97ea620ba67e30a2f4cce309f7652d1 StaticDependenciesID=bb909dbd603f94876004192bf2ba11c1 
Number of updated asset objects reloaded before import = 0Number of asset objects unloaded after import = 0

========================================================================
Received Import Request.
  Time since last request: 0.000038 seconds.
  path: Assets/Standard Assets/ParticleSystems/Scripts/ExplosionFireAndDebris.cs
  importAddress: Guid(009fbf49e77db344db366a646868e02d) Importer(2089858483,b0f066a214c2f5e87bad3c948f4d605d)
Start importing Assets/Standard Assets/ParticleSystems/Scripts/ExplosionFireAndDebris.cs using Guid(009fbf49e77db344db366a646868e02d) Importer(2089858483,b0f066a214c2f5e87bad3c948f4d605d) (ScriptedImporter) -> (Import Result ID: '68870162ea988ce79d7600023e1a4809') in 0.0080279 seconds [static and dynamic dependencies]. Details - ImportResultOutputID=8821cc31aebcf2771852cfaa823a2c50 DependenciesID=4567f80b1eec881ae2c909cb8aa263ac StaticDependenciesID=3e0d24fe6441c2ae3eb899cd71e0d79b 
Number of updated asset objects reloaded before import = 0Number of asset objects unloaded after import = 0

========================================================================
Received Import Request.
  Time since last request: 0.000056 seconds.
  path: Assets/Standard Assets/ParticleSystems/Prefabs/FlareMobile.prefab
  importAddress: Guid(ccbcfc705a39717429590a9f247ec30a) Importer(2089858483,b0f066a214c2f5e87bad3c948f4d605d)
Start importing Assets/Standard Assets/ParticleSystems/Prefabs/FlareMobile.prefab using Guid(ccbcfc705a39717429590a9f247ec30a) Importer(2089858483,b0f066a214c2f5e87bad3c948f4d605d) (ScriptedImporter) -> (Import Result ID: 'f0811b3710594a280c8e876c7861d042') in 0.0311696 seconds [static and dynamic dependencies]. Details - ImportResultOutputID=148cef7d86771a400dc9a3bc850e3880 DependenciesID=c7666f16f48d4e601272a8042b92458d StaticDependenciesID=da1346c60d1d48269953c41e39a7a18f 
Number of updated asset objects reloaded before import = 0Number of asset objects unloaded after import = 14

========================================================================
Received Import Request.
  Time since last request: 0.000021 seconds.
  path: Assets/Sprites/Power_Ups/Shield/Powerup2_0008_00008.png
  importAddress: Guid(938dd37514bec45d39613a42a06a1cb1) Importer(2089858483,b0f066a214c2f5e87bad3c948f4d605d)
Start importing Assets/Sprites/Power_Ups/Shield/Powerup2_0008_00008.png using Guid(938dd37514bec45d39613a42a06a1cb1) Importer(2089858483,b0f066a214c2f5e87bad3c948f4d605d) (ScriptedImporter) -> (Import Result ID: '304d50039fcd9355ec9bb1a091c7cb16') in 0.0117869 seconds [static and dynamic dependencies]. Details - ImportResultOutputID=21af178826fc406268301114dd014704 DependenciesID=0894d02d7605e2e07034bcd5478d8965 StaticDependenciesID=a02067797e2ed52b17099814747493a2 
Number of updated asset objects reloaded before import = 0Number of asset objects unloaded after import = 3

========================================================================
Received Import Request.
  Time since last request: 0.000018 seconds.
  path: Assets/Standard Assets/Cameras/Scripts/TargetFieldOfView.cs
  importAddress: Guid(a62942d9af3f36d448094c6ed1f214dd) Importer(2089858483,b0f066a214c2f5e87bad3c948f4d605d)
Start importing Assets/Standard Assets/Cameras/Scripts/TargetFieldOfView.cs using Guid(a62942d9af3f36d448094c6ed1f214dd) Importer(2089858483,b0f066a214c2f5e87bad3c948f4d605d) (ScriptedImporter) -> (Import Result ID: '028bf3aa2f3c2e6f14b5961901807051') in 0.0073005 seconds [static and dynamic dependencies]. Details - ImportResultOutputID=e92fd7c3de7e045dc49be5efa09f8fee DependenciesID=18517540563c1a5f830a350bdc278558 StaticDependenciesID=afadc585e0c22fcf6f9cf1ace4f49382 
Number of updated asset objects reloaded before import = 0Number of asset objects unloaded after import = 0

========================================================================
Received Import Request.
  Time since last request: 0.000069 seconds.
  path: Assets/Sprites/Power_Ups/Triple_Shot/Powerup3_0008_00002.png
  importAddress: Guid(042b929092df468479c9d6475c1883fb) Importer(2089858483,b0f066a214c2f5e87bad3c948f4d605d)
Start importing Assets/Sprites/Power_Ups/Triple_Shot/Powerup3_0008_00002.png using Guid(042b929092df468479c9d6475c1883fb) Importer(2089858483,b0f066a214c2f5e87bad3c948f4d605d) (ScriptedImporter) -> (Import Result ID: 'f536db281050bd545de70aff80b64545') in 0.0104284 seconds [static and dynamic dependencies]. Details - ImportResultOutputID=1c8049fe55aa4847d7768a762b1d062a DependenciesID=ce1aeff394fb6485103b448040e7a352 StaticDependenciesID=b4ab10dee32eda249b03b5693b785c1f 
Number of updated asset objects reloaded before import = 0Number of asset objects unloaded after import = 3

========================================================================
Received Import Request.
  Time since last request: 0.000016 seconds.
  path: Assets/Standard Assets/CrossPlatformInput/Sprites/ButtonThumbstickOverSprite.png
  importAddress: Guid(5485e2f56028a3c4cb54f5caa167377e) Importer(2089858483,b0f066a214c2f5e87bad3c948f4d605d)
Start importing Assets/Standard Assets/CrossPlatformInput/Sprites/ButtonThumbstickOverSprite.png using Guid(5485e2f56028a3c4cb54f5caa167377e) Importer(2089858483,b0f066a214c2f5e87bad3c948f4d605d) (ScriptedImporter) -> (Import Result ID: '534b524c3f8c26c9c8728fe7f4ce12a2') in 0.0111485 seconds [static and dynamic dependencies]. Details - ImportResultOutputID=59a3703b959d10ce954e9f5c75714064 DependenciesID=0a1cd4e8e984bd730c7b1a3cda83b287 StaticDependenciesID=986b66336a75f50d3798c51bc22cf467 
Number of updated asset objects reloaded before import = 0Number of asset objects unloaded after import = 3

========================================================================
Received Import Request.
  Time since last request: 0.000018 seconds.
  path: Assets/Sprites/Power_Ups/Speed/Powerup1_0008_00012.psd
  importAddress: Guid(06e00fa6af8638a4ba5e66629f30e8c1) Importer(2089858483,b0f066a214c2f5e87bad3c948f4d605d)
Start importing Assets/Sprites/Power_Ups/Speed/Powerup1_0008_00012.psd using Guid(06e00fa6af8638a4ba5e66629f30e8c1) Importer(2089858483,b0f066a214c2f5e87bad3c948f4d605d) (ScriptedImporter) -> (Import Result ID: '31a940cdb11cb00062124176a1f52a4a') in 0.0110843 seconds [static and dynamic dependencies]. Details - ImportResultOutputID=bfca7959b8a801a4f74c0f60ff908f28 DependenciesID=eaa62ebfe9e1936917026494f3d7a5a4 StaticDependenciesID=8620c430fd743a97ec082f639ab2c44e 
Number of updated asset objects reloaded before import = 0Number of asset objects unloaded after import = 3

========================================================================
Received Import Request.
  Time since last request: 0.000028 seconds.
  path: Assets/Standard Assets/Editor/CrossPlatformInput/CrossPlatformInputInitialize.cs
  importAddress: Guid(db7667203062c644ea1877077e30ebd6) Importer(2089858483,b0f066a214c2f5e87bad3c948f4d605d)
Start importing Assets/Standard Assets/Editor/CrossPlatformInput/CrossPlatformInputInitialize.cs using Guid(db7667203062c644ea1877077e30ebd6) Importer(2089858483,b0f066a214c2f5e87bad3c948f4d605d) (ScriptedImporter) -> (Import Result ID: '167764b4ff2dc87d80718224b584a540') in 0.0069714 seconds [static and dynamic dependencies]. Details - ImportResultOutputID=8e25bab8f6b302c7a8f07133d2a63a36 DependenciesID=3f448003df656a873b66c8254ae4276b StaticDependenciesID=7636be961ce807a313facc582daa264a 
Number of updated asset objects reloaded before import = 0Number of asset objects unloaded after import = 0

========================================================================
Received Import Request.
  Time since last request: 0.000037 seconds.
  path: Assets/Standard Assets/CrossPlatformInput/Sprites/SliderHandleSprite.png
  importAddress: Guid(0626b924325d1c34cafa6b22297f4e4f) Importer(2089858483,b0f066a214c2f5e87bad3c948f4d605d)
Start importing Assets/Standard Assets/CrossPlatformInput/Sprites/SliderHandleSprite.png using Guid(0626b924325d1c34cafa6b22297f4e4f) Importer(2089858483,b0f066a214c2f5e87bad3c948f4d605d) (ScriptedImporter) -> (Import Result ID: 'ab394f76fbd3ca6d29553d631c66ebfe') in 0.0116154 seconds [static and dynamic dependencies]. Details - ImportResultOutputID=de99b9b5aaf28ffed64192b02adc89a4 DependenciesID=f6a4571540329669fb74b64c53dd837f StaticDependenciesID=462a89a86d77de591c0edbfaa7370736 
Number of updated asset objects reloaded before import = 0Number of asset objects unloaded after import = 3

========================================================================
Received Import Request.
  Time since last request: 0.000017 seconds.
  path: Assets/Standard Assets/2D/Animator/2dCharacterAnimator.controller
  importAddress: Guid(5fc43f0c4b413534ba12c51c0e5e5f6f) Importer(2089858483,b0f066a214c2f5e87bad3c948f4d605d)
Start importing Assets/Standard Assets/2D/Animator/2dCharacterAnimator.controller using Guid(5fc43f0c4b413534ba12c51c0e5e5f6f) Importer(2089858483,b0f066a214c2f5e87bad3c948f4d605d) (ScriptedImporter) -> (Import Result ID: '259c7ae8f7062d548eb548b43e29ae0d') in 0.0124259 seconds [static and dynamic dependencies]. Details - ImportResultOutputID=5649fff91ec1121ea2a7eecc3c3d82f3 DependenciesID=a811ebddb6faa9ad85a95dfb68f0a74e StaticDependenciesID=bc51b381d6a2702f9838d53c1327701f 
Number of updated asset objects reloaded before import = 0Number of asset objects unloaded after import = 40

========================================================================
Received Import Request.
  Time since last request: 0.000018 seconds.
  path: Assets/Standard Assets/2D/Prefabs/Killzone.prefab
  importAddress: Guid(a038b284634e29f4aaf058814aa61a6f) Importer(2089858483,b0f066a214c2f5e87bad3c948f4d605d)
Start importing Assets/Standard Assets/2D/Prefabs/Killzone.prefab using Guid(a038b284634e29f4aaf058814aa61a6f) Importer(2089858483,b0f066a214c2f5e87bad3c948f4d605d) (ScriptedImporter) -> (Import Result ID: '79e8edff652d47559039896703fb4655') in 0.0090014 seconds [static and dynamic dependencies]. Details - ImportResultOutputID=bb5ada967a1614bb12b51b0c89e2f42e DependenciesID=3cb46282b3d9aa56672e439407e7158e StaticDependenciesID=9f3dbe644cd5cecdb598eca3fef3dfae 
Number of updated asset objects reloaded before import = 0Number of asset objects unloaded after import = 6

========================================================================
Received Import Request.
  Time since last request: 0.000044 seconds.
  path: Assets/Standard Assets/ParticleSystems/Prefabs/ExplosionMobile.prefab
  importAddress: Guid(645413a00f7bd0242bbd6d0e5eb6f439) Importer(2089858483,b0f066a214c2f5e87bad3c948f4d605d)
Start importing Assets/Standard Assets/ParticleSystems/Prefabs/ExplosionMobile.prefab using Guid(645413a00f7bd0242bbd6d0e5eb6f439) Importer(2089858483,b0f066a214c2f5e87bad3c948f4d605d) (ScriptedImporter) -> (Import Result ID: 'ed649e459c7f1d0b08dc7a725acb0332') in 0.016805 seconds [static and dynamic dependencies]. Details - ImportResultOutputID=69bc813ba8db59dbac79a26c78f43c6a DependenciesID=50a6cbde4099cb7387a83b9e6efbc77c StaticDependenciesID=8ad24d3e433b2f30b9fbfe103623f648 
Number of updated asset objects reloaded before import = 0Number of asset objects unloaded after import = 23

========================================================================
Received Import Request.
  Time since last request: 0.000018 seconds.
  path: Assets/Sprites/Power_Ups/Speed/Powerup1_0008_00013.psd
  importAddress: Guid(40af6f7298415f340867c8409d34d6b0) Importer(2089858483,b0f066a214c2f5e87bad3c948f4d605d)
Start importing Assets/Sprites/Power_Ups/Speed/Powerup1_0008_00013.psd using Guid(40af6f7298415f340867c8409d34d6b0) Importer(2089858483,b0f066a214c2f5e87bad3c948f4d605d) (ScriptedImporter) -> (Import Result ID: '9a4e5c82628d24031a6920811754ae0a') in 0.0108413 seconds [static and dynamic dependencies]. Details - ImportResultOutputID=166e6ecb20faa52f64f0c5c4d74781e4 DependenciesID=6d5a96079cbb7128b1ee58bcd77c51f6 StaticDependenciesID=861381f8d3abb00738b4b456bc2e8c32 
Number of updated asset objects reloaded before import = 0Number of asset objects unloaded after import = 3

========================================================================
Received Import Request.
  Time since last request: 0.000022 seconds.
  path: Assets/Standard Assets/Utility/ParticleSystemDestroyer.cs
  importAddress: Guid(29014cd42b6d273408e0ceefd336c0b3) Importer(2089858483,b0f066a214c2f5e87bad3c948f4d605d)
Start importing Assets/Standard Assets/Utility/ParticleSystemDestroyer.cs using Guid(29014cd42b6d273408e0ceefd336c0b3) Importer(2089858483,b0f066a214c2f5e87bad3c948f4d605d) (ScriptedImporter) -> (Import Result ID: 'db748ae2086f57e26d8b9883f2f83fd6') in 0.008888 seconds [static and dynamic dependencies]. Details - ImportResultOutputID=6fa82c706a92226673ec8aeeeb1fab34 DependenciesID=7c01d0544c63a67e319712df8a66c497 StaticDependenciesID=8cb90f34e53f09aa008ab167e67ce346 
Number of updated asset objects reloaded before import = 0Number of asset objects unloaded after import = 0

========================================================================
Received Import Request.
  Time since last request: 0.000071 seconds.
  path: Assets/Standard Assets/2D/Animations/RobotBoyJump01.anim
  importAddress: Guid(5d8caf2b5dcc5414c8d319d27f73828e) Importer(2089858483,b0f066a214c2f5e87bad3c948f4d605d)
Start importing Assets/Standard Assets/2D/Animations/RobotBoyJump01.anim using Guid(5d8caf2b5dcc5414c8d319d27f73828e) Importer(2089858483,b0f066a214c2f5e87bad3c948f4d605d) (ScriptedImporter) -> (Import Result ID: '35ec4d60ae1a42e655c071caf584fba8') in 0.0085967 seconds [static and dynamic dependencies]. Details - ImportResultOutputID=2994063d241638db609bf35580a188d8 DependenciesID=ded65a835822b6306932ae588f4e3f09 StaticDependenciesID=599a651aec4fbfe51bae0f4d79603a93 
Number of updated asset objects reloaded before import = 0Number of asset objects unloaded after import = 1

========================================================================
Received Import Request.
  Time since last request: 0.000019 seconds.
  path: Assets/Sprites/Power_Ups/Shield/Powerup2_0008_00009.png
  importAddress: Guid(ecf228bd60aaf44aeb5717b225b9bab2) Importer(2089858483,b0f066a214c2f5e87bad3c948f4d605d)
Start importing Assets/Sprites/Power_Ups/Shield/Powerup2_0008_00009.png using Guid(ecf228bd60aaf44aeb5717b225b9bab2) Importer(2089858483,b0f066a214c2f5e87bad3c948f4d605d) (ScriptedImporter) -> (Import Result ID: 'ae8d7e57fa44dd7a0e2a6ddfb75a18b1') in 0.0108661 seconds [static and dynamic dependencies]. Details - ImportResultOutputID=74ef534387a2d709453d3ddb54f3ae0a DependenciesID=ce80deb0349ce8cf7ceddcb20504c551 StaticDependenciesID=cb83494fdc954d12b61d90a5eaa889cb 
Number of updated asset objects reloaded before import = 0Number of asset objects unloaded after import = 3

========================================================================
Received Import Request.
  Time since last request: 0.000017 seconds.
  path: Assets/Standard Assets/2D/Scripts/CameraFollow.cs
  importAddress: Guid(a9dfad760b6e9455593192a6d869f7ed) Importer(2089858483,b0f066a214c2f5e87bad3c948f4d605d)
Start importing Assets/Standard Assets/2D/Scripts/CameraFollow.cs using Guid(a9dfad760b6e9455593192a6d869f7ed) Importer(2089858483,b0f066a214c2f5e87bad3c948f4d605d) (ScriptedImporter) -> (Import Result ID: '030b769fda9f3086cb2e355aa89f7484') in 0.0076259 seconds [static and dynamic dependencies]. Details - ImportResultOutputID=d7e569346b217a5a4ebafea9549fbcbc DependenciesID=9e9bb416bfed98213224706e020fff7f StaticDependenciesID=b3feb68109423e381d998447d742c24a 
Number of updated asset objects reloaded before import = 0Number of asset objects unloaded after import = 0

========================================================================
Received Import Request.
  Time since last request: 0.000045 seconds.
  path: Assets/Standard Assets/CrossPlatformInput/Sprites/ButtonSpacebarSprite.png
  importAddress: Guid(3d8675433a508ec47b8f895201eacf20) Importer(2089858483,b0f066a214c2f5e87bad3c948f4d605d)
Start importing Assets/Standard Assets/CrossPlatformInput/Sprites/ButtonSpacebarSprite.png using Guid(3d8675433a508ec47b8f895201eacf20) Importer(2089858483,b0f066a214c2f5e87bad3c948f4d605d) (ScriptedImporter) -> (Import Result ID: 'ee5ed48e28d334aefb4df779f86c46ed') in 0.0128808 seconds [static and dynamic dependencies]. Details - ImportResultOutputID=5d6ebfffa89de0968a3fe7a78004a543 DependenciesID=774d9895a9ecdb462d8a8487ef1e5324 StaticDependenciesID=55d9faab965e25b4e73ff1c7ea024d9e 
Number of updated asset objects reloaded before import = 0Number of asset objects unloaded after import = 3

========================================================================
Received Import Request.
  Time since last request: 0.000021 seconds.
  path: Assets/Standard Assets/CrossPlatformInput/Sprites/ButtonAcceleratorOverSprite.png
  importAddress: Guid(eb5f6e2757c821940b69cf1456f7865a) Importer(2089858483,b0f066a214c2f5e87bad3c948f4d605d)
Start importing Assets/Standard Assets/CrossPlatformInput/Sprites/ButtonAcceleratorOverSprite.png using Guid(eb5f6e2757c821940b69cf1456f7865a) Importer(2089858483,b0f066a214c2f5e87bad3c948f4d605d) (ScriptedImporter) -> (Import Result ID: '2def5d33b000ad2244c34c1c88cc139f') in 0.0123616 seconds [static and dynamic dependencies]. Details - ImportResultOutputID=844db96f92e95a23f21dcb02e3738c0e DependenciesID=fb2f2f09bdb3e9c17037cf61a820efd1 StaticDependenciesID=bc54ca7231eba8f117a6f8814671b887 
Number of updated asset objects reloaded before import = 0Number of asset objects unloaded after import = 3

========================================================================
Received Import Request.
  Time since last request: 0.000019 seconds.
  path: Assets/Sprites/Power_Ups/Triple_Shot/Powerup3_0008_00012.png
  importAddress: Guid(bb5ba4f63cfbfdb4eb8a9bc18fd5c46e) Importer(2089858483,b0f066a214c2f5e87bad3c948f4d605d)
Start importing Assets/Sprites/Power_Ups/Triple_Shot/Powerup3_0008_00012.png using Guid(bb5ba4f63cfbfdb4eb8a9bc18fd5c46e) Importer(2089858483,b0f066a214c2f5e87bad3c948f4d605d) (ScriptedImporter) -> (Import Result ID: 'cdf0fd3e009fc0f2b3f2394d575734df') in 0.011386 seconds [static and dynamic dependencies]. Details - ImportResultOutputID=e1e063ed0493dd79ea76ce4fc69200f3 DependenciesID=7b5a718e6752a60ad9fff4daa53ab961 StaticDependenciesID=f0bd07f095e3bc1a8ce2fe00a50e0853 
Number of updated asset objects reloaded before import = 0Number of asset objects unloaded after import = 3

========================================================================
Received Import Request.
  Time since last request: 0.000017 seconds.
  path: Assets/Standard Assets/Utility/WaypointCircuit.cs
  importAddress: Guid(70852dc981465ea48bb527b9e33a87fd) Importer(2089858483,b0f066a214c2f5e87bad3c948f4d605d)
Start importing Assets/Standard Assets/Utility/WaypointCircuit.cs using Guid(70852dc981465ea48bb527b9e33a87fd) Importer(2089858483,b0f066a214c2f5e87bad3c948f4d605d) (ScriptedImporter) -> (Import Result ID: '1ec6ed42be1e64c6d64b311138e84587') in 0.0078982 seconds [static and dynamic dependencies]. Details - ImportResultOutputID=49a7c6fb25336fcec0397149030f01f7 DependenciesID=c688c71b886ad72e0ce00032ec0e4003 StaticDependenciesID=825700f02202adb6e4b8f9d7ea4ab5fa 
Number of updated asset objects reloaded before import = 0Number of asset objects unloaded after import = 0

========================================================================
Received Import Request.
  Time since last request: 0.000052 seconds.
  path: Assets/Standard Assets/2D/Scripts/Camera2DFollow.cs
  importAddress: Guid(5d8238cc53530b64fbb7828c3d3bb591) Importer(2089858483,b0f066a214c2f5e87bad3c948f4d605d)
Start importing Assets/Standard Assets/2D/Scripts/Camera2DFollow.cs using Guid(5d8238cc53530b64fbb7828c3d3bb591) Importer(2089858483,b0f066a214c2f5e87bad3c948f4d605d) (ScriptedImporter) -> (Import Result ID: '4227fe9af6781b34e6d8b8390a2c9e84') in 0.0070466 seconds [static and dynamic dependencies]. Details - ImportResultOutputID=405374fa73ba63779ac7c5b1219f5ec5 DependenciesID=e8f308938037e405f7fc2e5fac848d58 StaticDependenciesID=00c270964fcf1b00c0bbda704b23e9f3 
Number of updated asset objects reloaded before import = 0Number of asset objects unloaded after import = 0

========================================================================
Received Import Request.
  Time since last request: 0.000051 seconds.
  path: Assets/Standard Assets/2D/Animations/RobotBoyJump02.anim
  importAddress: Guid(078bf204f06fcac44978d49dd094b43e) Importer(2089858483,b0f066a214c2f5e87bad3c948f4d605d)
Start importing Assets/Standard Assets/2D/Animations/RobotBoyJump02.anim using Guid(078bf204f06fcac44978d49dd094b43e) Importer(2089858483,b0f066a214c2f5e87bad3c948f4d605d) (ScriptedImporter) -> (Import Result ID: 'ee63c25c8118f75f09c217ec6476c03b') in 0.0096567 seconds [static and dynamic dependencies]. Details - ImportResultOutputID=6e52e55da947d6d318229e2187197a49 DependenciesID=c1a774abad23b0dfb3ffcddf7fa98c99 StaticDependenciesID=9e22158684eddc3b58e72daef1534a02 
Number of updated asset objects reloaded before import = 0Number of asset objects unloaded after import = 1

========================================================================
Received Import Request.
  Time since last request: 0.000020 seconds.
  path: Assets/Standard Assets/ParticleSystems/Prefabs/Hose.prefab
  importAddress: Guid(fae5d333f43a55744ab0c44fecefdcae) Importer(2089858483,b0f066a214c2f5e87bad3c948f4d605d)
Start importing Assets/Standard Assets/ParticleSystems/Prefabs/Hose.prefab using Guid(fae5d333f43a55744ab0c44fecefdcae) Importer(2089858483,b0f066a214c2f5e87bad3c948f4d605d) (ScriptedImporter) -> (Import Result ID: '57b604d6306bb326f1739b170af5ce4f') in 0.0122896 seconds [static and dynamic dependencies]. Details - ImportResultOutputID=12ef60a3909900eb9437a02c8ab4ee34 DependenciesID=8a2761b40340a8c0649dea5564c3d0df StaticDependenciesID=79dc0208b0563ed39d56c0a05a7c68f2 
Number of updated asset objects reloaded before import = 0Number of asset objects unloaded after import = 27

========================================================================
Received Import Request.
  Time since last request: 0.000016 seconds.
  path: Assets/Sprites/Power_Ups/Shield/Powerup2_0008_00005.png
  importAddress: Guid(6dc2f614c9a8e427792e533426dbe25d) Importer(2089858483,b0f066a214c2f5e87bad3c948f4d605d)
Start importing Assets/Sprites/Power_Ups/Shield/Powerup2_0008_00005.png using Guid(6dc2f614c9a8e427792e533426dbe25d) Importer(2089858483,b0f066a214c2f5e87bad3c948f4d605d) (ScriptedImporter) -> (Import Result ID: 'f3795e7319ae8b633e3a12e292a5cd4f') in 0.0118437 seconds [static and dynamic dependencies]. Details - ImportResultOutputID=2d876a548c217360e8bad704d034547f DependenciesID=ea222d4654c72e2e738e0b865a3cab13 StaticDependenciesID=6b57456b8d7bcef0d50126742070b116 
Number of updated asset objects reloaded before import = 0Number of asset objects unloaded after import = 3

========================================================================
Received Import Request.
  Time since last request: 0.000018 seconds.
  path: Assets/Standard Assets/Effects/Projectors/Materials/GridProjector.mat
  importAddress: Guid(c7d1a73cf0f423947bae4e238665d9c5) Importer(2089858483,b0f066a214c2f5e87bad3c948f4d605d)
Start importing Assets/Standard Assets/Effects/Projectors/Materials/GridProjector.mat using Guid(c7d1a73cf0f423947bae4e238665d9c5) Importer(2089858483,b0f066a214c2f5e87bad3c948f4d605d) (ScriptedImporter) -> (Import Result ID: 'f4bcbffb73cbf8b755dd1d780ed5bc95') in 0.0084302 seconds [static and dynamic dependencies]. Details - ImportResultOutputID=af229be63b44fc25a700cd71f4fb4c89 DependenciesID=89aa1aa3a06ef19dc8a58430f9872f4e StaticDependenciesID=7b411e98d3c396e8958cf398a18359bf 
Number of updated asset objects reloaded before import = 0Number of asset objects unloaded after import = 2

========================================================================
Received Import Request.
  Time since last request: 0.000021 seconds.
  path: Assets/Standard Assets/Prototyping/Prefabs/WallPrototype08x08x01.prefab
  importAddress: Guid(93e86b57e56570d46814839867bf9a52) Importer(2089858483,b0f066a214c2f5e87bad3c948f4d605d)
Start importing Assets/Standard Assets/Prototyping/Prefabs/WallPrototype08x08x01.prefab using Guid(93e86b57e56570d46814839867bf9a52) Importer(2089858483,b0f066a214c2f5e87bad3c948f4d605d) (ScriptedImporter) -> (Import Result ID: '94eaee8be930bdac8f6b0948e06b2784') in 0.0202298 seconds [static and dynamic dependencies]. Details - ImportResultOutputID=27060178ed15276c964cbe6c9d3524d6 DependenciesID=20c45ae288036356b12ad4547c908424 StaticDependenciesID=8b4fddb24c191369efa3c2cee56592bb 
Number of updated asset objects reloaded before import = 0Number of asset objects unloaded after import = 9

========================================================================
Received Import Request.
  Time since last request: 0.000029 seconds.
  path: Assets/Standard Assets/Prototyping/Textures/SwatchMauveAlbedo.png
  importAddress: Guid(c3edc74ae8207fd45a93c4ed8ee27567) Importer(2089858483,b0f066a214c2f5e87bad3c948f4d605d)
Start importing Assets/Standard Assets/Prototyping/Textures/SwatchMauveAlbedo.png using Guid(c3edc74ae8207fd45a93c4ed8ee27567) Importer(2089858483,b0f066a214c2f5e87bad3c948f4d605d) (ScriptedImporter) -> (Import Result ID: '8c6b4e916dde38c571dcdeab91ea065f') in 0.0115405 seconds [static and dynamic dependencies]. Details - ImportResultOutputID=26a3286fde4eab459d092750dd206108 DependenciesID=2d69a6d35c7b83016c102c8784625e75 StaticDependenciesID=d1d33f6beeebadd367a22d8e8aa69d1a 
Number of updated asset objects reloaded before import = 0Number of asset objects unloaded after import = 1

========================================================================
Received Import Request.
  Time since last request: 0.000017 seconds.
  path: Assets/Standard Assets/Effects/Projectors/Materials/ShadowProjector.mat
  importAddress: Guid(e30ff3588e719f34bbf0c66f22d97487) Importer(2089858483,b0f066a214c2f5e87bad3c948f4d605d)
Start importing Assets/Standard Assets/Effects/Projectors/Materials/ShadowProjector.mat using Guid(e30ff3588e719f34bbf0c66f22d97487) Importer(2089858483,b0f066a214c2f5e87bad3c948f4d605d) (ScriptedImporter) -> (Import Result ID: '94eab7355acb6b02245c015afa70ac47') in 0.0096725 seconds [static and dynamic dependencies]. Details - ImportResultOutputID=481d164c8bd3aaa3d662b37c3629f9e3 DependenciesID=6c9365d107c01d0164dd9eeb2d24694c StaticDependenciesID=9026097e9bbf81fde04abbb434ec4b91 
Number of updated asset objects reloaded before import = 0Number of asset objects unloaded after import = 3

========================================================================
Received Import Request.
  Time since last request: 0.000018 seconds.
  path: Assets/Standard Assets/ParticleSystems/Textures/ParticleFlare.png
  importAddress: Guid(76b24fa8a46a2c14f9a7df1e975dc4b9) Importer(2089858483,b0f066a214c2f5e87bad3c948f4d605d)
Start importing Assets/Standard Assets/ParticleSystems/Textures/ParticleFlare.png using Guid(76b24fa8a46a2c14f9a7df1e975dc4b9) Importer(2089858483,b0f066a214c2f5e87bad3c948f4d605d) (ScriptedImporter) -> (Import Result ID: '53bf58abe18f40253923a0fa0abd4eee') in 0.0110684 seconds [static and dynamic dependencies]. Details - ImportResultOutputID=9fe7c64f1a6e34f220afd119461d50bd DependenciesID=680de256a1175d485ba4f39aa78d87aa StaticDependenciesID=4fe29d5810feacc24dfa3c39c563e311 
Number of updated asset objects reloaded before import = 0Number of asset objects unloaded after import = 1

========================================================================
Received Import Request.
  Time since last request: 0.000016 seconds.
  path: Assets/Standard Assets/ParticleSystems/Scripts/Hose.cs
  importAddress: Guid(915950f1f73ea9e429d92b7226238623) Importer(2089858483,b0f066a214c2f5e87bad3c948f4d605d)
Start importing Assets/Standard Assets/ParticleSystems/Scripts/Hose.cs using Guid(915950f1f73ea9e429d92b7226238623) Importer(2089858483,b0f066a214c2f5e87bad3c948f4d605d) (ScriptedImporter) -> (Import Result ID: 'b4390c3ad18910389af11b9b111c289d') in 0.0067659 seconds [static and dynamic dependencies]. Details - ImportResultOutputID=228588d249f4dd91ed62dbd0555ff61c DependenciesID=3af027857709189a2775bdd914b95b92 StaticDependenciesID=afbc29c76c50513a42acb96af4982131 
Number of updated asset objects reloaded before import = 0Number of asset objects unloaded after import = 0

========================================================================
Received Import Request.
  Time since last request: 0.000021 seconds.
  path: Assets/Standard Assets/Characters/RollerBall/Textures/RollerBallSpecularGloss.png
  importAddress: Guid(7700d93a317c89246a647c7a6c3e7399) Importer(2089858483,b0f066a214c2f5e87bad3c948f4d605d)
Start importing Assets/Standard Assets/Characters/RollerBall/Textures/RollerBallSpecularGloss.png using Guid(7700d93a317c89246a647c7a6c3e7399) Importer(2089858483,b0f066a214c2f5e87bad3c948f4d605d) (ScriptedImporter) -> (Import Result ID: '751c5efaffc119a8fd496fbd18827bdc') in 0.0106439 seconds [static and dynamic dependencies]. Details - ImportResultOutputID=3f14e107b30e58b8edfb2062646a5362 DependenciesID=443df293d693823494bec0ef34c7369c StaticDependenciesID=56b0aa32d789a98251b8ac13f2dda8e7 
Number of updated asset objects reloaded before import = 0Number of asset objects unloaded after import = 1

========================================================================
Received Import Request.
  Time since last request: 0.000017 seconds.
  path: Assets/Standard Assets/Effects/TessellationShaders/Materials/TesselatedBumpSpecular.mat
  importAddress: Guid(a3384ef3e2313034f9016ad8a1f3999f) Importer(2089858483,b0f066a214c2f5e87bad3c948f4d605d)
Start importing Assets/Standard Assets/Effects/TessellationShaders/Materials/TesselatedBumpSpecular.mat using Guid(a3384ef3e2313034f9016ad8a1f3999f) Importer(2089858483,b0f066a214c2f5e87bad3c948f4d605d) (ScriptedImporter) -> (Import Result ID: '40d952057900e961caaed9e5b81568e0') in 0.037269 seconds [static and dynamic dependencies]. Details - ImportResultOutputID=a41ab61264399bf05c06bb42e1e992ae DependenciesID=3b85b024a0053377ad2d1607f8aedf52 StaticDependenciesID=2e823508aa36b020556416254e6e8b6b 
Number of updated asset objects reloaded before import = 0Number of asset objects unloaded after import = 2

========================================================================
Received Import Request.
  Time since last request: 0.000021 seconds.
  path: Assets/Standard Assets/Prototyping/Textures/SwatchOrangeAlbedo.png
  importAddress: Guid(8b939c5b46fae7e49af7d85f731ba4ec) Importer(2089858483,b0f066a214c2f5e87bad3c948f4d605d)
Start importing Assets/Standard Assets/Prototyping/Textures/SwatchOrangeAlbedo.png using Guid(8b939c5b46fae7e49af7d85f731ba4ec) Importer(2089858483,b0f066a214c2f5e87bad3c948f4d605d) (ScriptedImporter) -> (Import Result ID: 'aa87d4520769092d3b01f6d188d663b2') in 0.0116456 seconds [static and dynamic dependencies]. Details - ImportResultOutputID=ca3c19c3b1215199d61e4d3912a704fe DependenciesID=b8132bef9b7683a95c08e3060f7110d2 StaticDependenciesID=403d3e5263f66e09b0c1ae473f0f18bd 
Number of updated asset objects reloaded before import = 0Number of asset objects unloaded after import = 1

========================================================================
Received Import Request.
  Time since last request: 0.000020 seconds.
  path: Assets/Standard Assets/Prototyping/Prefabs/PlatformPrototype02x01x02.prefab
  importAddress: Guid(45635d5190a12bc4884469b7dcafa846) Importer(2089858483,b0f066a214c2f5e87bad3c948f4d605d)
Start importing Assets/Standard Assets/Prototyping/Prefabs/PlatformPrototype02x01x02.prefab using Guid(45635d5190a12bc4884469b7dcafa846) Importer(2089858483,b0f066a214c2f5e87bad3c948f4d605d) (ScriptedImporter) -> (Import Result ID: 'c72426c87de236c6bee28b678a9a2ccf') in 0.0131132 seconds [static and dynamic dependencies]. Details - ImportResultOutputID=2ea257bdb8e1c1f7326db978e0f9df85 DependenciesID=87a6984cc35bc902644b9b8d96e95aee StaticDependenciesID=78b63ebd5592e83aa43579ee57b182d0 
Number of updated asset objects reloaded before import = 0Number of asset objects unloaded after import = 9

========================================================================
Received Import Request.
  Time since last request: 0.000019 seconds.
  path: Assets/Standard Assets/Characters/FirstPersonCharacter/Audio/Land.wav
  importAddress: Guid(3b09d59f4499d45428baa7a21e954296) Importer(2089858483,b0f066a214c2f5e87bad3c948f4d605d)
Start importing Assets/Standard Assets/Characters/FirstPersonCharacter/Audio/Land.wav using Guid(3b09d59f4499d45428baa7a21e954296) Importer(2089858483,b0f066a214c2f5e87bad3c948f4d605d) (ScriptedImporter) -> (Import Result ID: '3558cba7ee19ce7de980fda728f0ff72') in 0.0092151 seconds [static and dynamic dependencies]. Details - ImportResultOutputID=12bbbfad621f3d97794ea307c84d56b3 DependenciesID=04f833042a7dde8ccf7f2c0106fb0086 StaticDependenciesID=3e9cf94176c093c507a203306cf0b6ae 
Number of updated asset objects reloaded before import = 0Number of asset objects unloaded after import = 1

========================================================================
Received Import Request.
  Time since last request: 0.000082 seconds.
  path: Assets/Standard Assets/Prototyping/Models/CubePrototype02x02x02.fbx
  importAddress: Guid(df4796b594b970842b69211cb0078c5d) Importer(2089858483,b0f066a214c2f5e87bad3c948f4d605d)
Start importing Assets/Standard Assets/Prototyping/Models/CubePrototype02x02x02.fbx using Guid(df4796b594b970842b69211cb0078c5d) Importer(2089858483,b0f066a214c2f5e87bad3c948f4d605d) (ScriptedImporter) -> (Import Result ID: '33b55f384a3108ce4e8b88cbea6cfe0e') in 0.0319206 seconds [static and dynamic dependencies]. Details - ImportResultOutputID=6adb2720060e3e0202047eb8fd4c4aca DependenciesID=4685bf00a4f805f55956cdcb06ed96b3 StaticDependenciesID=b843711ebca0e1cf940c424b66af91c0 
Number of updated asset objects reloaded before import = 0Number of asset objects unloaded after import = 8

========================================================================
Received Import Request.
  Time since last request: 0.000014 seconds.
  path: Assets/Standard Assets/Characters/ThirdPersonCharacter/Animation/HumanoidIdleJumpUp.fbx
  importAddress: Guid(0d9d26e2162aa4d11ab075b34c029673) Importer(2089858483,b0f066a214c2f5e87bad3c948f4d605d)
Start importing Assets/Standard Assets/Characters/ThirdPersonCharacter/Animation/HumanoidIdleJumpUp.fbx using Guid(0d9d26e2162aa4d11ab075b34c029673) Importer(2089858483,b0f066a214c2f5e87bad3c948f4d605d) (ScriptedImporter) -> (Import Result ID: '138c5752fb3726a004e29cd5356b38b2') in 0.0228042 seconds [static and dynamic dependencies]. Details - ImportResultOutputID=ebfd7b50450490b8fe35ccaabbb6f491 DependenciesID=8380c46cbd3454522250754ed7afa521 StaticDependenciesID=506a24d30f541de83b6f1b7bd934ce68 
Number of updated asset objects reloaded before import = 0Number of asset objects unloaded after import = 182

========================================================================
Received Import Request.
  Time since last request: 0.000020 seconds.
  path: Assets/Standard Assets/ParticleSystems/Textures/SplashesLargeParticle.png
  importAddress: Guid(832dc5a2501052b4d8f685a7cda3b30b) Importer(2089858483,b0f066a214c2f5e87bad3c948f4d605d)
Start importing Assets/Standard Assets/ParticleSystems/Textures/SplashesLargeParticle.png using Guid(832dc5a2501052b4d8f685a7cda3b30b) Importer(2089858483,b0f066a214c2f5e87bad3c948f4d605d) (ScriptedImporter) -> (Import Result ID: 'e291482c6344e3441024a4823aebeeb3') in 0.0155821 seconds [static and dynamic dependencies]. Details - ImportResultOutputID=aaff4477abc0645f79f649aba3f9f3a5 DependenciesID=c865147497d97c7099c2e90f30a4875f StaticDependenciesID=3adfd8dc750b494f9c8b4dcd8cd976b5 
Number of updated asset objects reloaded before import = 0Number of asset objects unloaded after import = 1

========================================================================
Received Import Request.
  Time since last request: 0.000022 seconds.
  path: Assets/Standard Assets/Characters/ThirdPersonCharacter/Materials/EthanGrey.mat
  importAddress: Guid(621e901dcf5ebaf46bce29d18f67194c) Importer(2089858483,b0f066a214c2f5e87bad3c948f4d605d)
Start importing Assets/Standard Assets/Characters/ThirdPersonCharacter/Materials/EthanGrey.mat using Guid(621e901dcf5ebaf46bce29d18f67194c) Importer(2089858483,b0f066a214c2f5e87bad3c948f4d605d) (ScriptedImporter) -> (Import Result ID: 'e72223633398c46bf305d783ddf8e730') in 0.0523225 seconds [static and dynamic dependencies]. Details - ImportResultOutputID=dff68a32fda1570597e3b63d672ddc51 DependenciesID=c5e35292f25fd823954ca6d007627390 StaticDependenciesID=613bda430b0e694217706f7c8db20c47 
Number of updated asset objects reloaded before import = 0Number of asset objects unloaded after import = 3

========================================================================
Received Import Request.
  Time since last request: 0.000030 seconds.
  path: Assets/Standard Assets/Effects/LightCookies/Textures/LightSquareCookie.psd
  importAddress: Guid(69680b688d11eb9d30009b3b4241aa39) Importer(2089858483,b0f066a214c2f5e87bad3c948f4d605d)
Start importing Assets/Standard Assets/Effects/LightCookies/Textures/LightSquareCookie.psd using Guid(69680b688d11eb9d30009b3b4241aa39) Importer(2089858483,b0f066a214c2f5e87bad3c948f4d605d) (ScriptedImporter) -> (Import Result ID: '6ab8c0abc10df44d73371866868b1e14') in 0.011584 seconds [static and dynamic dependencies]. Details - ImportResultOutputID=fab9e514ce8aa0a8b3fc55307323bc0b DependenciesID=789bcc2c740d2d349fd7b8c5a0578c2d StaticDependenciesID=5785cce8d8aa8aeb754f70ce96d0bb7d 
Number of updated asset objects reloaded before import = 0Number of asset objects unloaded after import = 1

========================================================================
Received Import Request.
  Time since last request: 0.000017 seconds.
  path: Assets/TextMesh Pro/Resources/Sprite Assets/EmojiOne.asset
  importAddress: Guid(c41005c129ba4d66911b75229fd70b45) Importer(2089858483,b0f066a214c2f5e87bad3c948f4d605d)
Start importing Assets/TextMesh Pro/Resources/Sprite Assets/EmojiOne.asset using Guid(c41005c129ba4d66911b75229fd70b45) Importer(2089858483,b0f066a214c2f5e87bad3c948f4d605d) (ScriptedImporter) -> (Import Result ID: '7dc430597b7e0c9a5e8382db28b68fe0') in 0.0119985 seconds [static and dynamic dependencies]. Details - ImportResultOutputID=ce58f6575574452e4ec9dba9a8b75237 DependenciesID=7f10804aee47bd8c7a1cefe56fdaf40c StaticDependenciesID=8a78bf97477e9bbfd3522969e3b8f57e 
Number of updated asset objects reloaded before import = 0Number of asset objects unloaded after import = 3

========================================================================
Received Import Request.
  Time since last request: 0.000022 seconds.
  path: Assets/Standard Assets/Characters/RollerBall/Prefabs/RollerBall.prefab
  importAddress: Guid(753ea9ccf9eee6c42a0954ec8663b992) Importer(2089858483,b0f066a214c2f5e87bad3c948f4d605d)
Start importing Assets/Standard Assets/Characters/RollerBall/Prefabs/RollerBall.prefab using Guid(753ea9ccf9eee6c42a0954ec8663b992) Importer(2089858483,b0f066a214c2f5e87bad3c948f4d605d) (ScriptedImporter) -> (Import Result ID: 'a9353e22b50e36156c2db934ccc3294a') in 0.0140227 seconds [static and dynamic dependencies]. Details - ImportResultOutputID=ef7ed4ef087cd3f97419b96e014c8868 DependenciesID=6d1c89c018ceebe7817a3b9d3c21f8c3 StaticDependenciesID=118b9a1df1e3eb3975dab19542f7e4d2 
Number of updated asset objects reloaded before import = 0Number of asset objects unloaded after import = 13

========================================================================
Received Import Request.
  Time since last request: 0.000014 seconds.
  path: Assets/TextMesh Pro/Resources/Style Sheets/Default Style Sheet.asset
  importAddress: Guid(f952c082cb03451daed3ee968ac6c63e) Importer(2089858483,b0f066a214c2f5e87bad3c948f4d605d)
Start importing Assets/TextMesh Pro/Resources/Style Sheets/Default Style Sheet.asset using Guid(f952c082cb03451daed3ee968ac6c63e) Importer(2089858483,b0f066a214c2f5e87bad3c948f4d605d) (ScriptedImporter) -> (Import Result ID: '140bc95bd579b64de51d1e9f81bfa6fd') in 0.0087922 seconds [static and dynamic dependencies]. Details - ImportResultOutputID=1528e4d03820d0b540a01635d9d16f56 DependenciesID=f5d95cefccc189d27abde3e952762dfc StaticDependenciesID=75498f662b543680cb7b594d3e59518b 
Number of updated asset objects reloaded before import = 0Number of asset objects unloaded after import = 1

========================================================================
Received Import Request.
  Time since last request: 0.000016 seconds.
  path: Assets/Standard Assets/Effects/TessellationShaders/Materials/TesselatedBumpSpecularDisplacement.mat
  importAddress: Guid(26d8bdbc8646bde48b05fbaacaaa6577) Importer(2089858483,b0f066a214c2f5e87bad3c948f4d605d)
Start importing Assets/Standard Assets/Effects/TessellationShaders/Materials/TesselatedBumpSpecularDisplacement.mat using Guid(26d8bdbc8646bde48b05fbaacaaa6577) Importer(2089858483,b0f066a214c2f5e87bad3c948f4d605d) (ScriptedImporter) -> (Import Result ID: 'e32bdfdbc6c771493f21e3db0f56adb3') in 0.0107325 seconds [static and dynamic dependencies]. Details - ImportResultOutputID=facd5bda335dae8ad98dc39b8e6124ca DependenciesID=5c171b3df0eac126c3207de244526a33 StaticDependenciesID=eb197a8aef02ec430f510a78df760b52 
Number of updated asset objects reloaded before import = 0Number of asset objects unloaded after import = 3

========================================================================
Received Import Request.
  Time since last request: 0.000017 seconds.
  path: Assets/Standard Assets/Prototyping/Textures/SwatchYellowAlbedo.png
  importAddress: Guid(b4646ae63b0bcca40b1bdde3b87e01bf) Importer(2089858483,b0f066a214c2f5e87bad3c948f4d605d)
Start importing Assets/Standard Assets/Prototyping/Textures/SwatchYellowAlbedo.png using Guid(b4646ae63b0bcca40b1bdde3b87e01bf) Importer(2089858483,b0f066a214c2f5e87bad3c948f4d605d) (ScriptedImporter) -> (Import Result ID: '2769f60a70799ea0ce2b2d5a06c116b6') in 0.0118213 seconds [static and dynamic dependencies]. Details - ImportResultOutputID=537c85f05afcafe3cb02b0d452ac910e DependenciesID=c10b68922da63021fc259c05f512f5c7 StaticDependenciesID=177acb6c6c212169d8ec2593715ffa88 
Number of updated asset objects reloaded before import = 0Number of asset objects unloaded after import = 1

========================================================================
Received Import Request.
  Time since last request: 0.000032 seconds.
  path: Assets/Standard Assets/Effects/LightCookies/Textures/FlashlightCookie.tif
  importAddress: Guid(2c29c08dd1c0b6749b7cd0fcff7a29fd) Importer(2089858483,b0f066a214c2f5e87bad3c948f4d605d)
Start importing Assets/Standard Assets/Effects/LightCookies/Textures/FlashlightCookie.tif using Guid(2c29c08dd1c0b6749b7cd0fcff7a29fd) Importer(2089858483,b0f066a214c2f5e87bad3c948f4d605d) (ScriptedImporter) -> (Import Result ID: 'fe08017e45a20affe42d73e2746acf21') in 0.0114598 seconds [static and dynamic dependencies]. Details - ImportResultOutputID=c276cc5a84c24ed4f78529b3cb5ebdca DependenciesID=b332a854017914ac092f499017fee534 StaticDependenciesID=8b9e7ce7c714753f712bb63a578a92fb 
Number of updated asset objects reloaded before import = 0Number of asset objects unloaded after import = 1

========================================================================
Received Import Request.
  Time since last request: 0.000013 seconds.
  path: Assets/Standard Assets/Prototyping/Models/FloorPrototype08x01x08.fbx
  importAddress: Guid(16fb769c0394c36469ed40a4f35c1eec) Importer(2089858483,b0f066a214c2f5e87bad3c948f4d605d)
Start importing Assets/Standard Assets/Prototyping/Models/FloorPrototype08x01x08.fbx using Guid(16fb769c0394c36469ed40a4f35c1eec) Importer(2089858483,b0f066a214c2f5e87bad3c948f4d605d) (ScriptedImporter) -> (Import Result ID: '349ab7002698b9370cdad6f4afd35975') in 0.0116887 seconds [static and dynamic dependencies]. Details - ImportResultOutputID=8f73bbbd8e9ef8ce65a1fb97e6f8f782 DependenciesID=142f7531c05c3dc304bcaae8b77adc19 StaticDependenciesID=08c7e12037344150b1df7952fd23dc96 
Number of updated asset objects reloaded before import = 0Number of asset objects unloaded after import = 8

========================================================================
Received Import Request.
  Time since last request: 0.000017 seconds.
  path: Assets/TextMesh Pro/Resources/Fonts & Materials/LiberationSans SDF - Outline.mat
  importAddress: Guid(79459efec17a4d00a321bdcc27bbc385) Importer(2089858483,b0f066a214c2f5e87bad3c948f4d605d)
Start importing Assets/TextMesh Pro/Resources/Fonts & Materials/LiberationSans SDF - Outline.mat using Guid(79459efec17a4d00a321bdcc27bbc385) Importer(2089858483,b0f066a214c2f5e87bad3c948f4d605d) (ScriptedImporter) -> (Import Result ID: 'f565e69ec33332b242c15db3794374fa') in 0.0207039 seconds [static and dynamic dependencies]. Details - ImportResultOutputID=3e36a69c7a6a16edefe2726138759983 DependenciesID=74ae995797815d545af6fa71430fec20 StaticDependenciesID=ea4f6bdbbd3fe4a09d6f1f24747b1613 
Number of updated asset objects reloaded before import = 0Number of asset objects unloaded after import = 2

========================================================================
Received Import Request.
  Time since last request: 0.000017 seconds.
  path: Assets/Standard Assets/ParticleSystems/Scripts/Explosive.cs
  importAddress: Guid(433e9c8d0293ac4429eaf19bff2b58cf) Importer(2089858483,b0f066a214c2f5e87bad3c948f4d605d)
Start importing Assets/Standard Assets/ParticleSystems/Scripts/Explosive.cs using Guid(433e9c8d0293ac4429eaf19bff2b58cf) Importer(2089858483,b0f066a214c2f5e87bad3c948f4d605d) (ScriptedImporter) -> (Import Result ID: 'ccadc2a82dadd35773b0996be8d2d4d1') in 0.0065581 seconds [static and dynamic dependencies]. Details - ImportResultOutputID=3370ed80f747fcfb793c14c26d85dec8 DependenciesID=b8b88cc848e15a6f5befde18df12a0cf StaticDependenciesID=91ec4f65efe8941f1743dc9b76223892 
Number of updated asset objects reloaded before import = 0Number of asset objects unloaded after import = 0

========================================================================
Received Import Request.
  Time since last request: 0.000049 seconds.
  path: Assets/Standard Assets/Characters/ThirdPersonCharacter/Animation/HumanoidWalkTurnSharp.fbx
  importAddress: Guid(bb141fc9a700c9c4ca7e6dadb8acf24b) Importer(2089858483,b0f066a214c2f5e87bad3c948f4d605d)
Start importing Assets/Standard Assets/Characters/ThirdPersonCharacter/Animation/HumanoidWalkTurnSharp.fbx using Guid(bb141fc9a700c9c4ca7e6dadb8acf24b) Importer(2089858483,b0f066a214c2f5e87bad3c948f4d605d) (ScriptedImporter) -> (Import Result ID: '84b3c0bf7b5d5b2fad72ef68fba63907') in 0.0139577 seconds [static and dynamic dependencies]. Details - ImportResultOutputID=6253d491c6e456a7163f028165634ca7 DependenciesID=97bd8a100ba4f123353244c8fabe4b3f StaticDependenciesID=1c277bd3cf0e77860f1878254e2bb922 
Number of updated asset objects reloaded before import = 0Number of asset objects unloaded after import = 158

========================================================================
Received Import Request.
  Time since last request: 0.000016 seconds.
  path: Assets/Standard Assets/Characters/FirstPersonCharacter/Scripts/RigidbodyFirstPersonController.cs
  importAddress: Guid(81c9795a96c094f4cbde4d65546aa9b2) Importer(2089858483,b0f066a214c2f5e87bad3c948f4d605d)
Start importing Assets/Standard Assets/Characters/FirstPersonCharacter/Scripts/RigidbodyFirstPersonController.cs using Guid(81c9795a96c094f4cbde4d65546aa9b2) Importer(2089858483,b0f066a214c2f5e87bad3c948f4d605d) (ScriptedImporter) -> (Import Result ID: '7494dabff09eb9ad049b67761879106b') in 0.0070841 seconds [static and dynamic dependencies]. Details - ImportResultOutputID=9232574fe2ac7fea83deb8460644cce0 DependenciesID=f125f73ce76d03c198566cb11a8001c3 StaticDependenciesID=102204a81baeac2fc695193a36da3a35 
Number of updated asset objects reloaded before import = 0Number of asset objects unloaded after import = 0

========================================================================
Received Import Request.
  Time since last request: 0.000125 seconds.
  path: Assets/TextMesh Pro/Resources/Shaders/TMP_Bitmap-Custom-Atlas.shader
  importAddress: Guid(48bb5f55d8670e349b6e614913f9d910) Importer(2089858483,b0f066a214c2f5e87bad3c948f4d605d)
Start importing Assets/TextMesh Pro/Resources/Shaders/TMP_Bitmap-Custom-Atlas.shader using Guid(48bb5f55d8670e349b6e614913f9d910) Importer(2089858483,b0f066a214c2f5e87bad3c948f4d605d) (ScriptedImporter) -> (Import Result ID: 'c06ef3b4a138e4bd63e0d5d40b308c1d') in 0.0136404 seconds [static and dynamic dependencies]. Details - ImportResultOutputID=76f1b9466408a2fd74b4d4912338a84a DependenciesID=75da5a76b8b1c34b6c6ff7dcd7b16a1b StaticDependenciesID=c59f8bfe84779164a1991659d7082e5a 
Number of updated asset objects reloaded before import = 0Number of asset objects unloaded after import = 1

========================================================================
Received Import Request.
  Time since last request: 0.000035 seconds.
  path: Assets/Standard Assets/Prototyping/Materials/PinkSmooth.mat
  importAddress: Guid(fed4e78bda2b3de45954637fee164b8c) Importer(2089858483,b0f066a214c2f5e87bad3c948f4d605d)
Start importing Assets/Standard Assets/Prototyping/Materials/PinkSmooth.mat using Guid(fed4e78bda2b3de45954637fee164b8c) Importer(2089858483,b0f066a214c2f5e87bad3c948f4d605d) (ScriptedImporter) -> (Import Result ID: '68800d70a6070794a754a3ee19f52be7') in 0.0112431 seconds [static and dynamic dependencies]. Details - ImportResultOutputID=78d62ae8f691a5649e0ae99340630631 DependenciesID=2bb58b51b50abfb4f9f6d4188f18bab0 StaticDependenciesID=bb703cb079c8ee4776d8ac3fde4da85e 
Number of updated asset objects reloaded before import = 0Number of asset objects unloaded after import = 2

========================================================================
Received Import Request.
  Time since last request: 0.000019 seconds.
  path: Assets/Standard Assets/Characters/ThirdPersonCharacter/Animation/HumanoidJumpAndFall.fbx
  importAddress: Guid(51dd2e4c869794f75a0df7d54b210214) Importer(2089858483,b0f066a214c2f5e87bad3c948f4d605d)
Start importing Assets/Standard Assets/Characters/ThirdPersonCharacter/Animation/HumanoidJumpAndFall.fbx using Guid(51dd2e4c869794f75a0df7d54b210214) Importer(2089858483,b0f066a214c2f5e87bad3c948f4d605d) (ScriptedImporter) -> (Import Result ID: '9dfc5593f9321ee5ffc1544e6dd996a7') in 0.0163239 seconds [static and dynamic dependencies]. Details - ImportResultOutputID=79dc867344adccc05bfd2373510ef84f DependenciesID=df485379f30af6ed622d1616c76cc502 StaticDependenciesID=9d0e9d7966b4a0c72fc1eb66ce01a699 
Number of updated asset objects reloaded before import = 0Number of asset objects unloaded after import = 160

========================================================================
Received Import Request.
  Time since last request: 0.000018 seconds.
  path: Assets/Standard Assets/Characters/RollerBall/Scripts/Ball.cs
  importAddress: Guid(e004fefca5c7ba44d9c5ffd46fdee2ed) Importer(2089858483,b0f066a214c2f5e87bad3c948f4d605d)
Start importing Assets/Standard Assets/Characters/RollerBall/Scripts/Ball.cs using Guid(e004fefca5c7ba44d9c5ffd46fdee2ed) Importer(2089858483,b0f066a214c2f5e87bad3c948f4d605d) (ScriptedImporter) -> (Import Result ID: '94ec5547eef134f3a8e7365390801d56') in 0.0070689 seconds [static and dynamic dependencies]. Details - ImportResultOutputID=1c728c491ba8978a4e2a21e938ebb25c DependenciesID=ba0bb733b58b1bc80062a3ac750d9d4e StaticDependenciesID=bdf44041e1fc9f8be3a337f0539cad88 
Number of updated asset objects reloaded before import = 0Number of asset objects unloaded after import = 0

========================================================================
Received Import Request.
  Time since last request: 0.000036 seconds.
  path: Assets/Standard Assets/Environment/TerrainAssets/BillboardTextures/GrassFrond01AlbedoAlpha.psd
  importAddress: Guid(2c528fec5d95e4ac28cf46399b887662) Importer(2089858483,b0f066a214c2f5e87bad3c948f4d605d)
Start importing Assets/Standard Assets/Environment/TerrainAssets/BillboardTextures/GrassFrond01AlbedoAlpha.psd using Guid(2c528fec5d95e4ac28cf46399b887662) Importer(2089858483,b0f066a214c2f5e87bad3c948f4d605d) (ScriptedImporter) -> (Import Result ID: '3c854d9d61e7943d6b11ce45c5cee182') in 0.0100214 seconds [static and dynamic dependencies]. Details - ImportResultOutputID=8c3280f80405f94f4028975611db2e0c DependenciesID=873a59f19aaf692350be966a5b9ff29d StaticDependenciesID=698a7fba139cde58f110c1c09fcfc8fd 
Number of updated asset objects reloaded before import = 0Number of asset objects unloaded after import = 1

========================================================================
Received Import Request.
  Time since last request: 0.000019 seconds.
  path: Assets/Standard Assets/Vehicles/Aircraft/Textures/AircraftFuselageNormals.png
  importAddress: Guid(c7e9ae087ac710a4980ed418c192e2fb) Importer(2089858483,b0f066a214c2f5e87bad3c948f4d605d)
Start importing Assets/Standard Assets/Vehicles/Aircraft/Textures/AircraftFuselageNormals.png using Guid(c7e9ae087ac710a4980ed418c192e2fb) Importer(2089858483,b0f066a214c2f5e87bad3c948f4d605d) (ScriptedImporter) -> (Import Result ID: 'e41e68dd92c64347363829d2b991c569') in 0.0257241 seconds [static and dynamic dependencies]. Details - ImportResultOutputID=ed0d8ae7068e3cf935be84ab3d3e22e4 DependenciesID=39823f53bb83e80c3ee6f7a2e8d39334 StaticDependenciesID=22752c2a276b4be427ba5e21146dd48d 
Number of updated asset objects reloaded before import = 0Number of asset objects unloaded after import = 1

========================================================================
Received Import Request.
  Time since last request: 0.000020 seconds.
  path: Assets/Standard Assets/Vehicles/Aircraft/Animation/PropGearLowered.anim
  importAddress: Guid(87d6feceffd4d9541954deeb132e82b9) Importer(2089858483,b0f066a214c2f5e87bad3c948f4d605d)
Start importing Assets/Standard Assets/Vehicles/Aircraft/Animation/PropGearLowered.anim using Guid(87d6feceffd4d9541954deeb132e82b9) Importer(2089858483,b0f066a214c2f5e87bad3c948f4d605d) (ScriptedImporter) -> (Import Result ID: '62f5fbf4935c36013ab2b63569b63005') in 0.0104514 seconds [static and dynamic dependencies]. Details - ImportResultOutputID=db6651ac2a472b56f8f3fb5618c06a6f DependenciesID=52437141f31a845d26d88ef2b979fc35 StaticDependenciesID=2fafa7ded54c8c39c0c3ecba055cd496 
Number of updated asset objects reloaded before import = 0Number of asset objects unloaded after import = 1

========================================================================
Received Import Request.
  Time since last request: 0.000053 seconds.
  path: Assets/Standard Assets/Vehicles/Aircraft/Scripts/AeroplaneController.cs
  importAddress: Guid(235a6615124795442b98c1f03500003e) Importer(2089858483,b0f066a214c2f5e87bad3c948f4d605d)
Start importing Assets/Standard Assets/Vehicles/Aircraft/Scripts/AeroplaneController.cs using Guid(235a6615124795442b98c1f03500003e) Importer(2089858483,b0f066a214c2f5e87bad3c948f4d605d) (ScriptedImporter) -> (Import Result ID: '2c6eac9320ffa2747792c55b172f756c') in 0.011746 seconds [static and dynamic dependencies]. Details - ImportResultOutputID=3a306a131d0a010c4839a1f80ed2496b DependenciesID=17f4d2c47578a7659bfa19841068c467 StaticDependenciesID=a282581deefc3fe9b97a31cea1183887 
Number of updated asset objects reloaded before import = 0Number of asset objects unloaded after import = 0

========================================================================
Received Import Request.
  Time since last request: 0.000061 seconds.
  path: Assets/Standard Assets/Effects/ToonShading/Shaders/ToonBasic.shader
  importAddress: Guid(d84268709d11078d11005b9844295342) Importer(2089858483,b0f066a214c2f5e87bad3c948f4d605d)
Start importing Assets/Standard Assets/Effects/ToonShading/Shaders/ToonBasic.shader using Guid(d84268709d11078d11005b9844295342) Importer(2089858483,b0f066a214c2f5e87bad3c948f4d605d) (ScriptedImporter) -> (Import Result ID: '05f74ae89899c72591462f144fff1a2d') in 0.0096717 seconds [static and dynamic dependencies]. Details - ImportResultOutputID=d717dccb3234227c7ef7fb3c2d81d4ce DependenciesID=e30b748e3798be2e7a8faa177709610d StaticDependenciesID=7afe967a087b9c102519c71a3f15f6a9 
Number of updated asset objects reloaded before import = 0Number of asset objects unloaded after import = 1

========================================================================
Received Import Request.
  Time since last request: 0.000027 seconds.
  path: Assets/Standard Assets/Environment/SpeedTree/Broadleaf/Broadleaf_Desktop_Atlas_Normal.tga
  importAddress: Guid(b552931caa1b3ea418b9ba90cbd1333e) Importer(2089858483,b0f066a214c2f5e87bad3c948f4d605d)
Start importing Assets/Standard Assets/Environment/SpeedTree/Broadleaf/Broadleaf_Desktop_Atlas_Normal.tga using Guid(b552931caa1b3ea418b9ba90cbd1333e) Importer(2089858483,b0f066a214c2f5e87bad3c948f4d605d) (ScriptedImporter) -> (Import Result ID: '88ae03da7bcbec525ea4dba5b2e2682a') in 0.0124832 seconds [static and dynamic dependencies]. Details - ImportResultOutputID=f34f9d49a34cf093905762990efa0ece DependenciesID=9c841e8dc8d4318ef80a9232661f51a9 StaticDependenciesID=777793bee7a3e1149dbcfbd744367ad1 
Number of updated asset objects reloaded before import = 0Number of asset objects unloaded after import = 1

========================================================================
Received Import Request.
  Time since last request: 0.000016 seconds.
  path: Assets/Standard Assets/Environment/SpeedTree/Palm/Palm_Desktop_Atlas_Billboards_Normal.tga
  importAddress: Guid(bf8162ab40cfad34cac743bdc2939f99) Importer(2089858483,b0f066a214c2f5e87bad3c948f4d605d)
Start importing Assets/Standard Assets/Environment/SpeedTree/Palm/Palm_Desktop_Atlas_Billboards_Normal.tga using Guid(bf8162ab40cfad34cac743bdc2939f99) Importer(2089858483,b0f066a214c2f5e87bad3c948f4d605d) (ScriptedImporter) -> (Import Result ID: 'e3596444d2d39c67a160d3978ce4dfca') in 0.0114373 seconds [static and dynamic dependencies]. Details - ImportResultOutputID=48425616e55f58ebcdd8085a61d07de9 DependenciesID=c8de3b18873e171e5b6adcf905028104 StaticDependenciesID=1154c85e062165257fb7b766b52bbb3b 
Number of updated asset objects reloaded before import = 0Number of asset objects unloaded after import = 1

========================================================================
Received Import Request.
  Time since last request: 0.000016 seconds.
  path: Assets/Standard Assets/Effects/ToonShading/Shaders/ToonLitOutline.shader
  importAddress: Guid(054a31a99d11e49d110086ba44295342) Importer(2089858483,b0f066a214c2f5e87bad3c948f4d605d)
Start importing Assets/Standard Assets/Effects/ToonShading/Shaders/ToonLitOutline.shader using Guid(054a31a99d11e49d110086ba44295342) Importer(2089858483,b0f066a214c2f5e87bad3c948f4d605d) (ScriptedImporter) -> (Import Result ID: '785accf237ec26d9d6c35c139a283f5c') in 0.0160698 seconds [static and dynamic dependencies]. Details - ImportResultOutputID=92b3b98a82041be807948e0cb410764f DependenciesID=e6cab02d2a4e62b55be83384c07818f8 StaticDependenciesID=6283cc786c31fa2ce7d5a83f51507e99 
Number of updated asset objects reloaded before import = 0Number of asset objects unloaded after import = 2

========================================================================
Received Import Request.
  Time since last request: 0.000064 seconds.
  path: Assets/Standard Assets/Environment/SpeedTree/Broadleaf/Broadleaves_Card_Desktop.tga
  importAddress: Guid(ea60173ceac07334c91568c48cc765cd) Importer(2089858483,b0f066a214c2f5e87bad3c948f4d605d)
Start importing Assets/Standard Assets/Environment/SpeedTree/Broadleaf/Broadleaves_Card_Desktop.tga using Guid(ea60173ceac07334c91568c48cc765cd) Importer(2089858483,b0f066a214c2f5e87bad3c948f4d605d) (ScriptedImporter) -> (Import Result ID: '6106e9176382fc58e0c2093bf1c509b6') in 0.0119987 seconds [static and dynamic dependencies]. Details - ImportResultOutputID=714a265bb711e04ed510a292540259dc DependenciesID=a9b2a85ea5a4ba4728110d263a552320 StaticDependenciesID=0b8075722aac50e84e847c224d0704df 
Number of updated asset objects reloaded before import = 0Number of asset objects unloaded after import = 1

========================================================================
Received Import Request.
  Time since last request: 0.000021 seconds.
  path: Assets/Standard Assets/Vehicles/Aircraft/Animation/JetGearLower.anim
  importAddress: Guid(8cc12167aaf828e459746fbcaad3fab2) Importer(2089858483,b0f066a214c2f5e87bad3c948f4d605d)
Start importing Assets/Standard Assets/Vehicles/Aircraft/Animation/JetGearLower.anim using Guid(8cc12167aaf828e459746fbcaad3fab2) Importer(2089858483,b0f066a214c2f5e87bad3c948f4d605d) (ScriptedImporter) -> (Import Result ID: '7dc3f86192fed39fc6509eb3544ac704') in 0.0194329 seconds [static and dynamic dependencies]. Details - ImportResultOutputID=22e89a1c54edbeac68acec1702f4ece4 DependenciesID=bb94ab92e0751d8c0db50ccbb8cab5e6 StaticDependenciesID=5839b33548b8f8a07edebe928b6ddfbe 
Number of updated asset objects reloaded before import = 0Number of asset objects unloaded after import = 1

========================================================================
Received Import Request.
  Time since last request: 0.000025 seconds.
  path: Assets/Standard Assets/Vehicles/Aircraft/Textures/AircraftPropellerBlur02GreyAlbedo.png
  importAddress: Guid(da369a9e24c14b04da8e0be4d9fbee0c) Importer(2089858483,b0f066a214c2f5e87bad3c948f4d605d)
Start importing Assets/Standard Assets/Vehicles/Aircraft/Textures/AircraftPropellerBlur02GreyAlbedo.png using Guid(da369a9e24c14b04da8e0be4d9fbee0c) Importer(2089858483,b0f066a214c2f5e87bad3c948f4d605d) (ScriptedImporter) -> (Import Result ID: '4b588cc86a099c529a919fef770f2efa') in 0.0105756 seconds [static and dynamic dependencies]. Details - ImportResultOutputID=c22ae23dc245d93a71ea8d0e3212b2d9 DependenciesID=a0ddebc2701585b103bfba1cdb7079cb StaticDependenciesID=91a0141fcb67f8c61e0ebd2e031de21c 
Number of updated asset objects reloaded before import = 0Number of asset objects unloaded after import = 1

========================================================================
Received Import Request.
  Time since last request: 0.000017 seconds.
  path: Assets/Standard Assets/Environment/SpeedTree/Conifer/Conifer_Needles_Dekstop_Spec.tga
  importAddress: Guid(897461e3c2fa9d84d8bd48bf1b00a950) Importer(2089858483,b0f066a214c2f5e87bad3c948f4d605d)
Start importing Assets/Standard Assets/Environment/SpeedTree/Conifer/Conifer_Needles_Dekstop_Spec.tga using Guid(897461e3c2fa9d84d8bd48bf1b00a950) Importer(2089858483,b0f066a214c2f5e87bad3c948f4d605d) (ScriptedImporter) -> (Import Result ID: '1ac8d784db1a812c676f89115f4704bb') in 0.0161438 seconds [static and dynamic dependencies]. Details - ImportResultOutputID=273ceeb631a3feab94c98f5d59ea91c5 DependenciesID=7292e8c5f5a62864f3e58a96d575f8ac StaticDependenciesID=697a8340f8bdc93a3cbbb9a6eee32f2a 
Number of updated asset objects reloaded before import = 0Number of asset objects unloaded after import = 1

========================================================================
Received Import Request.
  Time since last request: 0.000019 seconds.
  path: Assets/Standard Assets/Environment/SpeedTree/Conifer/Conifer_Desktop_Atlas_Specular.tga
  importAddress: Guid(41232aac50fb25a40b390906295f9aa6) Importer(2089858483,b0f066a214c2f5e87bad3c948f4d605d)
Start importing Assets/Standard Assets/Environment/SpeedTree/Conifer/Conifer_Desktop_Atlas_Specular.tga using Guid(41232aac50fb25a40b390906295f9aa6) Importer(2089858483,b0f066a214c2f5e87bad3c948f4d605d) (ScriptedImporter) -> (Import Result ID: '51660574838c9d6606aee56fef804094') in 0.0114059 seconds [static and dynamic dependencies]. Details - ImportResultOutputID=2a8c9cb8c46c0ff06a8fbee48c7d3705 DependenciesID=8fbf26d93383fbdb7f1bce10df0134ca StaticDependenciesID=215c93d02b5cb6630d05d0594868f747 
Number of updated asset objects reloaded before import = 0Number of asset objects unloaded after import = 1

========================================================================
Received Import Request.
  Time since last request: 0.000030 seconds.
  path: Assets/Standard Assets/Environment/Water (Basic)/Prefabs/WaterBasicDaytime.prefab
  importAddress: Guid(9485b0c79d11e2e4d0007da98d76c639) Importer(2089858483,b0f066a214c2f5e87bad3c948f4d605d)
Start importing Assets/Standard Assets/Environment/Water (Basic)/Prefabs/WaterBasicDaytime.prefab using Guid(9485b0c79d11e2e4d0007da98d76c639) Importer(2089858483,b0f066a214c2f5e87bad3c948f4d605d) (ScriptedImporter) -> (Import Result ID: '5e676eefd4ff4975517b6d9321c8094c') in 0.0114405 seconds [static and dynamic dependencies]. Details - ImportResultOutputID=c4da6fc61e6de64581bb24d308d68067 DependenciesID=5a72535c14caa92d842ccaa7e6ec6b20 StaticDependenciesID=2e782d608e25af71b213484bc3c4359a 
Number of updated asset objects reloaded before import = 0Number of asset objects unloaded after import = 9

========================================================================
Received Import Request.
  Time since last request: 0.000019 seconds.
  path: Assets/Standard Assets/Environment/SpeedTree/Palm/PalmFrond.tga
  importAddress: Guid(b87734d3c84dd1c43bd931282e470145) Importer(2089858483,b0f066a214c2f5e87bad3c948f4d605d)
Start importing Assets/Standard Assets/Environment/SpeedTree/Palm/PalmFrond.tga using Guid(b87734d3c84dd1c43bd931282e470145) Importer(2089858483,b0f066a214c2f5e87bad3c948f4d605d) (ScriptedImporter) -> (Import Result ID: '6d518da8571353b6c8dfc614e3989ef4') in 0.0129587 seconds [static and dynamic dependencies]. Details - ImportResultOutputID=0e3af2020d21e98600a55df1a5b470a7 DependenciesID=f2ac439a111c4eed24f9765b37d8034c StaticDependenciesID=41b5b77d042250631003a78016d6d482 
Number of updated asset objects reloaded before import = 0Number of asset objects unloaded after import = 1

========================================================================
Received Import Request.
  Time since last request: 0.000020 seconds.
  path: Assets/Standard Assets/Vehicles/Aircraft/Audio/FlightWind.wav
  importAddress: Guid(38d4d0ff7855e984285fbf430385b2aa) Importer(2089858483,b0f066a214c2f5e87bad3c948f4d605d)
Start importing Assets/Standard Assets/Vehicles/Aircraft/Audio/FlightWind.wav using Guid(38d4d0ff7855e984285fbf430385b2aa) Importer(2089858483,b0f066a214c2f5e87bad3c948f4d605d) (ScriptedImporter) -> (Import Result ID: 'bbdfe426a901d7d5aa6fe7c0d7e83798') in 0.0095625 seconds [static and dynamic dependencies]. Details - ImportResultOutputID=503793873312b49072ee1e12a293350b DependenciesID=722a1b0b4ceec834f990f76b06e87061 StaticDependenciesID=30b18491b9b537057e101899700fb062 
Number of updated asset objects reloaded before import = 0Number of asset objects unloaded after import = 1

========================================================================
Received Import Request.
  Time since last request: 0.000030 seconds.
  path: Assets/Standard Assets/Vehicles/Aircraft/Materials/AircraftWingsPropellerBlurGrey.mat
  importAddress: Guid(d5b08f0e43171dd468f4fed8bb5d0cea) Importer(2089858483,b0f066a214c2f5e87bad3c948f4d605d)
Start importing Assets/Standard Assets/Vehicles/Aircraft/Materials/AircraftWingsPropellerBlurGrey.mat using Guid(d5b08f0e43171dd468f4fed8bb5d0cea) Importer(2089858483,b0f066a214c2f5e87bad3c948f4d605d) (ScriptedImporter) -> (Import Result ID: 'c597aed3985fa52605b532ae804b74e3') in 0.0089179 seconds [static and dynamic dependencies]. Details - ImportResultOutputID=e2571c1030d4e45fe4988bb142861ebe DependenciesID=010b015cb71b4ccc7031be9efc7bb678 StaticDependenciesID=198a60bbfc6d7518d8c9ab86598774e2 
Number of updated asset objects reloaded before import = 0Number of asset objects unloaded after import = 2

========================================================================
Received Import Request.
  Time since last request: 0.000019 seconds.
  path: Assets/Standard Assets/Environment/TerrainAssets/BillboardTextures/GrassFrond02AlbedoAlpha.psd
  importAddress: Guid(d6cdc79ec19714fcd980ca3f6ac01a0a) Importer(2089858483,b0f066a214c2f5e87bad3c948f4d605d)
Start importing Assets/Standard Assets/Environment/TerrainAssets/BillboardTextures/GrassFrond02AlbedoAlpha.psd using Guid(d6cdc79ec19714fcd980ca3f6ac01a0a) Importer(2089858483,b0f066a214c2f5e87bad3c948f4d605d) (ScriptedImporter) -> (Import Result ID: '8e501cd2730fcbe1be93b5162357d65b') in 0.0098279 seconds [static and dynamic dependencies]. Details - ImportResultOutputID=86fff97309907db0a9ae5a98cf4a8d93 DependenciesID=8662e2fbf7f723dd9865c5e5f79289f0 StaticDependenciesID=2fdc8f621f013183afbbadbd3f0f42ab 
Number of updated asset objects reloaded before import = 0Number of asset objects unloaded after import = 1

========================================================================
Received Import Request.
  Time since last request: 0.000018 seconds.
  path: Assets/Standard Assets/Environment/SpeedTree/Broadleaf/BroadleafBark_Normal.tga
  importAddress: Guid(34f07406286974e4ca236867d8d58b51) Importer(2089858483,b0f066a214c2f5e87bad3c948f4d605d)
Start importing Assets/Standard Assets/Environment/SpeedTree/Broadleaf/BroadleafBark_Normal.tga using Guid(34f07406286974e4ca236867d8d58b51) Importer(2089858483,b0f066a214c2f5e87bad3c948f4d605d) (ScriptedImporter) -> (Import Result ID: '6f0ed7d7f7883dd4756f690424c85095') in 0.0110443 seconds [static and dynamic dependencies]. Details - ImportResultOutputID=70b942ac2350a2fc658a55162a1123af DependenciesID=7ca88faec7b74d024f654c79531d4f04 StaticDependenciesID=2418c4a228aa445b9f180499c0c64270 
Number of updated asset objects reloaded before import = 0Number of asset objects unloaded after import = 1

========================================================================
Received Import Request.
  Time since last request: 0.000015 seconds.
  path: Assets/Standard Assets/Environment/SpeedTree/Broadleaf/Broadleaf_Mobile_Atlas.tga
  importAddress: Guid(2c116325e19b8a04d916864cc540ec2d) Importer(2089858483,b0f066a214c2f5e87bad3c948f4d605d)
Start importing Assets/Standard Assets/Environment/SpeedTree/Broadleaf/Broadleaf_Mobile_Atlas.tga using Guid(2c116325e19b8a04d916864cc540ec2d) Importer(2089858483,b0f066a214c2f5e87bad3c948f4d605d) (ScriptedImporter) -> (Import Result ID: 'a53339061329dd43e18492ccadec0a9c') in 0.0111731 seconds [static and dynamic dependencies]. Details - ImportResultOutputID=2a43a2e8513dfd1de955146db57a2c1a DependenciesID=4eaa927606459acb7e26428f51b03bf6 StaticDependenciesID=906629f5d1f4853651001d73952fa9a0 
Number of updated asset objects reloaded before import = 0Number of asset objects unloaded after import = 1

========================================================================
Received Import Request.
  Time since last request: 0.000018 seconds.
  path: Assets/Standard Assets/Environment/SpeedTree/Broadleaf/Broadleaf_Desktop_Atlas_Billboards_Normal.tga
  importAddress: Guid(0ec79c3d1dd0fb640b7f3f72ebb28f74) Importer(2089858483,b0f066a214c2f5e87bad3c948f4d605d)
Start importing Assets/Standard Assets/Environment/SpeedTree/Broadleaf/Broadleaf_Desktop_Atlas_Billboards_Normal.tga using Guid(0ec79c3d1dd0fb640b7f3f72ebb28f74) Importer(2089858483,b0f066a214c2f5e87bad3c948f4d605d) (ScriptedImporter) -> (Import Result ID: 'b82af91bf527c610481e979c9c6003c5') in 0.011564 seconds [static and dynamic dependencies]. Details - ImportResultOutputID=80d9af6dc92e0903d7e27fc61e316698 DependenciesID=2f2aae5ac91e314aab2671f9d5016483 StaticDependenciesID=a4ae396a78354f489d914875db332262 
Number of updated asset objects reloaded before import = 0Number of asset objects unloaded after import = 1

========================================================================
Received Import Request.
  Time since last request: 0.000016 seconds.
  path: Assets/Standard Assets/Effects/ToonShading/Materials/ToonBasicOutline.mat
  importAddress: Guid(215977489d11178d11005b9844295342) Importer(2089858483,b0f066a214c2f5e87bad3c948f4d605d)
Start importing Assets/Standard Assets/Effects/ToonShading/Materials/ToonBasicOutline.mat using Guid(215977489d11178d11005b9844295342) Importer(2089858483,b0f066a214c2f5e87bad3c948f4d605d) (ScriptedImporter) -> (Import Result ID: '4d3f3ea18e8100108a93921ccfcbd529') in 0.010734 seconds [static and dynamic dependencies]. Details - ImportResultOutputID=6747998a8721f79400f68169bfe95294 DependenciesID=73dbe82c766d38bf5d61aff44ca19f3e StaticDependenciesID=4004dfbe7e23ea7ad8083eed933026b3 
Number of updated asset objects reloaded before import = 0Number of asset objects unloaded after import = 3

========================================================================
Received Import Request.
  Time since last request: 0.000018 seconds.
  path: Assets/Standard Assets/Vehicles/Aircraft/Materials/AircraftWingsPropellersWhite.mat
  importAddress: Guid(ef1216aa37a0cc249a6a6f5abbd25665) Importer(2089858483,b0f066a214c2f5e87bad3c948f4d605d)
Start importing Assets/Standard Assets/Vehicles/Aircraft/Materials/AircraftWingsPropellersWhite.mat using Guid(ef1216aa37a0cc249a6a6f5abbd25665) Importer(2089858483,b0f066a214c2f5e87bad3c948f4d605d) (ScriptedImporter) -> (Import Result ID: 'a8d229e70ccf76dc3cce85706abf67c9') in 0.0294088 seconds [static and dynamic dependencies]. Details - ImportResultOutputID=cb485c126ca50938015786c88573ee01 DependenciesID=905f9d80529706ee4c6a45a298d10db6 StaticDependenciesID=127ae97029c6a4e02e51ff425a320d0d 
Number of updated asset objects reloaded before import = 0Number of asset objects unloaded after import = 3

========================================================================
Received Import Request.
  Time since last request: 0.000018 seconds.
  path: Assets/Standard Assets/Environment/SpeedTree/Broadleaf/ClippedFrond_Normal.tga
  importAddress: Guid(98a0c4bded48f6e488eb93670599274e) Importer(2089858483,b0f066a214c2f5e87bad3c948f4d605d)
Start importing Assets/Standard Assets/Environment/SpeedTree/Broadleaf/ClippedFrond_Normal.tga using Guid(98a0c4bded48f6e488eb93670599274e) Importer(2089858483,b0f066a214c2f5e87bad3c948f4d605d) (ScriptedImporter) -> (Import Result ID: '1f7db32e3b75a129a72de809176edf3f') in 0.0118191 seconds [static and dynamic dependencies]. Details - ImportResultOutputID=86e3687ed0f403e237dada85c03648a8 DependenciesID=87acbf7b0133c42ab732ca41a3b69130 StaticDependenciesID=2759927457fe483687514f7eaa39740d 
Number of updated asset objects reloaded before import = 0Number of asset objects unloaded after import = 1

========================================================================
Received Import Request.
  Time since last request: 0.000022 seconds.
  path: Assets/Standard Assets/Effects/ToonShading/Materials/ToonLit.mat
  importAddress: Guid(c9e6294c9d11cb8d11006bf944295342) Importer(2089858483,b0f066a214c2f5e87bad3c948f4d605d)
Start importing Assets/Standard Assets/Effects/ToonShading/Materials/ToonLit.mat using Guid(c9e6294c9d11cb8d11006bf944295342) Importer(2089858483,b0f066a214c2f5e87bad3c948f4d605d) (ScriptedImporter) -> (Import Result ID: '600a29edc218fa9074402feb14860e21') in 0.0088702 seconds [static and dynamic dependencies]. Details - ImportResultOutputID=46956e259a84bc849c43467a20570d3a DependenciesID=e2982e82ced4af6556d381ff0901d68f StaticDependenciesID=9e3ac71f6d4b464c9b2cd0e3bebe794d 
Number of updated asset objects reloaded before import = 0Number of asset objects unloaded after import = 2

========================================================================
Received Import Request.
  Time since last request: 0.000018 seconds.
  path: Assets/Standard Assets/Environment/SpeedTree/Conifer/Conifer_Needles_Desktop.tga
  importAddress: Guid(34d2758af9e0a2b4690fbcfcad0285d6) Importer(2089858483,b0f066a214c2f5e87bad3c948f4d605d)
Start importing Assets/Standard Assets/Environment/SpeedTree/Conifer/Conifer_Needles_Desktop.tga using Guid(34d2758af9e0a2b4690fbcfcad0285d6) Importer(2089858483,b0f066a214c2f5e87bad3c948f4d605d) (ScriptedImporter) -> (Import Result ID: 'c067fae6f255e7d3bab647d075f2a458') in 0.0097829 seconds [static and dynamic dependencies]. Details - ImportResultOutputID=9e492a2db01206602fd0db56c319aa61 DependenciesID=0e6ee698bb97428593afaf93ee391a8d StaticDependenciesID=917868552c7a47ff45d28cc97bede620 
Number of updated asset objects reloaded before import = 0Number of asset objects unloaded after import = 1

========================================================================
Received Import Request.
  Time since last request: 0.000015 seconds.
  path: Assets/Standard Assets/Environment/SpeedTree/Palm/Palm_Desktop_Atlas.tga
  importAddress: Guid(03a71764f1184704c9a74acb7490450e) Importer(2089858483,b0f066a214c2f5e87bad3c948f4d605d)
Start importing Assets/Standard Assets/Environment/SpeedTree/Palm/Palm_Desktop_Atlas.tga using Guid(03a71764f1184704c9a74acb7490450e) Importer(2089858483,b0f066a214c2f5e87bad3c948f4d605d) (ScriptedImporter) -> (Import Result ID: '50ba9c4d632d3cae58c3ae3756342e72') in 0.0127453 seconds [static and dynamic dependencies]. Details - ImportResultOutputID=a312d48d7615712ca3b6d1c72d58486a DependenciesID=e2b1a22fb07e1497db5a3b357c6bf322 StaticDependenciesID=4144ae54774ebe3f3cd190050b23013d 
Number of updated asset objects reloaded before import = 0Number of asset objects unloaded after import = 1

========================================================================
Received Import Request.
  Time since last request: 0.000017 seconds.
  path: Assets/Standard Assets/Vehicles/Aircraft/Materials/AircraftWingsJetGrey.mat
  importAddress: Guid(42672579dbdf2c8449598d21e2c569ec) Importer(2089858483,b0f066a214c2f5e87bad3c948f4d605d)
Start importing Assets/Standard Assets/Vehicles/Aircraft/Materials/AircraftWingsJetGrey.mat using Guid(42672579dbdf2c8449598d21e2c569ec) Importer(2089858483,b0f066a214c2f5e87bad3c948f4d605d) (ScriptedImporter) -> (Import Result ID: '90223a92f1d476f541f87eec0aa757a1') in 0.0261282 seconds [static and dynamic dependencies]. Details - ImportResultOutputID=d3fb8053bd7d6f9ef6c31766885c711a DependenciesID=cce021759c960bdd68407f1a0e4310d6 StaticDependenciesID=c7ae49cf174a42cc65a5e4b2af096526 
Number of updated asset objects reloaded before import = 0Number of asset objects unloaded after import = 3

========================================================================
Received Import Request.
  Time since last request: 0.000019 seconds.
  path: Assets/Standard Assets/Vehicles/Aircraft/Scripts/AeroplaneAiControl.cs
  importAddress: Guid(6f947e56d54f4274896478766fef616c) Importer(2089858483,b0f066a214c2f5e87bad3c948f4d605d)
Start importing Assets/Standard Assets/Vehicles/Aircraft/Scripts/AeroplaneAiControl.cs using Guid(6f947e56d54f4274896478766fef616c) Importer(2089858483,b0f066a214c2f5e87bad3c948f4d605d) (ScriptedImporter) -> (Import Result ID: 'bd7b7ac49b8bc40e53e79f098067116e') in 0.0075422 seconds [static and dynamic dependencies]. Details - ImportResultOutputID=f7e5b932f201e64cb8f33f518c2c6bbf DependenciesID=d25101b9016208689f9668238577a0a0 StaticDependenciesID=b88cdd1393bcee63fbf44192d63303b3 
Number of updated asset objects reloaded before import = 0Number of asset objects unloaded after import = 0

========================================================================
Received Import Request.
  Time since last request: 0.000061 seconds.
  path: Assets/Standard Assets/Characters/ThirdPersonCharacter/Scripts/ThirdPersonUserControl.cs
  importAddress: Guid(521b611700410be45810047f0a74e899) Importer(2089858483,b0f066a214c2f5e87bad3c948f4d605d)
Start importing Assets/Standard Assets/Characters/ThirdPersonCharacter/Scripts/ThirdPersonUserControl.cs using Guid(521b611700410be45810047f0a74e899) Importer(2089858483,b0f066a214c2f5e87bad3c948f4d605d) (ScriptedImporter) -> (Import Result ID: 'a62a8c37b76b5b69dbc6b21f0399abe4') in 0.008222 seconds [static and dynamic dependencies]. Details - ImportResultOutputID=8dd4e44d99ecd767998a93fb75fc0ba9 DependenciesID=786b9ea2dad4b7115fb246f5db8d394a StaticDependenciesID=fb3cb0f07673423cac7301e7bdaa0278 
Number of updated asset objects reloaded before import = 0Number of asset objects unloaded after import = 0

========================================================================
Received Import Request.
  Time since last request: 0.000065 seconds.
  path: Assets/Standard Assets/Effects/GlassRefraction/Textures/GlassStainedNormals.tif
  importAddress: Guid(4b8d081e9d114c7f1100f5ab44295342) Importer(2089858483,b0f066a214c2f5e87bad3c948f4d605d)
Start importing Assets/Standard Assets/Effects/GlassRefraction/Textures/GlassStainedNormals.tif using Guid(4b8d081e9d114c7f1100f5ab44295342) Importer(2089858483,b0f066a214c2f5e87bad3c948f4d605d) (ScriptedImporter) -> (Import Result ID: '42cae3a8ac03df91824a412277358dbc') in 0.0119521 seconds [static and dynamic dependencies]. Details - ImportResultOutputID=a5de2abed0962830883370381a74f7e5 DependenciesID=4f433fa7b49669b96798edad8d721a75 StaticDependenciesID=8714cbca0244b106ea5e13a9de028f5a 
Number of updated asset objects reloaded before import = 0Number of asset objects unloaded after import = 1

========================================================================
Received Import Request.
  Time since last request: 0.000032 seconds.
  path: Assets/Standard Assets/Editor/Water/Water4/WaterBaseEditor.cs
  importAddress: Guid(9c2c627f6fe3945b39581fc103d32251) Importer(2089858483,b0f066a214c2f5e87bad3c948f4d605d)
Start importing Assets/Standard Assets/Editor/Water/Water4/WaterBaseEditor.cs using Guid(9c2c627f6fe3945b39581fc103d32251) Importer(2089858483,b0f066a214c2f5e87bad3c948f4d605d) (ScriptedImporter) -> (Import Result ID: '0f3f45ae7727e215dd0ddcb4e7e3c4ac') in 0.0088396 seconds [static and dynamic dependencies]. Details - ImportResultOutputID=ab4a9e63458e3b6984e5a8f59f4aeec5 DependenciesID=716262588d2b0c9e811c52433bbfcd4a StaticDependenciesID=d8c9e2db2e601d7dd753ff04b4d2e540 
Number of updated asset objects reloaded before import = 0Number of asset objects unloaded after import = 0

========================================================================
Received Import Request.
  Time since last request: 0.000039 seconds.
  path: Assets/Standard Assets/Vehicles/Aircraft/Scripts/AeroplanePropellerAnimator.cs
  importAddress: Guid(fb9e837aae6395d48b1182bee201f814) Importer(2089858483,b0f066a214c2f5e87bad3c948f4d605d)
Start importing Assets/Standard Assets/Vehicles/Aircraft/Scripts/AeroplanePropellerAnimator.cs using Guid(fb9e837aae6395d48b1182bee201f814) Importer(2089858483,b0f066a214c2f5e87bad3c948f4d605d) (ScriptedImporter) -> (Import Result ID: '4d8c3e3c7a33ee617aeb58e937050692') in 0.0084406 seconds [static and dynamic dependencies]. Details - ImportResultOutputID=4481b07b487034d1a8b1e7f0de9d7c8b DependenciesID=81077afd3e57429652e41f46d0a0dd09 StaticDependenciesID=e5cd1b0b7ca54cbc9498290f3aa4ae10 
Number of updated asset objects reloaded before import = 0Number of asset objects unloaded after import = 0

========================================================================
Received Import Request.
  Time since last request: 0.000054 seconds.
  path: Assets/Standard Assets/Effects/GlassRefraction/Textures/GlassStainedAlbedo.tif
  importAddress: Guid(19555d7d9d114c7f1100f5ab44295342) Importer(2089858483,b0f066a214c2f5e87bad3c948f4d605d)
Start importing Assets/Standard Assets/Effects/GlassRefraction/Textures/GlassStainedAlbedo.tif using Guid(19555d7d9d114c7f1100f5ab44295342) Importer(2089858483,b0f066a214c2f5e87bad3c948f4d605d) (ScriptedImporter) -> (Import Result ID: '365123fafad24b0675e8737fb974e712') in 0.0131919 seconds [static and dynamic dependencies]. Details - ImportResultOutputID=9b721926434e06c0da715bfb0d0f78f1 DependenciesID=091bc047575fe4be72e3d4e83c1a0ec9 StaticDependenciesID=6740e69d0b96a79faf139af11f798492 
Number of updated asset objects reloaded before import = 0Number of asset objects unloaded after import = 1

========================================================================
Received Import Request.
  Time since last request: 0.000017 seconds.
  path: Assets/Standard Assets/Environment/SpeedTree/Palm/PalmBark_Normal.tga
  importAddress: Guid(f15241bc5a839ea46bf857431081d715) Importer(2089858483,b0f066a214c2f5e87bad3c948f4d605d)
Start importing Assets/Standard Assets/Environment/SpeedTree/Palm/PalmBark_Normal.tga using Guid(f15241bc5a839ea46bf857431081d715) Importer(2089858483,b0f066a214c2f5e87bad3c948f4d605d) (ScriptedImporter) -> (Import Result ID: 'f7dc8f2d49c44217868073864f9e18bd') in 0.0108679 seconds [static and dynamic dependencies]. Details - ImportResultOutputID=33db37d61007173978a3d5ad4a9fe75c DependenciesID=bd80e06759ceab19cb30265e6c6e7399 StaticDependenciesID=675d3d671f28d08b0ac6d27b0b1d3c1f 
Number of updated asset objects reloaded before import = 0Number of asset objects unloaded after import = 1

========================================================================
Received Import Request.
  Time since last request: 0.000015 seconds.
  path: Assets/Standard Assets/Environment/SpeedTree/Conifer/Conifer_Needles_Desktop_Normal.tga
  importAddress: Guid(ab89d7e9dbd9462458ecef029ee60f6e) Importer(2089858483,b0f066a214c2f5e87bad3c948f4d605d)
Start importing Assets/Standard Assets/Environment/SpeedTree/Conifer/Conifer_Needles_Desktop_Normal.tga using Guid(ab89d7e9dbd9462458ecef029ee60f6e) Importer(2089858483,b0f066a214c2f5e87bad3c948f4d605d) (ScriptedImporter) -> (Import Result ID: 'fbe8e6f7a64b0d832795e855f8338eaa') in 0.0114506 seconds [static and dynamic dependencies]. Details - ImportResultOutputID=1dca918f9f3ba6c228b780a63f006131 DependenciesID=a76d1477528de967d2a41c335d4ff7c0 StaticDependenciesID=d51c4d61f0048436cfb93b4a183ff6e8 
Number of updated asset objects reloaded before import = 0Number of asset objects unloaded after import = 1

========================================================================
Received Import Request.
  Time since last request: 0.000018 seconds.
  path: Assets/Standard Assets/Vehicles/Aircraft/Textures/AircraftPropellerBlur01WhiteAlbedo.png
  importAddress: Guid(a01d24876a1472b408ba8e5f0bf3a23f) Importer(2089858483,b0f066a214c2f5e87bad3c948f4d605d)
Start importing Assets/Standard Assets/Vehicles/Aircraft/Textures/AircraftPropellerBlur01WhiteAlbedo.png using Guid(a01d24876a1472b408ba8e5f0bf3a23f) Importer(2089858483,b0f066a214c2f5e87bad3c948f4d605d) (ScriptedImporter) -> (Import Result ID: '72cbce9cc56bc133a7a55e15f98cf3ca') in 0.0111632 seconds [static and dynamic dependencies]. Details - ImportResultOutputID=50ada5462bea827894c19b59697e92a8 DependenciesID=59f15a4444309e523a72cbc5713e11ed StaticDependenciesID=6f063a1849de132d084dab0887bd0962 
Number of updated asset objects reloaded before import = 0Number of asset objects unloaded after import = 1

========================================================================
Received Import Request.
  Time since last request: 0.000018 seconds.
  path: Assets/Standard Assets/Environment/SpeedTree/Broadleaf/Broadleaf_Desktop Materials/LOD0/Branches_0.mat
  importAddress: Guid(89bc4a04979629642988a379a429608a) Importer(2089858483,b0f066a214c2f5e87bad3c948f4d605d)
Start importing Assets/Standard Assets/Environment/SpeedTree/Broadleaf/Broadleaf_Desktop Materials/LOD0/Branches_0.mat using Guid(89bc4a04979629642988a379a429608a) Importer(2089858483,b0f066a214c2f5e87bad3c948f4d605d) (ScriptedImporter) -> (Import Result ID: 'c5dd6ccfe2931a72198a04169c02dc05') in 0.0754466 seconds [static and dynamic dependencies]. Details - ImportResultOutputID=07893962676c867b368cd465b644cabe DependenciesID=0bbb40d796bed01dfe56a37d2311f439 StaticDependenciesID=7499032c399213795d81e8ee798122ee 
Number of updated asset objects reloaded before import = 0Number of asset objects unloaded after import = 3

========================================================================
Received Import Request.
  Time since last request: 0.000020 seconds.
  path: Assets/Standard Assets/Environment/SpeedTree/Broadleaf/Broadleaf_Desktop Materials/LOD0/Leaves_3.mat
  importAddress: Guid(19d7ece9e3def3745a0f6e75d984fdf6) Importer(2089858483,b0f066a214c2f5e87bad3c948f4d605d)
Start importing Assets/Standard Assets/Environment/SpeedTree/Broadleaf/Broadleaf_Desktop Materials/LOD0/Leaves_3.mat using Guid(19d7ece9e3def3745a0f6e75d984fdf6) Importer(2089858483,b0f066a214c2f5e87bad3c948f4d605d) (ScriptedImporter) -> (Import Result ID: 'ee0d23837cdb0559070461f5a25a31b5') in 0.1124565 seconds [static and dynamic dependencies]. Details - ImportResultOutputID=eb9308d3bfac86fd7a3050bc51a2df2d DependenciesID=2dd48d91576bbbc1936fc4ab3e425c47 StaticDependenciesID=e4a13ac079385e41709b8d2a5af7dc38 
Number of updated asset objects reloaded before import = 0Number of asset objects unloaded after import = 3

========================================================================
Received Import Request.
  Time since last request: 0.000020 seconds.
  path: Assets/Standard Assets/Environment/SpeedTree/Conifer/Conifer_Desktop Materials/LOD1/Leaves_3.mat
  importAddress: Guid(e6751882f7503bd4f9c6c3902e8b6188) Importer(2089858483,b0f066a214c2f5e87bad3c948f4d605d)
Start importing Assets/Standard Assets/Environment/SpeedTree/Conifer/Conifer_Desktop Materials/LOD1/Leaves_3.mat using Guid(e6751882f7503bd4f9c6c3902e8b6188) Importer(2089858483,b0f066a214c2f5e87bad3c948f4d605d) (ScriptedImporter) -> (Import Result ID: '807639fc2cdaba7494579e0e6675f8ce') in 0.0113359 seconds [static and dynamic dependencies]. Details - ImportResultOutputID=82d37ee07158d3fe97a3346e76df79e5 DependenciesID=8eed8ae70cf23b1867e47cf9a14834c9 StaticDependenciesID=acf71f0adcb59e53387d410bef6bfa10 
Number of updated asset objects reloaded before import = 0Number of asset objects unloaded after import = 3

========================================================================
Received Import Request.
  Time since last request: 0.000025 seconds.
  path: Assets/Standard Assets/Vehicles/Car/Audio/DecelerationHigh.wav
  importAddress: Guid(03bf91d88fce91c41995d27de63cc967) Importer(2089858483,b0f066a214c2f5e87bad3c948f4d605d)
Start importing Assets/Standard Assets/Vehicles/Car/Audio/DecelerationHigh.wav using Guid(03bf91d88fce91c41995d27de63cc967) Importer(2089858483,b0f066a214c2f5e87bad3c948f4d605d) (ScriptedImporter) -> (Import Result ID: '14ed2429f59a8c3c0496843982a94a23') in 0.0099498 seconds [static and dynamic dependencies]. Details - ImportResultOutputID=cd7323c2eb5066a3db5b28fb86e7d928 DependenciesID=a0c78caff736ba2ef0d6832ffb5551da StaticDependenciesID=7b1bc29ddeb41a4d6bfca063858eec01 
Number of updated asset objects reloaded before import = 0Number of asset objects unloaded after import = 1

========================================================================
Received Import Request.
  Time since last request: 0.000041 seconds.
  path: Assets/Standard Assets/Environment/Water/Water4/Shaders/FXWater4Advanced.shader
  importAddress: Guid(475c4a4e617a8401b84ca7b32c7cc460) Importer(2089858483,b0f066a214c2f5e87bad3c948f4d605d)
Start importing Assets/Standard Assets/Environment/Water/Water4/Shaders/FXWater4Advanced.shader using Guid(475c4a4e617a8401b84ca7b32c7cc460) Importer(2089858483,b0f066a214c2f5e87bad3c948f4d605d) (ScriptedImporter) -> (Import Result ID: '2978ed2bb02a9ee3b0a0f54da6fe7c7d') in 0.0089559 seconds [static and dynamic dependencies]. Details - ImportResultOutputID=f47bcd5419ae470f81998619ace99446 DependenciesID=f5ce131d95a19c1230e16a15cce81379 StaticDependenciesID=7474157f084112575c7798eb80c68f5a 
Number of updated asset objects reloaded before import = 0Number of asset objects unloaded after import = 1

========================================================================
Received Import Request.
  Time since last request: 0.000026 seconds.
  path: Assets/Standard Assets/Environment/Water/Water/Scripts/Water.cs
  importAddress: Guid(a3d3ef1a5bbfb4e0a910fbbe5830b1f9) Importer(2089858483,b0f066a214c2f5e87bad3c948f4d605d)
Start importing Assets/Standard Assets/Environment/Water/Water/Scripts/Water.cs using Guid(a3d3ef1a5bbfb4e0a910fbbe5830b1f9) Importer(2089858483,b0f066a214c2f5e87bad3c948f4d605d) (ScriptedImporter) -> (Import Result ID: 'd2ac040ed1d659a294c1cdd81dfbf45e') in 0.0083519 seconds [static and dynamic dependencies]. Details - ImportResultOutputID=67c5f62672e4fc8e107d534e8956193f DependenciesID=c0942dadeca318ace645f28ff0f48564 StaticDependenciesID=c55f91921c75ea528d4ea80d81c7c511 
Number of updated asset objects reloaded before import = 0Number of asset objects unloaded after import = 0

========================================================================
Received Import Request.
  Time since last request: 0.000044 seconds.
  path: Assets/Standard Assets/Vehicles/Car/Prefabs/CarWaypointBased.prefab
  importAddress: Guid(0fb4610dba67fc24cb2a6674fb155fc1) Importer(2089858483,b0f066a214c2f5e87bad3c948f4d605d)
Start importing Assets/Standard Assets/Vehicles/Car/Prefabs/CarWaypointBased.prefab using Guid(0fb4610dba67fc24cb2a6674fb155fc1) Importer(2089858483,b0f066a214c2f5e87bad3c948f4d605d) (ScriptedImporter) -> (Import Result ID: '53f99882310da2762070acea992b014a') in 0.0284898 seconds [static and dynamic dependencies]. Details - ImportResultOutputID=64c4318b6746cf3ceeb4ea3fc880fbbc DependenciesID=88f41c36f464fa0f6c9c3c4be7a25827 StaticDependenciesID=ad0e06a3a70750fe65d7a74bf3025ece 
Number of updated asset objects reloaded before import = 0Number of asset objects unloaded after import = 145

========================================================================
Received Import Request.
  Time since last request: 0.000020 seconds.
  path: Assets/Standard Assets/Vehicles/Car/Scripts/CarAudio.cs
  importAddress: Guid(20fa55eb64c5cea4aa3c71ae19c434bf) Importer(2089858483,b0f066a214c2f5e87bad3c948f4d605d)
Start importing Assets/Standard Assets/Vehicles/Car/Scripts/CarAudio.cs using Guid(20fa55eb64c5cea4aa3c71ae19c434bf) Importer(2089858483,b0f066a214c2f5e87bad3c948f4d605d) (ScriptedImporter) -> (Import Result ID: '843a708c3bf2d7533fe50d17d3df9880') in 0.0086353 seconds [static and dynamic dependencies]. Details - ImportResultOutputID=45df20065801fc166eaee0f46da019d5 DependenciesID=7ed02d76774b6018c2b2be5f15003462 StaticDependenciesID=c2440574e3a69f69920eb962bd7e7625 
Number of updated asset objects reloaded before import = 0Number of asset objects unloaded after import = 0

========================================================================
Received Import Request.
  Time since last request: 0.000018 seconds.
  path: Assets/Standard Assets/Environment/Water/Water4/Shaders/WaterInclude.cginc
  importAddress: Guid(34e1452e07a0b40c295c5b10aa679465) Importer(2089858483,b0f066a214c2f5e87bad3c948f4d605d)
Start importing Assets/Standard Assets/Environment/Water/Water4/Shaders/WaterInclude.cginc using Guid(34e1452e07a0b40c295c5b10aa679465) Importer(2089858483,b0f066a214c2f5e87bad3c948f4d605d) (ScriptedImporter) -> (Import Result ID: '3e7508376a9983725c7931bf7b4d51b3') in 0.0088075 seconds [static and dynamic dependencies]. Details - ImportResultOutputID=5094c743a3c671d98f3ac83b897b9c0c DependenciesID=ea0595f57282ef68c8745c33f26675b7 StaticDependenciesID=047ff51a0bdf18ce7bd1382aa3837ef6 
Number of updated asset objects reloaded before import = 0Number of asset objects unloaded after import = 1

========================================================================
Received Import Request.
  Time since last request: 0.000032 seconds.
  path: Assets/Standard Assets/Environment/Water/Water/Models/WaterPlane.fbx
  importAddress: Guid(ba6a41dc489914734857bb5924eb70ad) Importer(2089858483,b0f066a214c2f5e87bad3c948f4d605d)
Start importing Assets/Standard Assets/Environment/Water/Water/Models/WaterPlane.fbx using Guid(ba6a41dc489914734857bb5924eb70ad) Importer(2089858483,b0f066a214c2f5e87bad3c948f4d605d) (ScriptedImporter) -> (Import Result ID: '9d1d77df014f3e9706faae7635f82bac') in 0.0125766 seconds [static and dynamic dependencies]. Details - ImportResultOutputID=c8d3e5631ae0c4323a85705e10f86769 DependenciesID=7682c3e1997092a35e15b269f732c35e StaticDependenciesID=46dc4f0aaeb421e065e50500d02a2937 
Number of updated asset objects reloaded before import = 0Number of asset objects unloaded after import = 9

========================================================================
Received Import Request.
  Time since last request: 0.000018 seconds.
  path: Assets/Standard Assets/Vehicles/Car/Scripts/CarUserControl.cs
  importAddress: Guid(96468c245ae8e0d4f8f1c7a7b8b0542e) Importer(2089858483,b0f066a214c2f5e87bad3c948f4d605d)
Start importing Assets/Standard Assets/Vehicles/Car/Scripts/CarUserControl.cs using Guid(96468c245ae8e0d4f8f1c7a7b8b0542e) Importer(2089858483,b0f066a214c2f5e87bad3c948f4d605d) (ScriptedImporter) -> (Import Result ID: '35378676be664ef1fa8a685c2c1b8caa') in 0.0078725 seconds [static and dynamic dependencies]. Details - ImportResultOutputID=d4965009aa56774d7c74050ec1b2e3a6 DependenciesID=3e0ef3254d8439d7281b82381aeab644 StaticDependenciesID=954d7f15c26738cc88c418eb005d1578 
Number of updated asset objects reloaded before import = 0Number of asset objects unloaded after import = 0

========================================================================
Received Import Request.
  Time since last request: 0.000019 seconds.
  path: Assets/Standard Assets/Environment/SpeedTree/Conifer/Conifer_Desktop Materials/LOD0/Leaves_3.mat
  importAddress: Guid(2bcb00d145ec17e4cad096cedfd84138) Importer(2089858483,b0f066a214c2f5e87bad3c948f4d605d)
Start importing Assets/Standard Assets/Environment/SpeedTree/Conifer/Conifer_Desktop Materials/LOD0/Leaves_3.mat using Guid(2bcb00d145ec17e4cad096cedfd84138) Importer(2089858483,b0f066a214c2f5e87bad3c948f4d605d) (ScriptedImporter) -> (Import Result ID: '3987e52f854deb94eedca37f70d73527') in 0.0121869 seconds [static and dynamic dependencies]. Details - ImportResultOutputID=b02b7ed34279ad8474ed202f88541313 DependenciesID=c94f3092ff6a473e84580c1a85e89362 StaticDependenciesID=c99e7d721c8b1aa3778fa3b9d4e023e3 
Number of updated asset objects reloaded before import = 0Number of asset objects unloaded after import = 3

========================================================================
Received Import Request.
  Time since last request: 0.000035 seconds.
  path: Assets/Standard Assets/Vehicles/Aircraft/Textures/AircraftPropellerBlur02WhiteAlbedo.png
  importAddress: Guid(5d71e30febe908949a93dafb077b4ec9) Importer(2089858483,b0f066a214c2f5e87bad3c948f4d605d)
Start importing Assets/Standard Assets/Vehicles/Aircraft/Textures/AircraftPropellerBlur02WhiteAlbedo.png using Guid(5d71e30febe908949a93dafb077b4ec9) Importer(2089858483,b0f066a214c2f5e87bad3c948f4d605d) (ScriptedImporter) -> (Import Result ID: 'abd1dec4689c88607d3340e2e86e67f7') in 0.0121314 seconds [static and dynamic dependencies]. Details - ImportResultOutputID=d93e1d61c15f63cbf294ea5f53d83388 DependenciesID=f4c9549cc60e1a083164130496443324 StaticDependenciesID=8c77d17740cfcd0028e81da9635940d8 
Number of updated asset objects reloaded before import = 0Number of asset objects unloaded after import = 1

========================================================================
Received Import Request.
  Time since last request: 0.000027 seconds.
  path: Assets/Standard Assets/Vehicles/Aircraft/Textures/AircraftWingsPropellerOcclusion.png
  importAddress: Guid(0ad6f20f99271564d93962d2b51bf9b0) Importer(2089858483,b0f066a214c2f5e87bad3c948f4d605d)
Start importing Assets/Standard Assets/Vehicles/Aircraft/Textures/AircraftWingsPropellerOcclusion.png using Guid(0ad6f20f99271564d93962d2b51bf9b0) Importer(2089858483,b0f066a214c2f5e87bad3c948f4d605d) (ScriptedImporter) -> (Import Result ID: '3862c5d88511dc1b644fb11b03349214') in 0.0149913 seconds [static and dynamic dependencies]. Details - ImportResultOutputID=c318b6ee306492b832525ded864ae9ee DependenciesID=362eebfe3d76e24d4e5905e96dd0312a StaticDependenciesID=6ec52d4ca9a3a8c8354a6f3dffe12230 
Number of updated asset objects reloaded before import = 0Number of asset objects unloaded after import = 1

========================================================================
Received Import Request.
  Time since last request: 0.000019 seconds.
  path: Assets/Standard Assets/Environment/Water/Water/Scripts/WaterTile.cs
  importAddress: Guid(2a91e8dd37cdd41efb4859b65aced7a2) Importer(2089858483,b0f066a214c2f5e87bad3c948f4d605d)
Start importing Assets/Standard Assets/Environment/Water/Water/Scripts/WaterTile.cs using Guid(2a91e8dd37cdd41efb4859b65aced7a2) Importer(2089858483,b0f066a214c2f5e87bad3c948f4d605d) (ScriptedImporter) -> (Import Result ID: 'e19786fede040e134125ca4da8fb003e') in 0.0085522 seconds [static and dynamic dependencies]. Details - ImportResultOutputID=88ee745b814c4469d29559f4eb7e8f17 DependenciesID=a5e144eec37c7f08b4c498becbc097c0 StaticDependenciesID=28c5c7f5d18d72c9c2123cc94de0fcc0 
Number of updated asset objects reloaded before import = 0Number of asset objects unloaded after import = 0

========================================================================
Received Import Request.
  Time since last request: 0.000054 seconds.
  path: Assets/Standard Assets/Environment/Water/Water/Materials/WaterPlaneMaterial.mat
  importAddress: Guid(f1bc741ea0e69a241896582ddb633d55) Importer(2089858483,b0f066a214c2f5e87bad3c948f4d605d)
Start importing Assets/Standard Assets/Environment/Water/Water/Materials/WaterPlaneMaterial.mat using Guid(f1bc741ea0e69a241896582ddb633d55) Importer(2089858483,b0f066a214c2f5e87bad3c948f4d605d) (ScriptedImporter) -> (Import Result ID: 'd133b33fc6e822a79500d67f431f4c16') in 0.0088964 seconds [static and dynamic dependencies]. Details - ImportResultOutputID=0c029713776dd1f7a8e9557cebfbb306 DependenciesID=32edb2c4786734ecd85b71b3c39d59db StaticDependenciesID=ad7af930aa7fa7540bbee43b479b53a9 
Number of updated asset objects reloaded before import = 0Number of asset objects unloaded after import = 1

========================================================================
Received Import Request.
  Time since last request: 0.000029 seconds.
  path: Assets/Standard Assets/Environment/SpeedTree/Broadleaf/Broadleaf_Desktop Materials/LOD0/Fronds_2.mat
  importAddress: Guid(e6a8e6ae86a5b904eb64f573f145ecde) Importer(2089858483,b0f066a214c2f5e87bad3c948f4d605d)
Start importing Assets/Standard Assets/Environment/SpeedTree/Broadleaf/Broadleaf_Desktop Materials/LOD0/Fronds_2.mat using Guid(e6a8e6ae86a5b904eb64f573f145ecde) Importer(2089858483,b0f066a214c2f5e87bad3c948f4d605d) (ScriptedImporter) -> (Import Result ID: '34af9daa74bfbc7c7a923d47a6f5923a') in 0.0794068 seconds [static and dynamic dependencies]. Details - ImportResultOutputID=6380e0742621a671df27d341d3afb0f0 DependenciesID=30a9ad453b26493492e38435d3c572e2 StaticDependenciesID=1735af3246739b3def8875d746dde007 
Number of updated asset objects reloaded before import = 0Number of asset objects unloaded after import = 3

========================================================================
Received Import Request.
  Time since last request: 0.000023 seconds.
  path: Assets/Standard Assets/Environment/Water/Water/Textures/WaterFresnel.psd
  importAddress: Guid(5b5c5575fd4c74abd9f7b30862fb76a3) Importer(2089858483,b0f066a214c2f5e87bad3c948f4d605d)
Start importing Assets/Standard Assets/Environment/Water/Water/Textures/WaterFresnel.psd using Guid(5b5c5575fd4c74abd9f7b30862fb76a3) Importer(2089858483,b0f066a214c2f5e87bad3c948f4d605d) (ScriptedImporter) -> (Import Result ID: 'df370be438addf071a0ca2c47c0dc57d') in 0.0101359 seconds [static and dynamic dependencies]. Details - ImportResultOutputID=75aad8ba1b2eda69bcaa9e6b2489346b DependenciesID=74a446d3798abde0f2b734006b2114f0 StaticDependenciesID=d8a1c21ce4f4cc8c239fd5a58a9ce1be 
Number of updated asset objects reloaded before import = 0Number of asset objects unloaded after import = 1

========================================================================
Received Import Request.
  Time since last request: 0.000030 seconds.
  path: Assets/Standard Assets/Environment/SpeedTree/Broadleaf/Broadleaf_Mobile Materials/LOD2/Leaves_1.mat
  importAddress: Guid(f568ca8b20ae095418f3e2a3b341d8f6) Importer(2089858483,b0f066a214c2f5e87bad3c948f4d605d)
Start importing Assets/Standard Assets/Environment/SpeedTree/Broadleaf/Broadleaf_Mobile Materials/LOD2/Leaves_1.mat using Guid(f568ca8b20ae095418f3e2a3b341d8f6) Importer(2089858483,b0f066a214c2f5e87bad3c948f4d605d) (ScriptedImporter) -> (Import Result ID: 'ae1ec9229cd75e8ec5e316a85b3a44ba') in 0.0112266 seconds [static and dynamic dependencies]. Details - ImportResultOutputID=83c6b394af2d865b16d7d9cfde55c86e DependenciesID=6f102b8085647b062bc2f185a0cffd7a StaticDependenciesID=a36addefc87e6ff22b8239dc6ff8c27e 
Number of updated asset objects reloaded before import = 0Number of asset objects unloaded after import = 3

========================================================================
Received Import Request.
  Time since last request: 0.000017 seconds.
  path: Assets/Standard Assets/Vehicles/Car/Textures/ParticleCloudWhite.png
  importAddress: Guid(b16c22b4e3fa11d4b9e83f6fcfac8cc6) Importer(2089858483,b0f066a214c2f5e87bad3c948f4d605d)
Start importing Assets/Standard Assets/Vehicles/Car/Textures/ParticleCloudWhite.png using Guid(b16c22b4e3fa11d4b9e83f6fcfac8cc6) Importer(2089858483,b0f066a214c2f5e87bad3c948f4d605d) (ScriptedImporter) -> (Import Result ID: '8835e7a1ced11e4053df0bafa705cba9') in 0.0163826 seconds [static and dynamic dependencies]. Details - ImportResultOutputID=5245bb780596296d563622bd81b802c8 DependenciesID=b5aa0d4742f0ea6f2b53e4c3a4be1f86 StaticDependenciesID=149727906f1212bfa48d66f471cce4f0 
Number of updated asset objects reloaded before import = 0Number of asset objects unloaded after import = 1

========================================================================
Received Import Request.
  Time since last request: 0.000016 seconds.
  path: Assets/Standard Assets/Vehicles/Car/Materials/SkyCarWheelWhite.mat
  importAddress: Guid(6021947067b9d6c4bac8d9e085a71558) Importer(2089858483,b0f066a214c2f5e87bad3c948f4d605d)
Start importing Assets/Standard Assets/Vehicles/Car/Materials/SkyCarWheelWhite.mat using Guid(6021947067b9d6c4bac8d9e085a71558) Importer(2089858483,b0f066a214c2f5e87bad3c948f4d605d) (ScriptedImporter) -> (Import Result ID: '668fec39317b3a761b8fb9e932ae0022') in 0.0121844 seconds [static and dynamic dependencies]. Details - ImportResultOutputID=55682deecb2f053a74e05bdfcd78ebfd DependenciesID=d74de77fd7a146c55877193f4aa595b1 StaticDependenciesID=d823ddf35dd6d84b92900ef89dee668d 
Number of updated asset objects reloaded before import = 0Number of asset objects unloaded after import = 3

========================================================================
Received Import Request.
  Time since last request: 0.000016 seconds.
  path: Assets/Standard Assets/Vehicles/Car/Materials/ParticleBurnout.mat
  importAddress: Guid(32314ba6cfa407640bffbb7b20708949) Importer(2089858483,b0f066a214c2f5e87bad3c948f4d605d)
Start importing Assets/Standard Assets/Vehicles/Car/Materials/ParticleBurnout.mat using Guid(32314ba6cfa407640bffbb7b20708949) Importer(2089858483,b0f066a214c2f5e87bad3c948f4d605d) (ScriptedImporter) -> (Import Result ID: '023705f0187a0f28a601c394989880a7') in 0.008961 seconds [static and dynamic dependencies]. Details - ImportResultOutputID=35f4bd7c30c764366020762ecdb5083f DependenciesID=8bdec3d5b76ced916c6d78c92d49f5dc StaticDependenciesID=aeb8b9a257649519c0d052599debc4f6 
Number of updated asset objects reloaded before import = 0Number of asset objects unloaded after import = 2

========================================================================
Received Import Request.
  Time since last request: 0.000020 seconds.
  path: Assets/Standard Assets/Environment/SpeedTree/Palm/Palm_Desktop Materials/LOD1/Leaves_3.mat
  importAddress: Guid(9cc6d6e9e3fe9154890a6f9caa77c955) Importer(2089858483,b0f066a214c2f5e87bad3c948f4d605d)
Start importing Assets/Standard Assets/Environment/SpeedTree/Palm/Palm_Desktop Materials/LOD1/Leaves_3.mat using Guid(9cc6d6e9e3fe9154890a6f9caa77c955) Importer(2089858483,b0f066a214c2f5e87bad3c948f4d605d) (ScriptedImporter) -> (Import Result ID: '02ef2d38c907e27e504172452e187c86') in 0.0114977 seconds [static and dynamic dependencies]. Details - ImportResultOutputID=339e5345f27cb1ced01c20e75d93959b DependenciesID=61c24e43cf687ddddda6feeb4a7d50e8 StaticDependenciesID=40086bd22fcd0a8f760a380207a582f1 
Number of updated asset objects reloaded before import = 0Number of asset objects unloaded after import = 3

========================================================================
Received Import Request.
  Time since last request: 0.000016 seconds.
  path: Assets/Standard Assets/Vehicles/Car/Scripts/Suspension.cs
  importAddress: Guid(9ec1e45165d1f2544bff59f5a80db8ab) Importer(2089858483,b0f066a214c2f5e87bad3c948f4d605d)
Start importing Assets/Standard Assets/Vehicles/Car/Scripts/Suspension.cs using Guid(9ec1e45165d1f2544bff59f5a80db8ab) Importer(2089858483,b0f066a214c2f5e87bad3c948f4d605d) (ScriptedImporter) -> (Import Result ID: 'fa874ceda3f71767d9d3f5e3fb5ad1c9') in 0.0088088 seconds [static and dynamic dependencies]. Details - ImportResultOutputID=5e117678cbe28384f82c71f575b9944f DependenciesID=eba6e61900fabfaa037beb910d692fc5 StaticDependenciesID=d02588b4ec45c9da42e39970341808de 
Number of updated asset objects reloaded before import = 0Number of asset objects unloaded after import = 0

========================================================================
Received Import Request.
  Time since last request: 0.000055 seconds.
  path: Assets/Standard Assets/Environment/SpeedTree/Broadleaf/Broadleaf_Desktop Materials/LOD2/Branches_0.mat
  importAddress: Guid(b0d5705176a0d36419d034e2ea46491a) Importer(2089858483,b0f066a214c2f5e87bad3c948f4d605d)
Start importing Assets/Standard Assets/Environment/SpeedTree/Broadleaf/Broadleaf_Desktop Materials/LOD2/Branches_0.mat using Guid(b0d5705176a0d36419d034e2ea46491a) Importer(2089858483,b0f066a214c2f5e87bad3c948f4d605d) (ScriptedImporter) -> (Import Result ID: '941207fe06d7c116fc2b7fc739359fc4') in 0.0114845 seconds [static and dynamic dependencies]. Details - ImportResultOutputID=0ae5259da6a98ef3ce076c29c9809726 DependenciesID=a128957110087aaf558cb7b23064f511 StaticDependenciesID=3445444954be423b0907470a996e83af 
Number of updated asset objects reloaded before import = 0Number of asset objects unloaded after import = 3

========================================================================
Received Import Request.
  Time since last request: 0.000022 seconds.
  path: Assets/Standard Assets/Environment/Water/Water4/Textures/SmallWaves.png
  importAddress: Guid(fb6566c21f717904f83743a5a76dd0b0) Importer(2089858483,b0f066a214c2f5e87bad3c948f4d605d)
Start importing Assets/Standard Assets/Environment/Water/Water4/Textures/SmallWaves.png using Guid(fb6566c21f717904f83743a5a76dd0b0) Importer(2089858483,b0f066a214c2f5e87bad3c948f4d605d) (ScriptedImporter) -> (Import Result ID: 'dd281017706119e239542c05d9887275') in 0.0123864 seconds [static and dynamic dependencies]. Details - ImportResultOutputID=c768db094ea653b97c81cda6261363dd DependenciesID=31e0ad2f51ca7f06783634f55ee839bd StaticDependenciesID=72f07fd343b7a6a1f6ba4469da3f4e62 
Number of updated asset objects reloaded before import = 0Number of asset objects unloaded after import = 1

========================================================================
Received Import Request.
  Time since last request: 0.000025 seconds.
  path: Assets/Standard Assets/Environment/SpeedTree/Palm/Palm_Desktop Materials/LOD0/Branches_0.mat
  importAddress: Guid(39baceec69bb1ee4fb4194d50e1a6d10) Importer(2089858483,b0f066a214c2f5e87bad3c948f4d605d)
Start importing Assets/Standard Assets/Environment/SpeedTree/Palm/Palm_Desktop Materials/LOD0/Branches_0.mat using Guid(39baceec69bb1ee4fb4194d50e1a6d10) Importer(2089858483,b0f066a214c2f5e87bad3c948f4d605d) (ScriptedImporter) -> (Import Result ID: 'ac2a2e533b733fedddad9e678468456c') in 0.0767619 seconds [static and dynamic dependencies]. Details - ImportResultOutputID=0e782613ecf8806ffc84ce9a01a06ac9 DependenciesID=efb455424aa2a74293f0b367c60cb8ec StaticDependenciesID=a06587d39d1d9d8458a66d0b6124c75b 
Number of updated asset objects reloaded before import = 0Number of asset objects unloaded after import = 4

========================================================================
Received Import Request.
  Time since last request: 0.000017 seconds.
  path: Assets/Standard Assets/Environment/Water/Water4/Materials/OceanPlaneMaterial.mat
  importAddress: Guid(a437a9b380909fa4d98f929428f70388) Importer(2089858483,b0f066a214c2f5e87bad3c948f4d605d)
Start importing Assets/Standard Assets/Environment/Water/Water4/Materials/OceanPlaneMaterial.mat using Guid(a437a9b380909fa4d98f929428f70388) Importer(2089858483,b0f066a214c2f5e87bad3c948f4d605d) (ScriptedImporter) -> (Import Result ID: '08f8f241eba8e316201f6470996a0259') in 0.0090379 seconds [static and dynamic dependencies]. Details - ImportResultOutputID=afc835fa08b22c8c9c2f7d2cbc1399de DependenciesID=83eac7b699770b07f5a932822bd32e8e StaticDependenciesID=b397ece9acb0523bb072342166d901b8 
Number of updated asset objects reloaded before import = 0Number of asset objects unloaded after import = 1

========================================================================
Received Import Request.
  Time since last request: 0.000099 seconds.
  path: Assets/Standard Assets/Vehicles/Car/Textures/SkyCarBodyOcclusion.png
  importAddress: Guid(bd0d469704e7c934ebddc45ece4c1868) Importer(2089858483,b0f066a214c2f5e87bad3c948f4d605d)
Start importing Assets/Standard Assets/Vehicles/Car/Textures/SkyCarBodyOcclusion.png using Guid(bd0d469704e7c934ebddc45ece4c1868) Importer(2089858483,b0f066a214c2f5e87bad3c948f4d605d) (ScriptedImporter) -> (Import Result ID: 'bf19ffbe65ea0ad72813b4df999ab714') in 0.0112516 seconds [static and dynamic dependencies]. Details - ImportResultOutputID=0b68aa6d10aeeb0ad8692c9777f6fe0b DependenciesID=bdf659c89edb776271d328e436de2c76 StaticDependenciesID=e0d0f551e17b05877d7b87bf227d24ae 
Number of updated asset objects reloaded before import = 0Number of asset objects unloaded after import = 1

========================================================================
Received Import Request.
  Time since last request: 0.000017 seconds.
  path: Assets/Standard Assets/Environment/SpeedTree/Conifer/Conifer_Desktop Materials/LOD1/Branches_1.mat
  importAddress: Guid(fecc9f713338e4943a8c38775af8c046) Importer(2089858483,b0f066a214c2f5e87bad3c948f4d605d)
Start importing Assets/Standard Assets/Environment/SpeedTree/Conifer/Conifer_Desktop Materials/LOD1/Branches_1.mat using Guid(fecc9f713338e4943a8c38775af8c046) Importer(2089858483,b0f066a214c2f5e87bad3c948f4d605d) (ScriptedImporter) -> (Import Result ID: '1572ed88cf295949d6bfc9f32f36d0b6') in 0.0112815 seconds [static and dynamic dependencies]. Details - ImportResultOutputID=59dad4c41f8a9b1338f6a631c452ce92 DependenciesID=d65da024a8961e30acf9c335fec231cb StaticDependenciesID=b7a9e834068e8d7a2e4ac85579f4b9f8 
Number of updated asset objects reloaded before import = 0Number of asset objects unloaded after import = 3

========================================================================
Received Import Request.
  Time since last request: 0.000028 seconds.
  path: Assets/Standard Assets/Environment/SpeedTree/Palm/Palm_Desktop Materials/LOD2/Branches_0.mat
  importAddress: Guid(5c6bda52f548c164381f24c22067e446) Importer(2089858483,b0f066a214c2f5e87bad3c948f4d605d)
Start importing Assets/Standard Assets/Environment/SpeedTree/Palm/Palm_Desktop Materials/LOD2/Branches_0.mat using Guid(5c6bda52f548c164381f24c22067e446) Importer(2089858483,b0f066a214c2f5e87bad3c948f4d605d) (ScriptedImporter) -> (Import Result ID: '5beaa2bfe1576a95dff8b223d0cc0f77') in 0.0101462 seconds [static and dynamic dependencies]. Details - ImportResultOutputID=ff0d58fbc6bbcad51f3906e3714696a6 DependenciesID=8208ba2e2c7fa5ed16b2462dd90bdc5d StaticDependenciesID=a07e413bb49dc54b8a2fe569c947f857 
Number of updated asset objects reloaded before import = 0Number of asset objects unloaded after import = 4

========================================================================
Received Import Request.
  Time since last request: 0.000045 seconds.
  path: Assets/Standard Assets/Vehicles/Car/Materials/SkyCarBodyGrey.mat
  importAddress: Guid(d425c5c4cb38fd44f95b13e9f94575c2) Importer(2089858483,b0f066a214c2f5e87bad3c948f4d605d)
Start importing Assets/Standard Assets/Vehicles/Car/Materials/SkyCarBodyGrey.mat using Guid(d425c5c4cb38fd44f95b13e9f94575c2) Importer(2089858483,b0f066a214c2f5e87bad3c948f4d605d) (ScriptedImporter) -> (Import Result ID: '4dd8f04c045c99a66a875549e3da064c') in 0.0129067 seconds [static and dynamic dependencies]. Details - ImportResultOutputID=52226fa16972acbe7807f462faeedd9e DependenciesID=0c207d4d71f9a834eba52301b3c6fe03 StaticDependenciesID=b859d6ffea12d66fc36d41ca42644692 
Number of updated asset objects reloaded before import = 0Number of asset objects unloaded after import = 3

========================================================================
Received Import Request.
  Time since last request: 0.000022 seconds.
  path: Assets/Sprites/Power_Ups/Shield/Powerup2_0008_00014.png
  importAddress: Guid(12919bebd08f5e947a361e8a1a93ba39) Importer(2089858483,b0f066a214c2f5e87bad3c948f4d605d)
Start importing Assets/Sprites/Power_Ups/Shield/Powerup2_0008_00014.png using Guid(12919bebd08f5e947a361e8a1a93ba39) Importer(2089858483,b0f066a214c2f5e87bad3c948f4d605d) (ScriptedImporter) -> (Import Result ID: '3d85a48014ca52b7b7c559b523c59781') in 0.0119028 seconds [static and dynamic dependencies]. Details - ImportResultOutputID=18b1c6a3535328664ded14d61a926280 DependenciesID=44040f29fe4d4d7fd6ec9c16168ee2da StaticDependenciesID=52ddfbfbece4f4a8417864720944008b 
Number of updated asset objects reloaded before import = 0Number of asset objects unloaded after import = 3

========================================================================
Received Import Request.
  Time since last request: 0.000017 seconds.
  path: Assets/Standard Assets/Fonts/OpenSans/OpenSansLight.ttf
  importAddress: Guid(04a842e316b6f44bf8da702de26a8ed6) Importer(2089858483,b0f066a214c2f5e87bad3c948f4d605d)
Start importing Assets/Standard Assets/Fonts/OpenSans/OpenSansLight.ttf using Guid(04a842e316b6f44bf8da702de26a8ed6) Importer(2089858483,b0f066a214c2f5e87bad3c948f4d605d) (ScriptedImporter) -> (Import Result ID: 'fd281c97e21a1a78edba4195ea9a14f8') in 0.0152193 seconds [static and dynamic dependencies]. Details - ImportResultOutputID=4dbf8085b73920fedfb790437281fcdf DependenciesID=6ca0f578d8a63c17f8285bc639a37a54 StaticDependenciesID=1feeb62d899b98aac20f3aee491bd5f0 
Number of updated asset objects reloaded before import = 0Number of asset objects unloaded after import = 3

========================================================================
Received Import Request.
  Time since last request: 0.000017 seconds.
  path: Assets/Standard Assets/Environment/SpeedTree/Broadleaf/Broadleaf_Desktop Materials/LOD2/Branches_1.mat
  importAddress: Guid(639aa87a96d586c4e84838574ce20ca3) Importer(2089858483,b0f066a214c2f5e87bad3c948f4d605d)
Start importing Assets/Standard Assets/Environment/SpeedTree/Broadleaf/Broadleaf_Desktop Materials/LOD2/Branches_1.mat using Guid(639aa87a96d586c4e84838574ce20ca3) Importer(2089858483,b0f066a214c2f5e87bad3c948f4d605d) (ScriptedImporter) -> (Import Result ID: 'c4c3db8330837b2d4d539dec19151cc1') in 0.0116488 seconds [static and dynamic dependencies]. Details - ImportResultOutputID=bdb7d23688c8236161f8256b268bfc81 DependenciesID=7e21c9695eb32f7676f180c5ee2be1f9 StaticDependenciesID=30a5bb6faa22ae218c1a611a72ad1792 
Number of updated asset objects reloaded before import = 0Number of asset objects unloaded after import = 3

========================================================================
Received Import Request.
  Time since last request: 0.000017 seconds.
  path: Assets/Standard Assets/Vehicles/Aircraft/Models/AircraftWingsPropeller.fbx
  importAddress: Guid(8fb5ebe73f3784e4fab98b15f1299e76) Importer(2089858483,b0f066a214c2f5e87bad3c948f4d605d)
Start importing Assets/Standard Assets/Vehicles/Aircraft/Models/AircraftWingsPropeller.fbx using Guid(8fb5ebe73f3784e4fab98b15f1299e76) Importer(2089858483,b0f066a214c2f5e87bad3c948f4d605d) (ScriptedImporter) -> (Import Result ID: '890ffacc6353d2a1b7c4da1568206535') in 0.0245227 seconds [static and dynamic dependencies]. Details - ImportResultOutputID=4f6b81b60cdd452d1a87d7fba2684273 DependenciesID=55a09d167896530c6312011d7d7d3c0a StaticDependenciesID=9389eded636f5f729e9d3e6337cdda25 
Number of updated asset objects reloaded before import = 0Number of asset objects unloaded after import = 96

========================================================================
Received Import Request.
  Time since last request: 0.000016 seconds.
  path: Assets/Standard Assets/ParticleSystems/Textures/ParticleFireballSheet.png
  importAddress: Guid(87be4190eae46cf459ae6177b8698f03) Importer(2089858483,b0f066a214c2f5e87bad3c948f4d605d)
Start importing Assets/Standard Assets/ParticleSystems/Textures/ParticleFireballSheet.png using Guid(87be4190eae46cf459ae6177b8698f03) Importer(2089858483,b0f066a214c2f5e87bad3c948f4d605d) (ScriptedImporter) -> (Import Result ID: '2891beddaa7e7ffa578470aa0523cb2f') in 0.0110177 seconds [static and dynamic dependencies]. Details - ImportResultOutputID=dd1af855d3b242c9e6bd45800159906b DependenciesID=20bc5fd8d83ece439e2f5d5f45e842fc StaticDependenciesID=73c8a69d19c6954ca01ea72d9e7be85d 
Number of updated asset objects reloaded before import = 0Number of asset objects unloaded after import = 1

========================================================================
Received Import Request.
  Time since last request: 0.000019 seconds.
  path: Assets/TextMesh Pro/Resources/Shaders/TMP_Sprite.shader
  importAddress: Guid(cf81c85f95fe47e1a27f6ae460cf182c) Importer(2089858483,b0f066a214c2f5e87bad3c948f4d605d)
Start importing Assets/TextMesh Pro/Resources/Shaders/TMP_Sprite.shader using Guid(cf81c85f95fe47e1a27f6ae460cf182c) Importer(2089858483,b0f066a214c2f5e87bad3c948f4d605d) (ScriptedImporter) -> (Import Result ID: '69c330beedcf12535f24fcb8992e69ab') in 0.0080588 seconds [static and dynamic dependencies]. Details - ImportResultOutputID=4493920166035f4be709f1272da367ae DependenciesID=8fc60c2a13b04ef275fb432b248a7ac0 StaticDependenciesID=cc9c71b4b5e885419570ad0fd2edb17f 
Number of updated asset objects reloaded before import = 0Number of asset objects unloaded after import = 1

========================================================================
Received Import Request.
  Time since last request: 0.000041 seconds.
  path: Assets/Standard Assets/2D/Animations/RobotBoyCrouchingWalk.anim
  importAddress: Guid(d139426e5e4404f31a1a8d663355003e) Importer(2089858483,b0f066a214c2f5e87bad3c948f4d605d)
Start importing Assets/Standard Assets/2D/Animations/RobotBoyCrouchingWalk.anim using Guid(d139426e5e4404f31a1a8d663355003e) Importer(2089858483,b0f066a214c2f5e87bad3c948f4d605d) (ScriptedImporter) -> (Import Result ID: '3b2e084b9c77db06b8f0e3b594ef5215') in 0.0085287 seconds [static and dynamic dependencies]. Details - ImportResultOutputID=c7badaec116d21e83138c163ea16b1ca DependenciesID=698f58f351777caf7d1c07f3af37aa80 StaticDependenciesID=39060f60552bffa5486ce3c6ea9e5c0b 
Number of updated asset objects reloaded before import = 0Number of asset objects unloaded after import = 1

========================================================================
Received Import Request.
  Time since last request: 0.000017 seconds.
  path: Assets/Sprites/Power_Ups/Shield/Powerup2_0008_00013.png
  importAddress: Guid(e59a53ca6004fea41aca758d408c20b9) Importer(2089858483,b0f066a214c2f5e87bad3c948f4d605d)
Start importing Assets/Sprites/Power_Ups/Shield/Powerup2_0008_00013.png using Guid(e59a53ca6004fea41aca758d408c20b9) Importer(2089858483,b0f066a214c2f5e87bad3c948f4d605d) (ScriptedImporter) -> (Import Result ID: '6ee4e891f77d7d87ef192666bf647ff1') in 0.011796 seconds [static and dynamic dependencies]. Details - ImportResultOutputID=4c43ee6356f1a7b2430982955ba3a652 DependenciesID=96102c73021c0a2d989db9c17ab92b0c StaticDependenciesID=c745e04c21887a1147bb09a64afa9f97 
Number of updated asset objects reloaded before import = 0Number of asset objects unloaded after import = 3

========================================================================
Received Import Request.
  Time since last request: 0.000016 seconds.
  path: Assets/Standard Assets/Characters/ThirdPersonCharacter/Animation/HumanoidIdle.fbx
  importAddress: Guid(dffa50cfe77e0434bbfa71245b3dd529) Importer(2089858483,b0f066a214c2f5e87bad3c948f4d605d)
Start importing Assets/Standard Assets/Characters/ThirdPersonCharacter/Animation/HumanoidIdle.fbx using Guid(dffa50cfe77e0434bbfa71245b3dd529) Importer(2089858483,b0f066a214c2f5e87bad3c948f4d605d) (ScriptedImporter) -> (Import Result ID: '80b3f7206a2ae4ad5514fccc4b8e8992') in 0.0136807 seconds [static and dynamic dependencies]. Details - ImportResultOutputID=3b4d5ab9fb97419320fd1ec5991f72db DependenciesID=95da46b00a02b25a1d50ee04b8c468bb StaticDependenciesID=034c45d75b890b1ad6072289816e2ba6 
Number of updated asset objects reloaded before import = 0Number of asset objects unloaded after import = 157

========================================================================
Received Import Request.
  Time since last request: 0.000018 seconds.
  path: Assets/Standard Assets/Environment/SpeedTree/Broadleaf/Broadleaf_Desktop_Atlas_Specular.tga
  importAddress: Guid(d954891cb9e58434d86e01d839ed4997) Importer(2089858483,b0f066a214c2f5e87bad3c948f4d605d)
Start importing Assets/Standard Assets/Environment/SpeedTree/Broadleaf/Broadleaf_Desktop_Atlas_Specular.tga using Guid(d954891cb9e58434d86e01d839ed4997) Importer(2089858483,b0f066a214c2f5e87bad3c948f4d605d) (ScriptedImporter) -> (Import Result ID: '00ebc403b9ea9e93a09c9281f0ec6264') in 0.0111488 seconds [static and dynamic dependencies]. Details - ImportResultOutputID=e6a2e3685e10bf078bb26db39aa3c383 DependenciesID=f8a11d009a92113af7a649c6cd74217c StaticDependenciesID=edb8264b0f00a802614124c01ec01bfd 
Number of updated asset objects reloaded before import = 0Number of asset objects unloaded after import = 1

========================================================================
Received Import Request.
  Time since last request: 0.000014 seconds.
  path: Assets/Standard Assets/Environment/SpeedTree/Broadleaf/Broadleaves_Card_Desktop_Spec.tga
  importAddress: Guid(6308da3d0ff986b42be3b0a6ea5b6fae) Importer(2089858483,b0f066a214c2f5e87bad3c948f4d605d)
Start importing Assets/Standard Assets/Environment/SpeedTree/Broadleaf/Broadleaves_Card_Desktop_Spec.tga using Guid(6308da3d0ff986b42be3b0a6ea5b6fae) Importer(2089858483,b0f066a214c2f5e87bad3c948f4d605d) (ScriptedImporter) -> (Import Result ID: '858d1fc9b4de819962114a77cb0a353f') in 0.012404 seconds [static and dynamic dependencies]. Details - ImportResultOutputID=1061c2f2afd967443688d9e7382e42b9 DependenciesID=13206d62e269f9390e95aa0721f48e87 StaticDependenciesID=d17eb5d2e5c540af018d731c68ed5f3a 
Number of updated asset objects reloaded before import = 0Number of asset objects unloaded after import = 1

========================================================================
Received Import Request.
  Time since last request: 0.000017 seconds.
  path: Assets/Standard Assets/ParticleSystems/Prefabs/Smoke.prefab
  importAddress: Guid(921a3ff88856fe04ebc86b196fd8cc59) Importer(2089858483,b0f066a214c2f5e87bad3c948f4d605d)
Start importing Assets/Standard Assets/ParticleSystems/Prefabs/Smoke.prefab using Guid(921a3ff88856fe04ebc86b196fd8cc59) Importer(2089858483,b0f066a214c2f5e87bad3c948f4d605d) (ScriptedImporter) -> (Import Result ID: '754bbe6c18edb7a596e9385215a170ba') in 0.0289846 seconds [static and dynamic dependencies]. Details - ImportResultOutputID=4903dee4af3b90bcb981e692e91ce68b DependenciesID=c6058efa5fdfe9fe197d74c72b273d09 StaticDependenciesID=648825bad15b8a0974bee021e2812b9a 
Number of updated asset objects reloaded before import = 0Number of asset objects unloaded after import = 8

========================================================================
Received Import Request.
  Time since last request: 0.000017 seconds.
  path: Assets/Standard Assets/2D/Sprites/RobotBoyRunSprite.png
  importAddress: Guid(803baf1ea73913f46b25e07d0a79df22) Importer(2089858483,b0f066a214c2f5e87bad3c948f4d605d)
Start importing Assets/Standard Assets/2D/Sprites/RobotBoyRunSprite.png using Guid(803baf1ea73913f46b25e07d0a79df22) Importer(2089858483,b0f066a214c2f5e87bad3c948f4d605d) (ScriptedImporter) -> (Import Result ID: 'b8c0449b8d28b96dbeb4480ed938bf2c') in 0.0226835 seconds [static and dynamic dependencies]. Details - ImportResultOutputID=8dee9e1f229c1d5ca92082ca31982f9a DependenciesID=3fdacda90309f9767229fb4361155dd4 StaticDependenciesID=69bb58a19742ea531b2047a98ab0b682 
Number of updated asset objects reloaded before import = 0Number of asset objects unloaded after import = 18

========================================================================
Received Import Request.
  Time since last request: 0.000028 seconds.
  path: Assets/TextMesh Pro/Resources/TMP Settings.asset
  importAddress: Guid(3f5b5dff67a942289a9defa416b206f3) Importer(2089858483,b0f066a214c2f5e87bad3c948f4d605d)
Start importing Assets/TextMesh Pro/Resources/TMP Settings.asset using Guid(3f5b5dff67a942289a9defa416b206f3) Importer(2089858483,b0f066a214c2f5e87bad3c948f4d605d) (ScriptedImporter) -> (Import Result ID: '4fc47ab912c2117b9d7198f8440b4a9c') in 0.0306896 seconds [static and dynamic dependencies]. Details - ImportResultOutputID=c6040f1780b7b4d32425ab2521f6590a DependenciesID=f3e60b84336d94a8237df869193c4986 StaticDependenciesID=3ead17a202abed5d2f9b1b9b2195a906 
Number of updated asset objects reloaded before import = 0Number of asset objects unloaded after import = 15

========================================================================
Received Import Request.
  Time since last request: 0.000020 seconds.
  path: Assets/Standard Assets/ParticleSystems/Materials/ParticleFirework.mat
  importAddress: Guid(9f3080141f1f64197825663e067f94f8) Importer(2089858483,b0f066a214c2f5e87bad3c948f4d605d)
Start importing Assets/Standard Assets/ParticleSystems/Materials/ParticleFirework.mat using Guid(9f3080141f1f64197825663e067f94f8) Importer(2089858483,b0f066a214c2f5e87bad3c948f4d605d) (ScriptedImporter) -> (Import Result ID: '8d3e31111266dafd98cb83f0b2b53387') in 0.0085806 seconds [static and dynamic dependencies]. Details - ImportResultOutputID=ce643d437a49cda4ee2914808a862a53 DependenciesID=0acb9fb2d644b094712f91eb503195a0 StaticDependenciesID=1f18dae515b0bf67a95c0eb2ea65013d 
Number of updated asset objects reloaded before import = 0Number of asset objects unloaded after import = 2

========================================================================
Received Import Request.
  Time since last request: 0.000018 seconds.
  path: Assets/TextMesh Pro/Resources/Shaders/TMP_Bitmap.shader
  importAddress: Guid(128e987d567d4e2c824d754223b3f3b0) Importer(2089858483,b0f066a214c2f5e87bad3c948f4d605d)
Start importing Assets/TextMesh Pro/Resources/Shaders/TMP_Bitmap.shader using Guid(128e987d567d4e2c824d754223b3f3b0) Importer(2089858483,b0f066a214c2f5e87bad3c948f4d605d) (ScriptedImporter) -> (Import Result ID: '59f2b8e35035c73fe44be6c292fe73e8') in 0.0085289 seconds [static and dynamic dependencies]. Details - ImportResultOutputID=7485ec5e6e1d59c02288987c2687a68b DependenciesID=a58fbf0a320f2b1f8e84e30074921eec StaticDependenciesID=3f5427aadabf111f7ecbb93f824d0d8a 
Number of updated asset objects reloaded before import = 0Number of asset objects unloaded after import = 1

========================================================================
Received Import Request.
  Time since last request: 0.000016 seconds.
  path: Assets/Standard Assets/2D/Sprites/RobotBoyCrouchSprite.png
  importAddress: Guid(d40c191aa46654db7a426d6a1fa3aa30) Importer(2089858483,b0f066a214c2f5e87bad3c948f4d605d)
Start importing Assets/Standard Assets/2D/Sprites/RobotBoyCrouchSprite.png using Guid(d40c191aa46654db7a426d6a1fa3aa30) Importer(2089858483,b0f066a214c2f5e87bad3c948f4d605d) (ScriptedImporter) -> (Import Result ID: 'ea3f977f802aac1e368270fe02657c83') in 0.0245186 seconds [static and dynamic dependencies]. Details - ImportResultOutputID=4470401b781ea13fa15153734a30a3a7 DependenciesID=ee94560c204a08b54cb6d92a94a2ce4b StaticDependenciesID=5832d0a09b939c7d690c8e850c6445d8 
Number of updated asset objects reloaded before import = 0Number of asset objects unloaded after import = 23

========================================================================
Received Import Request.
  Time since last request: 0.000019 seconds.
  path: Assets/Standard Assets/CrossPlatformInput/Scripts/PlatformSpecific/StandaloneInput.cs
  importAddress: Guid(9961032f4f02c4f41997c3ea399d2f22) Importer(2089858483,b0f066a214c2f5e87bad3c948f4d605d)
Start importing Assets/Standard Assets/CrossPlatformInput/Scripts/PlatformSpecific/StandaloneInput.cs using Guid(9961032f4f02c4f41997c3ea399d2f22) Importer(2089858483,b0f066a214c2f5e87bad3c948f4d605d) (ScriptedImporter) -> (Import Result ID: '64e41436a65e5608090d9c681438f5e2') in 0.0076304 seconds [static and dynamic dependencies]. Details - ImportResultOutputID=550ca6e68c4009cfe37c0e0610cef89c DependenciesID=e6c87c14c59f9169b975e9a3481d1d21 StaticDependenciesID=943ffced5525c92dca68f48a9b9eb0a4 
Number of updated asset objects reloaded before import = 0Number of asset objects unloaded after import = 0

========================================================================
Received Import Request.
  Time since last request: 0.000073 seconds.
  path: Assets/Standard Assets/Cameras/Scripts/AutoCam.cs
  importAddress: Guid(a8d3968294210ba4a9d2bb96dfa74a16) Importer(2089858483,b0f066a214c2f5e87bad3c948f4d605d)
Start importing Assets/Standard Assets/Cameras/Scripts/AutoCam.cs using Guid(a8d3968294210ba4a9d2bb96dfa74a16) Importer(2089858483,b0f066a214c2f5e87bad3c948f4d605d) (ScriptedImporter) -> (Import Result ID: '9d92115f4db9e5278e3d5f9da74eaeca') in 0.0065734 seconds [static and dynamic dependencies]. Details - ImportResultOutputID=cd93438f0017a0292167732f49b0fcbb DependenciesID=bd33bc6b458352c0c05c678c6fb3819d StaticDependenciesID=419ffbee117feda46dead11e64eceef6 
Number of updated asset objects reloaded before import = 0Number of asset objects unloaded after import = 0

========================================================================
Received Prepare
Begin MonoManager ReloadAssembly
ADTM: Control thread waiting for realtime thread timed out, have to lock...
Assembly Assembly-CSharp-Editor.dll at Library/ScriptAssemblies/Assembly-CSharp-Editor.dll not valid. Loading of assembly skipped.
Assembly DocCodeExamples.dll at Library/ScriptAssemblies/DocCodeExamples.dll not valid. Loading of assembly skipped.
Assembly TestNewCustomAssembly.dll at Library/ScriptAssemblies/TestNewCustomAssembly.dll not valid. Loading of assembly skipped.
Assembly Unity.Multiplayer.Center.Editor.Tests.dll at Library/ScriptAssemblies/Unity.Multiplayer.Center.Editor.Tests.dll not valid. Loading of assembly skipped.
Assembly Unity.Multiplayer.Center.Tests.dll at Library/ScriptAssemblies/Unity.Multiplayer.Center.Tests.dll not valid. Loading of assembly skipped.
Assembly Unity.Postprocessing.Editor.Tests.dll at Library/ScriptAssemblies/Unity.Postprocessing.Editor.Tests.dll not valid. Loading of assembly skipped.
Assembly Unity.Postprocessing.Runtime.Tests.dll at Library/ScriptAssemblies/Unity.Postprocessing.Runtime.Tests.dll not valid. Loading of assembly skipped.
Assembly Unity.TextMeshPro.Editor.Tests.dll at Library/ScriptAssemblies/Unity.TextMeshPro.Editor.Tests.dll not valid. Loading of assembly skipped.
Assembly Unity.TextMeshPro.Tests.dll at Library/ScriptAssemblies/Unity.TextMeshPro.Tests.dll not valid. Loading of assembly skipped.
Assembly UnityEditor.UI.Common.Tests.dll at Library/ScriptAssemblies/UnityEditor.UI.Common.Tests.dll not valid. Loading of assembly skipped.
Assembly UnityEditor.UI.EditorTests.dll at Library/ScriptAssemblies/UnityEditor.UI.EditorTests.dll not valid. Loading of assembly skipped.
Assembly UnityEngine.UI.Tests.dll at Library/ScriptAssemblies/UnityEngine.UI.Tests.dll not valid. Loading of assembly skipped.
Native extension for WindowsStandalone target not found
[Package Manager] Failed to launch server process. Reason: Unity was launched with the -noUpm command-line argument
[Package Manager] Unable to send message (not connected to server process).
[Package Manager] Cannot connect to Unity Package Manager local server
[Package Manager] Failed to launch server process. Reason: Unity was launched with the -noUpm command-line argument
[Package Manager] Unable to send message (not connected to server process).
[Package Manager] Cannot connect to Unity Package Manager local server
ScheduleIndexationOnStartup MainProcess:False IndexOnStartup:True
Mono: successfully reloaded assembly
- Finished resetting the current domain, in  0.471 seconds
Domain Reload Profiling: 2000ms
	BeginReloadAssembly (1200ms)
		DisableScriptedObjects (4ms)
		CreateAndSetChildDomain (1055ms)
	RebuildCommonClasses (41ms)
	RebuildNativeTypeToScriptingClass (15ms)
	initialDomainReloadingComplete (51ms)
	LoadAllAssembliesAndSetupDomain (222ms)
		LoadAssemblies (240ms)
		AnalyzeDomain (84ms)
			TypeCache.Refresh (7ms)
			BuildScriptInfoCaches (72ms)
			ResolveRequiredComponents (4ms)
	FinalizeReload (471ms)
		SetupLoadedEditorAssemblies (0ms)
			BeforeProcessingInitializeOnLoad (94ms)
			ProcessInitializeOnLoadAttributes (202ms)
			ProcessInitializeOnLoadMethodAttributes (43ms)
			AfterProcessingInitializeOnLoad (7ms)
		AwakeInstancesAfterBackupRestoration (6ms)
WARNING: Shader Unsupported: 'Toon/Lit Outline' - All subshaders removed
WARNING: Shader Did you use #pragma only_renderers and omit this platform?
WARNING: Shader If subshaders removal was intentional, you may have forgotten turning Fallback off?
WARNING: Shader Unsupported: 'Toon/Basic Outline' - All subshaders removed
WARNING: Shader Did you use #pragma only_renderers and omit this platform?
WARNING: Shader If subshaders removal was intentional, you may have forgotten turning Fallback off?
Unloading 17 Unused Serialized files (Serialized files now loaded: 0)
Unloading 2274 unused Assets / (2.8 MB). Loaded Objects now: 2919.
Memory consumption went from 103.8 MB to 101.1 MB.
Total: 6.982700 ms (FindLiveObjects: 0.273100 ms CreateObjectMapping: 0.096200 ms MarkObjects: 4.940100 ms  DeleteObjects: 1.672400 ms)

Prepare: number of updated asset objects reloaded= 11
Editor requested this worker to shutdown with reason: Scaling down because of idle timeout
AssetImportWorker is now disconnected from the server
Process exiting
Exiting without the bug reporter. Application will terminate with return code 0